roster,year,members,alive,not_trading,unresolved,not_trading_pct
russell_3000_ticker_history,2004,2999,2061,544,394,20.9
russell_3000_ticker_history,2005,2999,2148,457,394,17.5
russell_3000_ticker_history,2006,2999,2236,369,394,14.2
russell_3000_ticker_history,2007,2999,2346,259,394,9.9
russell_3000_ticker_history,2008,2999,2367,238,394,9.1
russell_3000_ticker_history,2009,2999,2411,194,394,7.4
russell_3000_ticker_history,2010,2999,2452,153,394,5.9
russell_3000_ticker_history,2011,2999,2370,235,394,9.0
russell_3000_ticker_history,2012,2974,2366,218,390,8.4
russell_3000_ticker_history,2013,2974,2265,319,390,12.3
russell_3000_ticker_history,2014,2974,2169,415,390,16.1
russell_3000_ticker_history,2015,2974,2092,492,390,19.0
russell_3000_ticker_history,2016,3008,2474,205,329,7.7
russell_3000_ticker_history,2017,3007,2502,209,296,7.7
russell_3000_ticker_history,2018,2975,2478,198,299,7.4
russell_3000_ticker_history,2019,2964,2462,186,316,7.0
russell_3000_ticker_history,2020,2962,2558,156,248,5.7
russell_3000_ticker_history,2021,3011,2690,110,211,3.9
russell_3000_ticker_history,2022,3011,2679,129,203,4.6
russell_3000_ticker_history,2023,3010,2753,112,145,3.9
russell_3000_ticker_history,2024,3124,2790,203,131,6.8
russell_3000_ticker_history,2025,3199,2794,289,116,9.4
russell_3000_ticker_history,2026,3322,2788,418,116,13.0
russell_2000_ticker_history,2004,1981,1165,545,271,31.9
russell_2000_ticker_history,2005,1981,1219,491,271,28.7
russell_2000_ticker_history,2006,1981,1269,441,271,25.8
russell_2000_ticker_history,2007,1981,1338,372,271,21.8
russell_2000_ticker_history,2008,1981,1352,358,271,20.9
russell_2000_ticker_history,2009,1981,1376,334,271,19.5
russell_2000_ticker_history,2010,1981,1448,262,271,15.3
russell_2000_ticker_history,2011,1981,1498,212,271,12.4
russell_2000_ticker_history,2012,1981,1576,134,271,7.8
russell_2000_ticker_history,2013,1981,1611,99,271,5.8
russell_2000_ticker_history,2014,1981,1554,156,271,9.1
russell_2000_ticker_history,2015,1974,1566,140,268,8.2
russell_2000_ticker_history,2016,1974,1483,223,268,13.1
russell_2000_ticker_history,2017,1974,1384,322,268,18.9
russell_2000_ticker_history,2018,1974,1280,426,268,25.0
russell_2000_ticker_history,2019,2021,1657,136,228,7.6
russell_2000_ticker_history,2020,1971,1652,121,198,6.8
russell_2000_ticker_history,2021,1971,1586,187,198,10.5
russell_2000_ticker_history,2022,1999,1682,97,220,5.5
russell_2000_ticker_history,2023,2007,1737,92,178,5.0
russell_2000_ticker_history,2024,2007,1658,171,178,9.3
russell_2000_ticker_history,2025,2007,1588,241,178,13.2
russell_2000_ticker_history,2026,2007,1490,339,178,18.5
