year,needed_priority,best_source_type,status,url,what_it_gives,notes
2004,high,company_pr/context,lead,https://www.plansponsor.com/russell-reconstituting-investment-indexes/,"Confirms official 2004 final membership list release timing","Article says Russell would post new constituents on July 6 after 2004 reconstitution; not the list itself."
2004,high,company_pr/context,lead,https://s21.q4cdn.com/107231992/files/doc_news/2004/07/1/NNI_News_2004_7_7_Financial.pdf,"Single-company confirmation for Russell 2000/3000 membership","Useful only as supplemental evidence, not full universe."
2005,high,research_citation,lead,https://papers.ssrn.com/sol3/Delivery.cfm/SSRN_ID2287934_code1839827.pdf?abstractid=2287934&mirid=1,"Citation to Frank Russell membership list as of 2005-06-24","Confirms an official corporate publication existed; no attached full list found yet."
2005,high,research_citation,lead,https://escholarship.org/content/qt5j2048fm/qt5j2048fm.pdf,"Citation to Frank Russell membership list as of 2005-06-24","Independent citation of same 2005 official list."
2005,high,research_pdf,collected,https://www.etf.com/docs/20050608_NT_Russell_Recon_Research.pdf,"Northern Trust 2005 Russell reconstitution analysis","Collected from manual Scribd bundle; gives Russell reconstitution counts/context but not a full constituent list."
2006,high,research_citation,lead,https://escholarship.org/content/qt5j2048fm/qt5j2048fm_noSplash_c12f0d84124ca182e4c2347c81043280.pdf?t=ml51gk,"Mentions using Russell 3000 membership lists from 2004-2006","Evidence that 2004-2006 lists circulated in academic work; no raw full list found."
2006,high,corporate_ir_pdf,collected,https://media.corporate-ir.net/media_files/irol/65/65508/Russell3000.pdf,"Russell 3000 additions as of June 16 2006","Downloaded mirrored PDF and extracted 237 unique ticker additions; not a full membership anchor."
2007,high,methodology/context,lead,https://www.lseg.com/content/dam/ftse-russell/en_us/documents/research/the_russell_3000_index_-_rigor__precision_and_predictable_coverage_1.pdf,"Methodology/history context including 2007 banding change","Not a constituent source."
2007,high,nasdaq_issuer_alert,collected,https://listingcenter.nasdaq.com/assets/rulebook/nasdaq/rules/Issuer_Alert_2007-004.pdf,"Official schedule for 2007 Russell reconstitution","Downloaded; confirms preliminary additions/deletions and final membership list posting dates, but not the list itself."
2007,high,research_pdf,collected,https://www.etf.com/docs/russellreconsititution_2007.pdf,"Projected 2007 R1000/R2000 additions/deletions and 2005/2006 comparison counts","Collected from manual Scribd bundle; not a full constituent list."
2007,high,secondary_blog,lead,https://ritholtz.com/2007/06/russell-indices-rebalance-today/,"2007 Russell 3000 additions count","Reports 277 additions in 2007 versus 237 in 2006; no full ticker list."
2008,high,research_context,lead,https://www.mercatus.org/sites/default/files/d7/stratmann-wp-v1.01-copy.pdf,"Paper discusses Russell 3000 membership list dated spring 2009 and excludes tickers not traded in 2008","Potential route to author data, not a source list."
2008,high,nasdaq_issuer_alert,collected,https://listingcenter.nasdaq.com/assets/rulebook/nasdaq/rules/Issuer_Alert_2008-003.pdf,"Official schedule for 2008 Russell reconstitution","Downloaded; confirms preliminary additions/deletions and final membership list posting dates, but not the list itself."
2008,high,secondary_news,lead,https://www.plansponsor.com/Russell-Rolls-Out-Reconstitution-Roundup/,"2008 Russell 3000 preliminary posting context","Says Russell would post probable additions/deletions after market close on 2008-06-13; no raw list."
2009,high,research_context,lead,https://www.mercatus.org/sites/default/files/d7/stratmann-wp-v1.01-copy.pdf,"Confirms a spring 2009 Russell 3000 membership list was used","No raw list found yet."
2009,high,secondary_news,lead,https://www.plansponsor.com/indexes-bounce-back-in-2009/,"2009 Russell reconstitution context","Gives 2009 reconstitution date and Russell 3000 market-cap context; no constituent list."
2009,high,company_pr,lead,https://investor.insmed.com/2009-06-30-Insmed-Announces-Addition-to-the-Russell-3000-R-Index,"Single-company 2009 Russell 3000/Microcap addition confirmation","Supplemental ticker evidence only, not a broad list."
2010,medium,secondary_scribd,collected,https://www.scribd.com/doc/36713399/Russell-3000-Membership-List,"Russell 3000 membership list as of 2010-06-28","Browser-rendered Scribd page extracted to 2,995 unique ticker rows."
2009-2026,medium,official_lseg_context,context,https://www.lseg.com/en/ftse-russell/russell-reconstitution,"Historical Russell US Indexes market-cap ranges and member-count context","Useful for validation ranges/count sanity, not constituent membership."
2012,medium,secondary_yumpu,partial_unvalidated,https://www.yumpu.com/en/document/view/4286430/russell-3000-index-membership-list-russell-investments,"Russell 3000 membership list as of 2012-06-25","Yumpu text is available but lacks row delimiters; rough extraction produced 2,207 rows and needs cleanup before use."
2013,medium,secondary_scribd_r2000,partial,https://www.scribd.com/doc/220504772/Russell-2000-Membership-List-2013,"Russell 2000 membership list as of 2013-06-28","Can help Russell 2000, but not full Russell 3000."
2013,medium,forum_context,lead,https://www.financialwisdomforum.org/forum/viewtopic.php?t=115710,"Forum references Russell 3000 membership list download around Dec 2012/2013","May expose old download link if page is inspected manually."
2014,medium,secondary_scribd,partial,https://www.scribd.com/doc/265365379/Russell-Membership-2014,"Russell 2000 membership list as of 2014-06-27","Downloaded and extracted 1,973 unique symbols; source text identifies Russell 2000, not Russell 3000."
2015,medium,secondary_scribd,collected,https://www.scribd.com/doc/307006661/Russell-3000-Membership-List,"Russell 3000 membership list as of 2015-06-26","Downloaded JSONP page assets and extracted 2,940 unique symbols."
2016,medium,forum_attachment_pdf,collected,https://www.elitetrader.com/et/threads/russel-3k-company-list-in-csv-free.304983/,"Russell 3000 membership list as of 2016-06-27","Downloaded attached PDF and extracted 2,991 unique ticker symbols."
2016,medium,secondary_scribd,lead,https://www.scribd.com/document/462853633/ru3000-membershiplist-20160627,"Russell 3000 membership list as of 2016-06-27","Search result says over 3,000 listings in two columns; now secondary cross-check only."
2017,medium,secondary_scribd,collected,https://www.scribd.com/document/462854716/ru3000-membershiplist-20170626,"Russell 3000 membership list as of 2017-06-26","Downloaded JSONP page assets and decoded custom-font text to 2,975 unique symbols."
2018,medium,secondary_scribd,collected,https://www.scribd.com/document/462854649/ru3000-membershiplist-20180625-0,"Russell 3000 membership list as of 2018-06-25","Downloaded JSONP page assets and decoded custom-font text to 2,964 unique symbols."
2019,medium,secondary_scribd,collected,https://www.scribd.com/document/462854682/RU3000-MembershipList-20190701,"Russell 3000 membership list as of 2019-07-01","Downloaded JSONP page assets and decoded custom-font text to 2,950 unique symbols."
2020,medium,secondary_scribd,collected,https://www.scribd.com/document/523728362/ru3000-membershiplist-20200629,"Russell 3000 membership list as of 2020-06-29","Downloaded JSONP page assets and extracted 3,011 unique symbols."
2020,medium,secondary_scribd_delta,lead,https://www.scribd.com/document/499594281/Russel-3000-deletions-2020,"Russell 3000 deletions 2020","Downloaded raw page assets; readable web text lists preliminary deletions with company, ticker, sector."
2020,medium,official_ftse_notice,collected,https://research.ftserussell.com/products/index-notices/home/getnotice/?id=2596770,"Russell 3000 correction actions","Downloaded and parsed."
2020,medium,official_ftse_notice,collected,https://research.ftserussell.com/products/index-notices/home/getnotice?id=2596791,"Russell 3000 correction actions","Downloaded and parsed."
2021,medium,secondary_scribd,collected,https://www.scribd.com/document/523728361/ru3000-membershiplist-20210628,"Russell 3000 membership list as of 2021-06-28","Downloaded JSONP page assets and extracted 3,011 unique symbols."
2021,medium,secondary_scribd_delta,lead,https://www.scribd.com/document/534569405/russell-3000-index-additions-2021,"Russell 3000 additions 2021","Downloaded raw page assets; extraction still optional because full 2021 membership anchor is now collected."
2021,medium,official_ftse_notice,collected,https://research.ftserussell.com/products/index-notices/home/getnotice?id=2600634,"Russell 3000 correction actions","Downloaded and parsed."
2021,medium,nyse_context,context,https://www.nyse.com/publicdocs/nyse/markets/nyse/rule-interpretations/2021/NYSE%20Number%2021-03%20Russell%20Reconstitution%20-%20Final.pdf,"Confirms 2021 preliminary list timing and effective date","NYSE memo is not a member list."
2022,medium,secondary_scribd,collected,https://www.scribd.com/document/628061432/ru3000-membershiplist-20220624-0,"Russell 3000 membership list as of 2022-06-24","Browser-rendered Scribd page plus JSONP page payloads extracted to 3,010 unique ticker rows."
2022,medium,referenced_official_url,blocked,https://content.ftserussell.com/sites/default/files/ru3000_membershiplist_20220624_0.pdf,"Original FTSE-hosted membership-list URL","Direct endpoint currently returns 403/404 depending host."
2022,medium,official_ftse_notice,collected,https://research.ftserussell.com/products/index-notices/home/getnotice/?id=2604603,"Russell 3000 correction actions","Downloaded and parsed."
2022,medium,official_ftse_notice,collected,https://research.ftserussell.com/products/index-notices/home/getnotice/?id=2604608,"Russell 3000 correction actions","Downloaded and parsed."
2022,medium,official_ftse_notice,collected,https://research.ftserussell.com/products/index-notices/home/getnotice/?id=2604628,"Russell 3000 correction actions","Downloaded and parsed."
