index,year,jan1_count,final_count,change_dates,status,path
russell3000,2004,2999,2999,0,backfilled_scaffold_from_2010_anchor,src\russell_3000_ticker_history\russell-3000-ticker-changes-2004.yaml
russell3000,2005,2999,2999,0,backfilled_scaffold_from_2010_anchor,src\russell_3000_ticker_history\russell-3000-ticker-changes-2005.yaml
russell3000,2006,2999,2999,0,backfilled_scaffold_from_2010_anchor,src\russell_3000_ticker_history\russell-3000-ticker-changes-2006.yaml
russell3000,2007,2999,2999,0,backfilled_scaffold_from_2010_anchor,src\russell_3000_ticker_history\russell-3000-ticker-changes-2007.yaml
russell3000,2008,2999,2999,0,backfilled_scaffold_from_2010_anchor,src\russell_3000_ticker_history\russell-3000-ticker-changes-2008.yaml
russell3000,2009,2999,2999,0,backfilled_scaffold_from_2010_anchor,src\russell_3000_ticker_history\russell-3000-ticker-changes-2009.yaml
russell3000,2010,2999,2999,0,public_membership_anchor,src\russell_3000_ticker_history\russell-3000-ticker-changes-2010.yaml
russell3000,2011,2999,2974,1,public_membership_anchor,src\russell_3000_ticker_history\russell-3000-ticker-changes-2011.yaml
russell3000,2012,2974,2974,0,carried_forward_no_direct_public_anchor,src\russell_3000_ticker_history\russell-3000-ticker-changes-2012.yaml
russell3000,2013,2974,2974,0,carried_forward_no_direct_public_anchor,src\russell_3000_ticker_history\russell-3000-ticker-changes-2013.yaml
russell3000,2014,2974,2974,0,carried_forward_no_direct_public_anchor,src\russell_3000_ticker_history\russell-3000-ticker-changes-2014.yaml
russell3000,2015,2974,3008,1,public_membership_anchor,src\russell_3000_ticker_history\russell-3000-ticker-changes-2015.yaml
russell3000,2016,3008,3007,1,public_membership_anchor,src\russell_3000_ticker_history\russell-3000-ticker-changes-2016.yaml
russell3000,2017,3007,2975,1,public_membership_anchor,src\russell_3000_ticker_history\russell-3000-ticker-changes-2017.yaml
russell3000,2018,2975,2964,1,public_membership_anchor,src\russell_3000_ticker_history\russell-3000-ticker-changes-2018.yaml
russell3000,2019,2964,2962,1,public_membership_anchor,src\russell_3000_ticker_history\russell-3000-ticker-changes-2019.yaml
russell3000,2020,2962,3011,1,public_membership_anchor,src\russell_3000_ticker_history\russell-3000-ticker-changes-2020.yaml
russell3000,2021,3011,3011,1,public_membership_anchor,src\russell_3000_ticker_history\russell-3000-ticker-changes-2021.yaml
russell3000,2022,3011,3010,1,public_membership_anchor,src\russell_3000_ticker_history\russell-3000-ticker-changes-2022.yaml
russell3000,2023,3010,3124,1,public_delta_derived_from_prior_anchor,src\russell_3000_ticker_history\russell-3000-ticker-changes-2023.yaml
russell3000,2024,3124,3199,1,public_delta_derived_from_prior_anchor,src\russell_3000_ticker_history\russell-3000-ticker-changes-2024.yaml
russell3000,2025,3199,3322,3,public_delta_derived_from_prior_anchor,src\russell_3000_ticker_history\russell-3000-ticker-changes-2025.yaml
russell3000,2026,3322,3442,2,public_delta_derived_from_prior_anchor,src\russell_3000_ticker_history\russell-3000-ticker-changes-2026.yaml
russell2000,2004,1981,1981,0,backfilled_scaffold_from_2013_anchor,src\russell_2000_ticker_history\russell-2000-ticker-changes-2004.yaml
russell2000,2005,1981,1981,0,backfilled_scaffold_from_2013_anchor,src\russell_2000_ticker_history\russell-2000-ticker-changes-2005.yaml
russell2000,2006,1981,1981,0,backfilled_scaffold_from_2013_anchor,src\russell_2000_ticker_history\russell-2000-ticker-changes-2006.yaml
russell2000,2007,1981,1981,0,backfilled_scaffold_from_2013_anchor,src\russell_2000_ticker_history\russell-2000-ticker-changes-2007.yaml
russell2000,2008,1981,1981,0,backfilled_scaffold_from_2013_anchor,src\russell_2000_ticker_history\russell-2000-ticker-changes-2008.yaml
russell2000,2009,1981,1981,0,backfilled_scaffold_from_2013_anchor,src\russell_2000_ticker_history\russell-2000-ticker-changes-2009.yaml
russell2000,2010,1981,1981,0,backfilled_scaffold_from_2013_anchor,src\russell_2000_ticker_history\russell-2000-ticker-changes-2010.yaml
russell2000,2011,1981,1981,0,backfilled_scaffold_from_2013_anchor,src\russell_2000_ticker_history\russell-2000-ticker-changes-2011.yaml
russell2000,2012,1981,1981,0,backfilled_scaffold_from_2013_anchor,src\russell_2000_ticker_history\russell-2000-ticker-changes-2012.yaml
russell2000,2013,1981,1981,0,public_membership_anchor,src\russell_2000_ticker_history\russell-2000-ticker-changes-2013.yaml
russell2000,2014,1981,1974,1,public_membership_anchor,src\russell_2000_ticker_history\russell-2000-ticker-changes-2014.yaml
russell2000,2015,1974,1974,0,carried_forward_no_direct_public_anchor,src\russell_2000_ticker_history\russell-2000-ticker-changes-2015.yaml
russell2000,2016,1974,1974,0,carried_forward_no_direct_public_anchor,src\russell_2000_ticker_history\russell-2000-ticker-changes-2016.yaml
russell2000,2017,1974,1974,0,carried_forward_no_direct_public_anchor,src\russell_2000_ticker_history\russell-2000-ticker-changes-2017.yaml
russell2000,2018,1974,2021,1,public_membership_anchor,src\russell_2000_ticker_history\russell-2000-ticker-changes-2018.yaml
russell2000,2019,2021,1971,1,public_membership_anchor,src\russell_2000_ticker_history\russell-2000-ticker-changes-2019.yaml
russell2000,2020,1971,1971,0,carried_forward_no_direct_public_anchor,src\russell_2000_ticker_history\russell-2000-ticker-changes-2020.yaml
russell2000,2021,1971,1999,1,public_membership_anchor,src\russell_2000_ticker_history\russell-2000-ticker-changes-2021.yaml
russell2000,2022,1999,2007,1,public_membership_anchor,src\russell_2000_ticker_history\russell-2000-ticker-changes-2022.yaml
russell2000,2023,2007,2007,0,carried_forward_no_direct_public_anchor,src\russell_2000_ticker_history\russell-2000-ticker-changes-2023.yaml
russell2000,2024,2007,2007,0,carried_forward_no_direct_public_anchor,src\russell_2000_ticker_history\russell-2000-ticker-changes-2024.yaml
russell2000,2025,2007,2007,0,carried_forward_no_direct_public_anchor,src\russell_2000_ticker_history\russell-2000-ticker-changes-2025.yaml
russell2000,2026,2007,2007,0,carried_forward_no_direct_public_anchor,src\russell_2000_ticker_history\russell-2000-ticker-changes-2026.yaml
