year,coverage,index,source_kind,status,url,notes
2021,full membership,Russell 3000,secondary_scribd,collected,https://www.scribd.com/document/523728361/ru3000-membershiplist-20210628,Downloaded Scribd page JSONP assets and extracted 3011 unique ticker rows.
2020,full membership,Russell 3000,secondary_scribd,collected,https://www.scribd.com/document/523728362/ru3000-membershiplist-20200629,Downloaded Scribd page JSONP assets and extracted 3011 unique ticker rows.
2010,full membership,Russell 3000,secondary_scribd,collected,https://www.scribd.com/doc/36713399/Russell-3000-Membership-List,Browser-rendered Scribd page exposed the Russell Investments 2010 membership list and extracted to 2995 unique ticker rows.
2006,annual additions,Russell 3000,corporate_ir_pdf,collected,https://media.corporate-ir.net/media_files/irol/65/65508/Russell3000.pdf,Mirrored Russell 3000 additions PDF says companies joined at close on 2006-06-16 and final membership lists would be posted July 3; extracted 237 unique ticker rows.
2026,annual additions/deletions,Russell 3000,official_lseg,collected,https://www.lseg.com/en/ftse-russell/russell-reconstitution,Current LSEG reconstitution page links final 2026 PDFs.
2026,Q1 IPO additions,Russell 3000,official_lseg,collected,https://www.lseg.com/en/ftse-russell/russell-reconstitution/ipo-additions,Current LSEG IPO page links 1Q 2026 Russell 3000 PDF.
2025,annual additions/deletions,Russell 3000,official_lseg,collected,https://www.lseg.com/content/dam/ftse-russell/en_us/documents/other/ru3000-additions-20250627.pdf,Final additions PDF found through LSEG/search.
2025,Q3 IPO additions,Russell 3000,official_lseg,collected,https://www.lseg.com/content/dam/ftse-russell/en_us/documents/other/final-ipo-additions-3-qtr-r3000.pdf,Official LSEG PDF found by direct search.
2025,Q4 IPO additions,Russell 3000,official_lseg,collected,https://www.lseg.com/content/dam/ftse-russell/en_us/documents/other/final-ipo-additions-4-qtr-r3000.pdf,Official LSEG PDF found by direct search.
2024,annual additions/deletions,Russell 3000,official_lseg,collected,https://www.lseg.com/en/media-centre/press-releases/ftse-russell/2024/russell-reconstitution-2024-schedule,Schedule page plus final PDFs collected.
2023,annual additions/deletions,Russell 3000,official_lseg,collected,https://www.lseg.com/en/media-centre/press-releases/ftse-russell/2023/ftse-russell-announces-2023-russell-us-indexes-reconstitution-schedule,Schedule page plus final PDFs collected.
2022,full membership,Russell 3000,secondary_scribd,collected,https://www.scribd.com/document/628061432/ru3000-membershiplist-20220624-0,Browser-rendered Scribd page exposed the FTSE Russell list text; JSONP page payloads extracted to 3010 unique ticker rows.
2022,full membership,Russell 3000,referenced_url,blocked,https://content.ftserussell.com/sites/default/files/ru3000_membershiplist_20220624_0.pdf,Referenced by an academic PDF but current direct download returns 403/404 depending host variant.
2022,membership corrections,Russell 3000,official_ftse_notice,lead,https://research.ftserussell.com/products/index-notices/home/getnotice/?id=2604603,07 June 2022 correction notice; contains direct add/delete ticker amendments.
2022,membership corrections,Russell 3000,official_ftse_notice,lead,https://research.ftserussell.com/products/index-notices/home/getnotice/?id=2604608,08 June 2022 correction notice; contains direct add/delete ticker amendments.
2022,membership corrections,Russell 3000,official_ftse_notice,lead,https://research.ftserussell.com/products/index-notices/home/getnotice/?id=2604628,10 June 2022 correction notice; contains direct add/delete ticker amendments.
2021,annual additions,Russell 3000,secondary_scribd,lead,https://www.scribd.com/document/534569405/russell-3000-index-additions-2021,Downloaded raw page assets; optional extraction/cross-check because full 2021 membership anchor is collected.
2011,full membership,Russell 3000,github_gist,collected,https://gist.github.com/huned/2656915,Ticker-only Russell 3000 list as of 2011-06-27; downloaded to source_raw/github_gists/russell_3000_2011-06-27.csv with 2975 nonblank rows.
2011,full membership,Russell 3000,secondary_pdfcoffee,lead,https://pdfcoffee.com/russell3000-membership-list-2011-pdf-free.html,HTML contains citation preview for 06/27/2011 membership list.
2021,reconstitution memo,Russell 3000,nyse_context,context,https://www.nyse.com/publicdocs/nyse/markets/nyse/rule-interpretations/2021/NYSE%20Number%2021-03%20Russell%20Reconstitution%20-%20Final.pdf,NYSE memo confirms 2021 preliminary list timing and effective date; not a membership list.
2021,membership corrections,Russell 3000,official_ftse_notice,lead,https://research.ftserussell.com/products/index-notices/home/getnotice?id=2600634,10 June 2021 correction notice; contains direct add/delete ticker amendments.
2020,full membership,Russell 3000,secondary_scribd,lead,https://www.scribd.com/document/684903962/PDF-Russell-3000-Membership-List-Compress,Search result says 06/28/2010 despite title; useful as 2010 anchor not 2020.
2020,annual deletions,Russell 3000,secondary_scribd,lead,https://www.scribd.com/document/499594281/Russel-3000-deletions-2020,Downloaded raw page assets; readable web text identifies preliminary deletions list.
2020,membership corrections,Russell 3000,official_ftse_notice,lead,https://research.ftserussell.com/products/index-notices/home/getnotice/?id=2596770,11 June 2020 correction notice; contains direct add/delete ticker amendments.
2020,membership corrections,Russell 3000,official_ftse_notice,lead,https://research.ftserussell.com/products/index-notices/home/getnotice?id=2596791,12 June 2020 correction notice; contains direct add/delete ticker amendments.
2019,full membership,Russell 3000,secondary_scribd,collected,https://www.scribd.com/document/462854682/RU3000-MembershipList-20190701,Downloaded Scribd page JSONP assets and decoded custom-font text to 2950 unique ticker rows.
2019,reconstitution schedule,Russell US Indexes,official_ftse_notice,context,https://research.ftserussell.com/products/index-notices/home/getnotice/?id=2592146,Official 2019 annual reconstitution schedule; confirms preliminary/final timing and DDS files.
2019,quarterly/annual timetable,Russell US Indexes,official_ftse_notice,context,https://research.ftserussell.com/products/index-notices/home/getnotice/?id=2591615,Official March review and June annual reconstitution timetable.
2018,full membership,Russell 3000,secondary_scribd,collected,https://www.scribd.com/document/462854649/ru3000-membershiplist-20180625-0,Downloaded Scribd page JSONP assets and decoded custom-font text to 2964 unique ticker rows.
2017,full membership,Russell 3000,referenced_url,dead,https://www.ftserussell.com/files/support-documents/2017-ru3000-membership-list,GitHub gist/reddit cite old official endpoint; current endpoint serves HTML fallback.
2017,full membership,Russell 3000,secondary_scribd,collected,https://www.scribd.com/document/462854716/ru3000-membershiplist-20170626,Downloaded Scribd page JSONP assets and decoded custom-font text to 2975 unique ticker rows.
2016,full membership,Russell 3000,forum_attachment_pdf,collected,https://www.elitetrader.com/et/threads/russel-3k-company-list-in-csv-free.304983/,Elite Trader thread has attached ru3000_membershiplist_20160627 PDF; downloaded and extracted 2991 unique tickers.
2016,full membership,Russell 3000,secondary_scribd,lead,https://www.scribd.com/document/462853633/ru3000-membershiplist-20160627,Search result identifies 2016-06-27 Russell 3000 membership list; secondary cross-check only now.
2015,full membership,Russell 3000,secondary_scribd,collected,https://www.scribd.com/doc/307006661/Russell-3000-Membership-List,Downloaded Scribd page JSONP assets and extracted 2940 unique ticker rows.
2014,full membership,Russell 2000,secondary_scribd,partial,https://www.scribd.com/doc/265365379/Russell-Membership-2014,Source is Russell 2000 as of 2014-06-27; extracted 1973 unique ticker rows, not Russell 3000.
2012,full membership,Russell 3000,secondary_yumpu,partial_unvalidated,https://www.yumpu.com/en/document/view/4286430/russell-3000-index-membership-list-russell-investments,Yumpu text is available but lacks row delimiters; rough parser produced 2207 rows and needs cleanup before use.
2011,full membership,Russell 3000,secondary_pdfcoffee,lead,https://pdfcoffee.com/russell3000-membership-list-2011-pdf-free.html,HTML contains full citation preview for 06/27/2011 membership list.
2010,full membership,Russell 3000,secondary_pdfcoffee,lead,https://pdfcoffee.com/russell-3000-membership-list-4-pdf-free.html,HTML contains citation preview for 06/28/2010 membership list.
1989-2019,reconstruction algorithm,Russell 1000/2000/3000,research_github,lead,https://github.com/alemicheli/pyndex,Open-source package from Micheli/Neuman paper reconstructs Russell US indexes using WRDS/CRSP; oldest supported year is 1989.
1989-2019,reconstruction methodology,Russell 1000/2000/3000,research_paper,lead,https://arxiv.org/abs/2006.07456,Paper says methodology reconstructs FTSE Russell indexes using CRSP and compares to original Russell indexes for 1989-2019.
unknown,current-ish stock universe,Russell 3000,kaggle,lead,https://www.kaggle.com/datasets/williecosta/russell-3000-stock-history,Kaggle dataset appears price-history focused rather than official PIT membership; useful only as supplemental symbol/price source.
unknown,current-ish stock universe,Russell 2000,kaggle,lead,https://www.kaggle.com/datasets/motloch/russell-2000,Kaggle dataset found for Russell 2000; requires inspection/download and is not automatically PIT.
2022,full membership,Russell 2000,secondary_scribd,lead,https://www.scribd.com/document/625939617/ru2000-membershiplist-20220624-0-1,Search result identifies direct Russell 2000 membership list as of 2022-06-24; local direct download hits Scribd client challenge and needs browser/JSONP extraction.
2021,full membership,Russell 2000,secondary_scribd,lead,https://www.scribd.com/document/625937993/ru2000-membershiplist-20210628-1,Search result identifies direct Russell 2000 membership list as of 2021-06-28; local direct download hits Scribd client challenge and needs browser/JSONP extraction.
2019,full membership,Russell 2000,secondary_scribd,lead,https://www.scribd.com/document/625938631/RU2000-MembershipList-20190701,Search result identifies direct Russell 2000 membership list as of 2019-07-01; local direct download hits Scribd client challenge and needs browser/JSONP extraction.
2018,full membership,Russell 2000,secondary_scribd,lead,https://www.scribd.com/document/625938539/ru2000-membershiplist-20180625-0,Search result identifies direct Russell 2000 membership list as of 2018-06-25; local direct download hits Scribd client challenge and needs browser/JSONP extraction.
2013,full membership,Russell 2000,secondary_scribd,lead,https://www.scribd.com/doc/220504772/Russell-2000-Membership-List-2013,Direct Russell 2000 membership list for 2013; extraction still pending after reset.
2012,full membership,Russell 2000,secondary_yumpu,lead,https://www.yumpu.com/en/document/view/10906132/russell-2000-index-membership-list-russell-investments,Direct Russell 2000 membership list as of 2012-06-25; web-rendered view exposes row text but local Yumpu HTML packs rows and needs parser cleanup.
2009,reconstitution context,Russell 3000,secondary_news,lead,https://www.plansponsor.com/indexes-bounce-back-in-2009/,Article gives 2009 reconstitution date and Russell 3000 total market cap context; not a constituent list.
2008,reconstitution schedule,Russell 3000/Russell 2000,nasdaq_issuer_alert,collected,https://listingcenter.nasdaq.com/assets/rulebook/nasdaq/rules/Issuer_Alert_2008-003.pdf,Downloaded issuer alert; confirms preliminary additions/deletions schedule and final membership list posting date for R3000/R1000/R2000.
2008,reconstitution schedule,Russell 3000,secondary_news,lead,https://www.plansponsor.com/Russell-Rolls-Out-Reconstitution-Roundup/,Article says Russell would post probable additions/deletions for Russell Global and Russell 3000 after market close on 2008-06-13.
2007,reconstitution schedule,Russell 3000/Russell 2000,nasdaq_issuer_alert,collected,https://listingcenter.nasdaq.com/assets/rulebook/nasdaq/rules/Issuer_Alert_2007-004.pdf,Downloaded issuer alert; confirms preliminary additions/deletions schedule and final membership list posting date for R3000/R1000/R2000.
2007,annual additions count,Russell 3000,secondary_blog,lead,https://ritholtz.com/2007/06/russell-indices-rebalance-today/,Article reports 277 Russell 3000 additions in 2007 versus 237 in 2006; no full ticker list.
2007,reconstitution analysis,Russell 1000/2000/3000,research_pdf,collected,https://www.etf.com/docs/russellreconsititution_2007.pdf,Collected from manual Scribd bundle; Northern Trust/ETF.com bulletin gives projected 2007 R1000/R2000 additions/deletions and 2005/2006 comparison counts.
2005,reconstitution analysis,Russell 1000/2000/3000,research_pdf,collected,https://www.etf.com/docs/20050608_NT_Russell_Recon_Research.pdf,Collected from manual Scribd bundle; Northern Trust analysis reports 131 quarterly IPO additions since June 2004 and expected June 2005 IPO additions by Russell 1000/2000.
2005,additions/deletions research,Russell 2000,research_pdf,collected,https://www.petajisto.net/papers/petajisto%202011%20jef%20-%20hidden%20cost%20for%20index%20funds.pdf,Downloaded paper; includes Russell 2000 additions/deletions sample through 1990-2005 but not a raw membership list.
2004,reconstitution recap,Russell 1000/2000/3000,research_pdf,collected,https://www-ac.northerntrust.com/content/media/attachment/data/newsletter/document/russell102004.pdf,Downloaded Northern Trust 2004 recap; includes effective date and index-change counts/context but not full constituent list.
2004,official membership posting context,Russell US Indexes,secondary_news,lead,https://www.plansponsor.com/russell-reconstituting-investment-indexes/,Article says Russell prepared an official membership-list rollout for 21 US stock indexes after 2004 reconstitution; not the raw list.
