symbol,company,source_line
A,AGILENT TECHNOLOGIES IN,6
AA,ALCOA INC,7
AAN,AARONS INC,8
AAON,AAON INC,9
AAP,ADVANCE AUTO PARTS INC,10
AAPL,APPLE INC,11
AAT,AMERICAN ASSETS TRST IN,12
AATI,ADVANCED ANALOGIC TECH,13
AAWW,ATLAS AIR WORLDWIDE HLD,14
ABAX,ABAXIS INC,15
ABBC,ABINGTON BANCORP INC,16
ABC,AMERISOURCEBERGEN CORP,17
ABCB,AMERIS BANCORP,18
ABCD,CAMBIUM LEARNING GRP IN,19
ABCO,ADVISORY BOARD CO,20
ABD,ACCO BRANDS CORP,21
ABFS,ARKANSAS BEST CORP,22
ABG,ASBURY AUTOMOTIVE GROUP,23
ABM,ABM INDUSTRIES INC,24
ABMD,ABIOMED INC,25
ABT,ABBOTT LABORATORIES,26
ABVT,ABOVENET INC,27
ACAS,AMERICAN CAPITAL LTD,28
ACAT,ARCTIC CAT INC,29
ACC,AMERICAN CAMPUS COMMUN,30
ACCL,ACCELRYS INC,31
ACE,ACE LTD,32
ACET,ACETO CORP,33
ACGL,ARCH CAP GROUP LTD,34
ACHN,ACHILLION PHARM,35
ACI,ARCH COAL INC,36
ACIW,ACI WORLDWIDE INC,37
ACLS,AXCELIS TECHNOLOGIES IN,38
ACM,AECOM TECHNOLOGY CORP D,39
ACN,ACCENTURE PLC IRELAND,40
ACO,AMCOL INTERNATIONAL COR,6
ACOM,ANCESTRY.COM INC,7
ACOR,ACORDA THERAPEUTICS INC,8
ACPW,ACTIVE POWER INC,9
ACTG,ACACIA RESEARCH CORP,10
ACTV,ACTIVE NETWORK INC,11
ACUR,ACURA PHARMACEUTICALS,12
ACW,ACCURIDE CORP NEW,13
ACXM,ACXIOM CORP,14
ADBE,ADOBE SYSTEMS INC,15
ADC,AGREE REALTY CORP,16
ADI,ANALOG DEVICES INC,17
ADM,ARCHER DANIELS MIDLAND,18
ADP,AUTOMATIC DATA PROCESS,19
ADPI,AMERICAN DENTAL PARTNER,20
ADS,ALLIANCE DATA SYSTEMS,21
ADSK,AUTODESK INC,22
ADTN,ADTRAN INC,23
ADVS,ADVENT SOFTWARE INC,24
AEA,ADVANCE AMERICA CASH AD,25
AEC,ASSOCIATED ESTATES RLTY,26
AEE,AMEREN CORP,27
AEGR,AEGERION PHARM INC,28
AEIS,ADVANCED ENERGY INDS IN,29
AEL,AMERICAN EQUITY INVST,30
AEO,AMERICAN EAGLE OUTFITTE,31
AEP,AMERICAN ELECTRIC POWER,32
AEPI,AEP INDUSTRIES INC,33
AES,AES CORP,34
AET,AETNA INC,35
AF,ASTORIA FINANCIAL CORP,36
AFAM,ALMOST FAMILY INC,37
AFCE,AFC ENTERPRISES INC,38
AFFX,AFFYMETRIX INC,39
AFFY,AFFYMAX INC,40
AFG,AMERICAN FINANCIAL GROU,44
AFL,AFLAC INC,45
AFP,UNITED CAPITAL CORP,46
AFSI,AMTRUST FINL SVCS,47
AGCO,AGCO CORP,48
AGII,ARGO GROUP INTL,49
AGL,AGL RESOURCES INC,50
AGM,FEDERAL AGRIC MTG CO,51
AGN,ALLERGAN INC,52
AGNC,AMERICAN CAPITAL AGENCY,53
AGO,ASSURED GUARANTY LTD,54
AGP,AMERIGROUP CORP,55
AGX,ARGAN INC,56
AGYS,AGILYSYS INC,57
AH,ACCRETIVE HEALTH INC,58
AHC,A H BELO CORP,59
AHL,ASPEN INSURANCE HOLDING,60
AHS,AMN HEALTHCARE SERVICES,61
AHT,ASHFORD HOSPITALITY,62
AI,ARLINGTON ASSET INVT,63
AIG,AMERICAN INTL GROUP,64
AIMC,ALTRA HOLDINGS INC,65
AIN,ALBANY INTERNATIONAL,66
AINV,APOLLO INVESTMENT CORP,67
AIQ,ALLIANCE HEALTHCARE SVC,68
AIR,AAR CORP,69
AIRM,AIR METHODS CORP,70
AIS,ANTARES PHARMA INC,71
AIT,APPLIED INDUSTRIAL TECH,72
AIV,APARTMENT INVT & MGMT,73
AIZ,ASSURANT INC,74
AJG,GALLAGHER ARTHUR J & CO,75
AKAM,AKAMAI TECHNOLOGIES,76
AKR,ACADIA REALTY TRUST,77
AKRX,AKORN INC,78
AKS,AK STEEL HOLDING CORP,79
AL,AIR LEASE CORP,80
ALB,ALBEMARLE CORP,81
ALC,ASSISTED LIVING CONCPT,82
ALCO,ALICO INC,83
ALE,ALLETE INC,84
ALEX,ALEXANDER & BALDWIN INC,44
ALG,ALAMO GROUP INC,45
ALGN,ALIGN TECHNOLOGY INC,46
ALGT,ALLEGIANT TRAVEL CO,47
ALIM,ALIMERA SCIENCES INC,48
ALJ,ALON USA ENERGY INC,49
ALK,ALASKA AIR GROUP INC,50
ALKS,ALKERMES INC,51
ALL,ALLSTATE CORP,52
ALNC,ALLIANCE FINANCIAL CORP,53
ALNY,ALNYLAM PHARMACEUTICALS,54
ALOG,ANALOGIC CORP,55
ALR,ALERE INC,56
ALSK,ALASKA COMMUNICATIONS,57
ALTE,ALTERRA CAPITAL HOLDING,58
ALTH,ALLOS THERAPEUTICS INC,59
ALTR,ALTERA CORP,60
ALV,AUTOLIV INC,61
ALX,ALEXANDERS INC,62
ALXN,ALEXION PHARMACEUTICALS,63
AM,AMERICAN GREETINGS,64
AMAG,AMAG PHARMACEUTICALS IN,65
AMAT,APPLIED MATLS INC,66
AMCC,APPLIED MICRO CIRCUITS,67
AMD,ADVANCED MICRO DEVICES,68
AME,AMETEK INC,69
AMED,AMEDISYS INC,70
AMG,AFFILIATED MANAGERS GRP,71
AMGN,AMGEN INC,72
AMKR,AMKOR TECHNOLOGY INC,73
AMLN,AMYLIN PHARMACEUTICALS,74
AMN,AMERON INTERNATIONAL IN,75
AMP,AMERIPRISE FINANCIAL IN,76
AMPE,AMPIO PHARMACEUTICALS,77
AMR,AMR CORP,78
AMRC,AMERESCO INC,79
AMRI,ALBANY MOLECULAR RESRCH,80
AMRS,AMYRIS INC,81
AMSC,AMERICAN SUPERCONDUCTOR,82
AMSF,AMERISAFE INC,83
AMSG,AMSURG CORP,84
AMSWA,AMERICAN SOFTWARE INC,88
AMT,AMERICAN TOWER CORP,89
AMTD,TD AMERITRADE HOLDING,90
AMWD,AMERICAN WOODMARK CORP,91
AMZN,AMAZON COM INC,92
AN,AUTONATION INC,93
ANAC,ANACOR PHARM INC,94
ANAD,ANADIGICS INC,95
ANAT,AMERICAN NATIONAL INS C,96
ANDE,ANDERSONS INC,97
ANEN,ANAREN INC,98
ANF,ABERCROMBIE & FITCH,99
ANGO,ANGIODYNAMICS INC,100
ANH,ANWORTH MORTGAGE ASSET,101
ANN,ANN INC,102
ANR,ALPHA NATURAL RESOURCES,103
ANSS,ANSYS INC,104
ANTH,ANTHERA PHARMACEUTICALS,105
ANV,ALLIED NEVADA GOLD CORP,106
AOI,ALLIANCE ONE INTL INC,107
AOL,AOL INC,108
AON,AON CORP,109
AONE,A123 SYSTEMS INC,110
AOS,SMITH A O CORP,111
AOSL,ALPHA & OMEGA SEMICON,112
AP,AMPCO-PITTSBURGH CORP,113
APA,APACHE CORP,114
APAC,APAC CUSTOMER SERVICES,115
APAGF,APCO OIL & GAS INTL INC,116
APC,ANADARKO PETROLEUM CORP,117
APD,AIR PRODS & CHEMS INC,118
APEI,AMER PUBLIC EDUCATION,119
APH,AMPHENOL CORP,120
APKT,ACME PACKET INC,121
APOG,APOGEE ENTERPRISES INC,122
APOL,APOLLO GROUP INC,123
ARAY,ACCURAY INC,124
ARB,ARBITRON INC,125
ARBA,ARIBA INC,126
ARC,AMERICAN REPROGRAPHICS,127
ARCC,ARES CAP CORP,128
ARCL,ARCHIPELAGO LEARNING IN,88
ARDNA,ARDEN GROUP INC,89
ARE,ALEXANDRIA REAL ESTATE,90
AREX,APPROACH RESOURCES INC,91
ARG,AIRGAS INC,92
ARGN,AMERIGON INC,93
ARI,APOLLO COMMERCIAL RE,94
ARIA,ARIAD PHARMACEUTICALS,95
ARII,AMERICAN RAILCAR IND,96
ARJ,ARCH CHEMICALS INC,97
ARNA,ARENA PHARMACEUTICALS,98
ARO,AEROPOSTALE INC,99
AROW,ARROW FINANCIAL CORP,100
ARQL,ARQULE INC,101
ARR,ARMOUR RESIDENTIAL REIT,102
ARRS,ARRIS GROUP INC,103
ARRY,ARRAY BIOPHARMA INC,104
ART,ARTIO GLOBAL INVESTORS,105
ARTC,ARTHROCARE CORP,106
ARTNA,ARTESIAN RESOURCES CORP,107
ARUN,ARUBA NETWORKS INC,108
ARW,ARROW ELECTRONICS INC,109
ARX,AEROFLEX HLDG CORP,110
ASBC,ASSOCIATED BANC CORP,111
ASCA,AMERISTAR CASINOS INC,112
ASCMA,ASCENT MEDIA CORP,113
ASEI,AMERICAN SCIENCE & ENGR,114
ASGN,ON ASSIGNMENT INC,115
ASH,ASHLAND INC,116
ASI,AMERICAN SAFETY INS HLD,117
ASNA,ASCENA RETAIL GROUP INC,118
ASTE,ASTEC INDUSTRIES INC,119
ASYS,AMTECH SYSTEMS INC,120
AT,ATLANTIC PWR CORP,121
ATEC,ALPHATEC HOLDINGS,122
ATHN,ATHENAHEALTH INC,123
ATI,ALLEGHENY TECHNOLOGIES,124
ATK,ALLIANT TECHSYSTEMS,125
ATLO,AMES NATL CORP,126
ATMI,ATMI INC,127
ATML,ATMEL CORP,128
ATNI,ATLANTIC TELE-NETWORK,132
ATO,ATMOS ENERGY CORP,133
ATPG,ATP OIL & GAS CORP,134
ATR,APTARGROUP INC,135
ATRC,ATRICURE INC,136
ATRI,ATRION CORP,137
ATRO,ASTRONICS CORP,138
ATSG,AIR TRANSPORT SERVICES,139
ATU,ACTUANT CORP,140
ATVI,ACTIVISION BLIZZARD INC,141
ATW,ATWOOD OCEANICS INC,142
ATX,CROSS A T CO,143
AUMN,GOLDEN MINERALS CO,144
AUXL,AUXILIUM PHARMACEUTICAL,145
AVA,AVISTA CORP,146
AVAV,AEROVIRONMENT INC,147
AVB,AVALONBAY CMNTYS INC,148
AVD,AMERICAN VANGUARD CORP,149
AVEO,AVEO PHARMACEUTICALS IN,150
AVGO,AVAGO TECHNOLOGIES LTD,151
AVID,AVID TECHNOLOGY INC,152
AVII,AVI BIOPHARMA INC,153
AVNR,AVANIR PHARMACEUTICALS,154
AVNW,AVIAT NETWORKS INC,155
AVP,AVON PRODUCTS INC,156
AVT,AVNET INC,157
AVTR,AVATAR HOLDINGS INC,158
AVX,AVX CORP,159
AVY,AVERY DENNISON CORP,160
AWH,ALLIED W RLD ASSUR COM,161
AWI,ARMSTRONG WORLD INDS IN,162
AWK,AMERICAN WTR WKS CO INC,163
AWR,AMERICAN STATES W ATER C,164
AXAS,ABRAXAS PETE CORP,165
AXE,ANIXTER INTERNATIONAL,166
AXL,AMERICAN AXLE & MFG,167
AXP,AMERICAN EXPRESS CO,168
AXS,AXIS CAPITAL HOLDINGS,169
AXTI,AXT INC,170
AYI,ACUITY BRANDS INC,171
AYR,AIRCASTLE LTD,172
AZO,AUTOZONE INC,132
AZPN,ASPEN TECHNOLOGY INC,133
AZZ,AZZ INC,134
B,BARNES GROUP INC,135
BA,BOEING CO,136
BABY,NATUS MEDICAL INC,137
BAC,BANK OF AMERICA CORP,138
BAGL,EINSTEIN NOAH REST GROU,139
BAH,BOOZ ALLEN HAMILTON HLD,140
BALT,BALTIC TRADING LIMITED,141
BANF,BANCFIRST CORP,142
BANRD,BANNER CORP,143
BARI,BANCORP RHODE ISLAND IN,144
BAS,BASIC ENERGY SERVICES,145
BAX,BAXTER INTERNATIONAL IN,146
BBBB,BLACKBOARD INC,147
BBBY,BED BATH & BEYOND INC,148
BBG,BILL BARRETT CORP,149
BBND,BIGBAND NETWORKS INC,150
BBNK,BRIDGE CAPI TAL HOLDINGS,151
BBOX,BLACK BOX CORP,152
BBRG,BRAVO BRIO RESTAURANT G,153
BBSI,BARRETT BUSINESS SERVIC,154
BBT,BB&T CORP,155
BBW,BUILD A BEAR WORKSHOP,156
BBY,BEST BUY INC,157
BC,BRUNSWICK CORP,158
BCO,BRINKS CO,159
BCPC,BALCHEM CORP,160
BCR,BARD C R INC,161
BCSI,BLUE COAT SYSTEMS INC,163
BDC,BELDEN INC,164
BDE,BLACK DIAMOND INC,165
BDGE,BRIDGE BANCORP INC,166
BDN,BRANDYWINE REALTY TRUST,167
BDX,BECTON DICKINSON & CO,168
BEAT,CARDIONET INC,169
BEAV,BE AEROSPACE INC,170
BEBE,BEBE STORES INC,171
BEC,BECKMAN COULTER INC,172
BECN,BEACON ROOFING SUPPLY,176
BEE,STRATEGIC HOTEL & RESOR,177
BELFB,BEL FUSE INC,178
BEN,FRANKLIN RESOURCES INC,179
BEXP,BRIGHAM EXPLORATION,180
BF.B,BROWN FORMAN CORP,181
BFIN,BANKFINANCIAL CORP,182
BFS,SAUL CENTERS INC,183
BG,BUNGE LIMITED,184
BGC,GENERAL CABLE CORP,185
BGCP,BGC PARTNERS INC,186
BGFV,BIG 5 SPORTING GOODS,187
BGG,BRIGGS & STRATTON CO,188
BGMD,BG MEDICINE INC,189
BGS,B & G FOODS INC,190
BH,BIGLARI HOLDINGS INC,191
BHE,BENCHMARK ELECTRONICS,192
BHI,BAKER HUGHES INC,193
BHLB,BERKSHIRE HILLS BANC ORP,194
BID,SOTHEBYS,195
BIG,BIG LOTS INC,196
BIIB,BIOGEN IDEC INC,197
BIO,BIO-RAD LABORATORIES IN,198
BIOS,BIOSCRIP INC,199
BIRT,ACTUATE CORP,200
BJ,BJS W HOLESALE CLUB INC,201
BJRI,BJS RESTAURANTS INC,202
BK,BANK OF NEW YORK MELLON,203
BKD,BROOKDALE SENIOR LI VING,205
BKE,BUCKLE INC,206
BKH,BLACK HILLS CORP,207
BKI,BUCKEYE TECHNOLOGIES IN,208
BKMU,BANK MUTUAL CORP,209
BKR,BAKER MICHAEL CORP,210
BKS,BARNES & NOBLE INC,211
BKU,BANKUNITED INC,212
BKYF,BANK KY FINL CORP,213
BLC,BELO CORP,214
BLDR,BUILDERS FIRSTSO URCE IN,215
BLK,BLACKROCK INC,216
BLKB,BLACKBAUD INC,176
BLL,BALL CORP,177
BLT,BLOUNT INTERNATIONAL IN,178
BLTI,BIOLASE TECHNOLOGY INC,179
BLUD,IMMUCOR INC,180
BLX,BANCO LATINOAMERICANO,181
BMC,BMC SOFTWARE INC,182
BMI,BADGER METER INC,183
BMR,BIOMED REALTY TRUST INC,184
BMRC,BANK OF MARIN BANCORP,185
BMS,BEMIS INC,187
BMTC,BRYN MAWR BANK CORP,188
BMY,BRISTOL MYERS SQUIBB,190
BNCL,BENEFICIAL MUTUAL INC,191
BNHNA,BENIHANA INC,192
BOBE,BOB EVANS FARMS INC,193
BODY,BODY CENTRAL CORP,194
BOFI,BOFI HLDG INC,195
BOH,BANK OF HAWAII CORP,196
BOKF,BOK FINANCIAL CORP,197
BONE,BACTERIN INTL HLDGS INC,198
BONT,BON-TON STORES INC,199
BOOM,DYNAMIC MATERI ALS CORP,200
BOX,SEACUBE CONTAINER LEASI,201
BPFH,BOSTON PRIVAT E FINANCIA,203
BPI,BRIDGEPOINT ED INC,204
BPOP,POPULAR INC,205
BPZ,BPZ RESOURCES INC,206
BR,BROADRIDGE FINANCIAL IN,207
BRC,BRADY CORP,208
BRCM,BROADCOM CORP,210
BRE,BRE PROPERTIES INC,211
BRK.B,BERKSHIRE HATHAW AY INC,212
BRKL,BROOKLINE BANCORP INC,213
BRKR,BRUKER CORP,214
BRKS,BROOKS AUTOMATION INC,215
BRLI,BIO-REFERENCE LABS INC,216
BRO,BROWN & BROWN INC,220
BRS,BRISTOW GROUP INC,221
BRY,BERRY PETROLEUM CO,222
BSFT,BROADSOFT INC,223
BSRR,SIERRA BANCORP,224
BSTC,BIOSPECI FI CS TECHNO COR,225
BSX,BOSTON SCIENTIFIC CO,226
BTH,BLYTH INC,227
BTU,PEABODY ENERGY CORP,228
BTX,BIOTIME INC,229
BUCY,BUCYRUS INTERNATIONAL,230
BUSE,FIRST BUSEY CORP,231
BWINB,BALDWIN & LYONS INC,235
BXP,BOSTON PROPERTIES INC,238
BXS,BANCORPSOUTH INC,239
BYD,BOYD GAMING CORP,240
BYI,BALLY TECHNOLOGIES INC,241
BZ,BOISE INC,242
BZH,BEAZER HOMES USA INC,243
C,CITIGROUP INC,244
CA,CA INC,245
CAB,CABELAS INC,246
CAC,CAMDEN NATIONAL CORP,247
CACB,CASCADE BANCORP,248
CACC,CREDIT ACCEP CORP MICH,249
CACI,CACI INTERNATIONAL INC,250
CAG,CONAGRA FOODS INC,252
CAH,CARDINAL HEALTH INC,253
CAK,CAMAC ENERGY INC,254
CAKE,CHEESECAKE FACTORY INC,255
CALD,CALLIDUS SOFTWARE INC,256
CALM,CAL MAINE FOODS INC,257
CALP,CALIPER LIFE SCIENCES,258
CALX,CALIX INC,259
CAM,CAMERON INTL CORP,260
CAP,CAI INTERNATIONAL INC,220
CAR,AVIS BUDGET GROUP INC,221
CAS,CASTLE A M & CO,222
CASC,CASCADE CORP,223
CASY,CASEYS GENERAL STORES,225
CAT,CATERPILLAR INC,226
CATM,CARDTRONICS INC,227
CATO,CATO CORP,228
CAVM,CAVIUM INC,230
CB,CHUBB CORP,231
CBB,CINCINNATI BELL INC,232
CBE,COOPER INDUSTRIES PLC,233
CBEY,CBEYOND INC,234
CBG,CB RICHARD ELLIS GROUP,235
CBI,CHICAGO BRIDGE & IRON,236
CBK,CHRI STOPHER & BANKS CO R,237
CBKN,CAPITAL BK CORP,238
CBL,CBL & ASSOC PPTYS INC,239
CBLI,CLEVELAND BIOLABS INC,240
CBM,CAMBREX CORP,241
CBNJ,CAPE BANCORP INC,242
CBOE,CBOE HLDGS INC,243
CBOU,CARIBOU COFFEE CO INC,244
CBR,CIBER INC,245
CBRL,CRACKER BARREL STORE,246
CBRX,COLUMBIA LABORATORIES,247
CBS,CBS CORPORATION,248
CBST,CUBI ST PHARMACEUTICALS,250
CBT,CABOT CORP,251
CBU,COMMUNITY BANK SYSTEMS,252
CBZ,CBIZ INC,253
CCBG,CAPITAL CITY BANK GROUP,254
CCC,CALGON CARBON CORP,255
CCE,COCA COLA ENTERPRISE,256
CCF,CHASE CORP,257
CCG,CAMPUS CREST CMNTYS INC,258
CCI,CROW N CASTLE INTL CORP,259
CCIX,COLEMAN CABLE INC,260
CRD.B,CRAWFORD & CO,264
CRDN,CERADYNE INC,265
CREE,CREE INC,266
CRI,CARTER INC,267
CRIS,CURIS INC,268
CRK,CO MSTOC K RESOURCES INC,269
CRL,CHARLES RIVER LABS INTL,270
CRM,SALESFORCE COM INC,271
CRMT,AMERICAS CAR-MART INC,272
CROX,CROCS INC,273
CRR,CARBO CERAMICS INC,274
CRRC,COURIER CORP,275
CRS,CARPENTER TECHNOLOGY,276
CRUS,CIRRUS LOGIC INC,278
CRVL,CORVEL CORP,279
CRY,CRYOLIFE INC,281
CRZO,CARRIZO OIL & GAS INC,282
CSA,COGDELL SPENCER INC,283
CSBK,CLI FTON SVGS BANCOR P IN,284
CSC,CO MPUTER SCIENCES CORP,285
CSCO,CISCO SYSTEMS INC,286
CSE,CAPITALSOURCE INC,287
CSFL,CENTERSTATE BANKS INC,288
CSGP,COSTAR GROUP INC,289
CSGS,CSG SYSTEMS INTL INC,290
CSH,CASH AMERICA INTL INC,291
CSII,CARDIOVASCULAR SYS INC,292
CSL,CARLISLE COS INC,293
CSS,CSS INDUSTRIES INC,295
CSTR,COINSTAR INC,296
CSU,CAPITAL SENIOR LIVING,297
CSX,CSX CORP,299
CTAS,CINTAS CORP,300
CTB,COOPER TIRE & RUBBER CO,301
CTCT,CONSTANT CONTACT INC,303
CTGX,COMPUTER TASK GROUP INC,304
CTIC,CELL THERAPEUTICS INC,264
CTL,CENTURYLINK INC,265
CTO,CONSOLIDATED TOMOKA LAN,266
CTRN,CITI TRENDS INC,267
CTS,CTS CORP,268
CTSH,COGNIZANT TECH SOLUTION,269
CTWS,CONNECTICUT W ATER SVC,270
CTXS,CITRIX SYSTEMS INC,271
CUB,CUBIC CORP,272
CUZ,COUSINS PROPERTIES INC,273
CV,CENTRAL VERMONT PUB SVC,274
CVA,COVANTA HOLDING CORP,275
CVBF,CVB FINANCIAL CORP,276
CVC,CABLEVI SI ON SYSTEMS COR,277
CVCO,CAVCO INDUSTRIES INC,278
CVD,COVANCE INC,279
CVG,CONVERGYS CORP,280
CVGI,COMMERCI AL VEH GROUP I N,281
CVGW,CALAVO GROWERS INC,282
CVH,COVENTRY HEALTH CARE,283
CVI,CVR ENERGY INC,284
CVLT,COMMVAULT SYSTEMS INC,285
CVO,CENVEO INC,286
CVS,CVS/CAREMARK CORP,287
CVTI,COVENANT TRANS GRP INC,288
CVX,CHEVRON CORP,289
CW,CURTISS WRIGHT CORP,290
CWH,COMMONWEALTH REIT,293
CWTR,COLDWATER CREEK INC,296
CXO,CONCHO RESOURCES INC,297
CXPO,CRIMSON EXPLORATION INC,298
CXS,CREXUS I NVESTMENT CORP,299
CXW,CORRECTIONS CORP OF AME,300
CY,CYPRESS SEMICONDUC TOR,301
CYBX,CYBERONICS INC,302
CYH,COMMUNITY HEALTH SYSTEM,303
CYMI,CYMER INC,304
CYN,CITY NATIONAL CORP,308
CYNO,CYNOSURE INC,309
CYS,CYPRESS SHARPRIDGE INV,310
CYT,CYTEC INDUSTRIES INC,311
CYTX,CYTORI THERAPEUTICS I NC,312
CZNC,CI TI ZENS & NORTHERN COR,313
D,DOMINION RESOURCES INC,314
DAKT,DAKTRONICS INC,315
DAL,DELTA AIR LINES INC DEL,316
DAN,DANA HOLDING CORP,317
DAR,DARLING INTERNATIONAL,318
DBD,DIEBOLD INC,319
DCI,DONALDSON INC,320
DCO,DUCOMMUN INC,321
DCOM,DIME CMNTY BANCSHARES,322
DCT,DCT INDUSTRIAL TRUST IN,323
DCTH,DELCATH SYS INC,324
DD,DU PONT E I DE NEMOURS,325
DDD,3D SYSTEMS CORP,326
DDIC,DDI CORP,327
DDR,DEVELOPERS DIVERSIFIED,328
DDS,DILLARDS INC,329
DE,DEERE & CO,330
DECK,DECKERS OUTDOOR CORP,331
DEI,DOUGLAS EMMETT INC,332
DEL,DELTIC TIMBER CORP,333
DELL,DELL INC,334
DENN,DENNYS CORP,335
DEPO,DEPOMED INC,336
DEST,DESTINATION MATERNITY,337
DF,DEAN FOODS COMPANY,338
DFG,DELPHI FINANCIAL GRP IN,339
DFR,CIFC DEERFIELD CORP,340
DFS,DI SCOVER FINANCIAL SRVC,341
DFZ,BARRY R G CORP OHIO,343
DG,DOLLAR GENERAL CORP,344
DGI,DIGITALGLOBE INC,345
DGICA,DONEGAL GROUP INC,346
DGII,DIGI INTL INC,347
DGIT,DG FASTCHANNEL INC,348
DGX,QUEST DIAGNOSTICS INC,308
DHI,D R HORTON INC,309
DHIL,DIAMO ND HILL INVESTMENT,310
DHR,DANAHER CORP,311
DHT,DHT HOLDINGS INC,312
DHX,DICE HOLDINGS INC,313
DIN,DINEEQUITY INC,314
DIOD,DIODES INC,315
DIS,DISNEY WALT CO,316
DISH,DISH NETWORK CORP,318
DK,DELEK US HLDGS INC,319
DKS,DICKS SPORTING GOODS IN,320
DLA,DELTA APPAREL INC,321
DLB,DOLBY LABORATORIES INC,322
DLGC,DIALOGIC INC,323
DLLR,DOLLAR FINANCIAL CORP,324
DLR,DIGITAL REALTY TRUST IN,325
DLTR,DOLLAR TREE INC,326
DLX,DELUXE CORP,327
DM,DOLAN COMPANY,328
DMAN,DEMANDTEC INC,329
DMD,DEMAND MEDIA INC,330
DMND,DIAMOND FOODS INC,331
DMRC,DIGIMARC CORPORATION,332
DNB,DUN & BRADSTREET CORP,333
DNBK,DANVERS BANCORP INC,334
DNDN,DENDREON CORP,335
DNR,DENBURY RESOURCES INC,336
DO,DIAMO ND OFFSHR DRILLING,337
DOLE,DOLE FOOD CO INC,338
DORM,DORMAN PRODUCTS INC,339
DOV,DOVER CORP,340
DOW,DOW CHEMICAL CO,341
DOX,AMDOCS LTD,342
DPL,DPL INC,343
DPS,DR PEPPER SNAPPLE GROUP,344
DPZ,DOMINOS PIZZA INC,345
DRC,DRESSER- RAND GRO UP INC,346
DRCO,DYNAMICS RESEARCH CORP,347
DRE,DUKE REALTY CORP,348
DRH,DIAMONDROCK HOSPITALITY,352
DRI,DARD EN REST AURANTS INC,353
DRIV,DIGITAL RIVER INC,354
DRL,DORAL FINANCIAL CORP,355
DRQ,DRIL-QUIP INC,356
DRRX,DURECT CORP,357
DSPG,DSP GROUP INC,358
DST,DST SYSTEMS INC,359
DSW,DSW INC,360
DTE,DTE ENERGY CO,361
DTG,DOLLAR THRIFTY AUTO,362
DTSI,DTS INC,363
DTV,DIRECTV GROUP INC,364
DUF,DUFF & PHELPS CORP,365
DUK,DUKE ENERGY CORP,366
DV,DEVRY INC,368
DVA,DAVITA INC,369
DVAX,DYNAVAX TECHNOLOGIES,370
DVN,DEVON ENERGY CORP,371
DVOX,DYNAVOX INC,372
DVR,CAL DIVE INTL INC,373
DW,DREW INDUSTRIES INC,374
DX,DYNEX CAPITAL INC,377
DXCM,DEXCOM INC,378
DXPE,DXP ENTERPRI SES INC NEW,379
DY,DYCOM INDUSTRIES INC,380
DYAX,DYAX CORP,381
DYN,DYNEGY INC,382
EAT,BRINKER INTERNATIONAL,383
EBAY,EBAY INC,384
EBF,ENNIS INC,385
EBIX,EBIX INC,386
EBS,EMERGENT BIOSOLUTIONS,387
EBSB,MERIDIAN INTERSTATE,388
EBTC,ENTER PRI SE BANCOR P INC,389
EBTX,ENCORE BANCSHARES INC,390
ECHO,ECHO GLOBAL LOGISTICS,391
ECL,ECOLAB INC,392
ECOL,US ECOLOGY INC,352
ECPG,ENCO RE CAPI TAL GROUP I N,353
ECYT,ENDOCYTE INC,354
ED,CONSOLIDATED EDISON INC,355
EDE,EMPIRE DISTRICT ELECTRI,356
EDMC,EDUCATION MGMT CORP,357
EDR,EDUCATION REALTY TRUST,358
EE,EL PASO ELECTRIC CO,359
EEFT,EURONET WORLDW IDE INC,360
EF,EDELMAN FINANCIAL G ROUP,361
EFII,ELECTRONICS FOR I MAGING,362
EFSC,ENTER PRISE FINL SERVI CE,363
EFX,EQUIFAX INC,364
EGBN,EAGLE BANCORP INC,365
EGHT,8X8 INC NEW,366
EGLE,EAGLE BULK SHIPPING INC,367
EGN,ENERGEN CORP,368
EGOV,NIC INC,369
EGY,VAALCO ENERGY INC,371
EHTH,EHEALTH INC,372
EIG,EMPLOYERS HOLDINGS INC,373
EIX,EDISON INTERNATIONAL,374
EK,EASTMAN KODAK CO,375
EL,ESTEE LAUDER COMPANIES,376
ELGX,ENDOLOGIX INC,377
ELLI,ELLIE MAE INC,378
ELMG,EMS TECHNOLOGIES INC,379
ELNK,EARTHLINK INC,380
ELON,ECHELON CORP,381
ELRC,ELECTRO RENT CORP,382
ELS,EQUITY LIFESTYLE PROP,383
ELX,EMULEX CORP,384
ELY,CALLAWAY GOLF CO,385
EM,EMDEON INC,386
EMAN,EMAGIN CORP,387
EMC,E M C CORP,388
EMCI,EMC INS GROUP INC,389
EME,EMCOR GROUP INC,390
EMKR,EMCORE CORP,391
EMN,EASTMAN CHEMICAL CO,392
JRCC,JAMES RIVER COAL CO,396
JW.A,WILEY JOHN & SONS INC,398
JWN,NORDSTROM INC,399
K,KELLOGG CO,400
KAI,KADANT INC,401
KALU,KAISER ALUMINUM CORP,402
KAMN,KAMAN CORP,403
KAR,KAR AUCTION SERVICES IN,404
KBALB,KIMBALL INTERNATIONAL,405
KBH,KB HOME,406
KBR,KBR INC,407
KBW,KBW INC,408
KCAP,KOHLBERG CAPITAL CORP,409
KCG,KNIGHT CAPITAL GROUP IN,410
KCI,KINETIC CONCEPTS INC,411
KCLI,KANSAS CITY LIFE INS CO,412
KCP,COLE KENNETH PRODTNS,413
KDN,KAYDON CORP,414
KEG,KEY ENERGY SERVICES INC,415
KELYA,KELLY SERVICES INC,416
KEM,KEMET CORP,417
KEX,KIRBY CORP,419
KEY,KEYCORP,420
KEYN,KEYNOTE SYSTEMS INC,421
KEYW,KEYW HOLDING CORP,422
KFRC,KFORCE INC,423
KFT,KRAFT FOODS INC,424
KFY,KORN FERRY INTERNATIONA,425
KIM,KIMCO REALTY CORP,426
KIRK,KIRKLANDS INC,427
KITD,KIT DIGITAL INC,428
KKD,KRISPY KREME DOUGHNUTS,429
KLAC,KLA-TENCOR CORP,430
KLIC,KULICKE & SOFFA INDS,431
KMB,KIMBERLY CLARK CORP,432
KMGB,KMG CHEMICALS INC,433
KMI,KINDER MORGAN INC DEL,434
KMT,KENNAMETAL INC,435
KMX,CARMAX INC,436
KND,KINDRED HEALTHCARE INC,396
KNDL,KENDLE INTERNATI ONAL IN,397
KNL,KNOLL INC,398
KNOL,KNOLOGY INC,399
KNOT,KNOT INC,400
KNSY,KENSEY NASH CORP,401
KNX,KNIGHT TRANSPORTATION,402
KNXA,KENEXA CORP,403
KO,COCA COLA CO,404
KOG,KODIAK OIL & GAS CORP,405
KOP,KOPPERS HOLDINGS INC,406
KOPN,KOPIN CORP,407
KOS,KOSMOS ENERGY LTD,408
KR,KROGER CO,409
KRA,KRATON PERF POLYMERS,410
KRC,KILROY REALTY CORP,411
KRG,KITE REALTY GROUP TRUST,412
KRNY,KEARNY FINANCIAL CORP,413
KRO,KRONOS WORLDWIDE INC,414
KS,KAPSTONE PAPER & PACKAG,415
KSS,KOHLS CORP,416
KSU,KANSAS CITY SOUTHERN,417
KSWS,K-SWISS INC,418
KTOS,KRATOS DEFENSE & SEC SO,419
KV.A,K V PHARMACEUTICAL CO,420
KVHI,KVH INDUSTRIES INC,421
KW,KENNED Y-W ILSON HLDGS IN,422
KWR,QUAKER CHEMICAL CORP,424
L,LOEWS CORP,425
LABL,MULTI COLOR CORP,426
LAD,LITHIA MOTORS INC,427
LAMR,LAMAR ADVERTISING CO,428
LANC,LANCASTER COLONY CORP,429
LAWS,LAWSON PRODUCTS INC,431
LAYN,LAYNE CHRISTENSEN CO,432
LAZ,LAZARD LTD,433
LB,LABARGE INC,434
LBAI,LAKELAND BANCORP INC,435
LBTYA,LIBERTY GLOBAL INC,436
LBY,LIBBEY INC,440
LCAPA,LIBERTY CAPITAL,441
LCC,U S AIRWAYS GROUP INC,442
LCI,LANNETT CO INC,443
LCRY,LECROY CORP,444
LCUT,LIFETIME BRANDS INC,445
LDL,LYDALL INC,446
LDR,LANDAUER INC,447
LEA,LEAR CORP,448
LEAP,LEAP WIRELESS INTL INC,449
LECO,LINCOLN ELECTRIC HLDGS,450
LEG,LEGGETT & PLATT INC,451
LEN,LENNAR CORP,452
LF,LEAPFROG ENTERPRISES IN,453
LFUS,LITTELFUSE INC,454
LG,LACLEDE GROUP INC,455
LGF,LIONS GATE ENTMNT CORP,456
LGND,LIGAND PHARMACEUTICALS,457
LH,LABORATORY CORP OF AMER,458
LHCG,LHC GROUP INC,459
LHO,LASALLE HOTEL PROPERTIE,460
LIFE,LIFE TECHNOLOGIES CORP,461
LII,LENNOX INTERNATIONAL IN,462
LINTA,LIBERTY INTERACTIVE,464
LIZ,LIZ CLAIBORNE INC,466
LKFN,LAKELAND FINANCIAL CORP,467
LKQX,LKQ CORP,468
LL,LUMBER LIQUIDATORS HLDG,469
LLEN,L & L ENERGY INC,470
LLL,L-3 COMMUNICATIONS HLDG,471
LLNW,LIMELIGHT NETW ORKS INC,472
LLTC,LINEAR TECHNOLOGY CO,473
LLY,LILLY ELI & CO,474
LM,LEGG MASON INC,475
LMIA,LMI AEROSPACE INC,476
LMNR,LIMONEIRA CO,477
LMNX,LUMINEX CORP,478
LMT,LOCKHEED MARTIN CORP,479
LNC,LINCOLN NATIONAL CORP,480
LNCE,SNYDER'S-LANCE INC,440
LNCR,LINCARE HOLDINGS INC,441
LNDC,LANDEC CORP,442
LNG,CHENIERE ENERGY INC,443
LNKD,LINKEDIN CORP,444
LNN,LINDSAY CORP,445
LNT,ALLIANT ENERGY CORP,446
LO,LORILLARD INC,447
LOGM,LOGMEIN INC,448
LOOP,LOOPNET INC,449
LORL,LORAL SPACE & COMM,451
LOW,LOWES COS INC,452
LPLA,LPL INVT HLDGS INC,453
LPNT,LIFEPOINT HOSPITALS,454
LPS,LENDER PROCESSING SVCS,455
LPSN,LIVEPERSON INC,456
LPX,LOUISIANA PACIFIC CORP,457
LQDT,LIQUIDITY SERVICES INC,458
LRCX,LAM RESEARCH CORP,459
LRN,K12 INC,460
LRY,LIBERTY PROPERTY TRUST,461
LSCC,LATTICE SEMICONDUCTOR,462
LSE,CAPLEASE INC,463
LSI,LSI CORPORATION,464
LSTR,LANDSTAR SYSTEMS INC,465
LSTZA,LIBERTY STARZ,466
LTC,LTC PROPERTIES INC,467
LTM,LIFE TIME FITNESS INC,469
LTS,LADENBURG THALMAN FIN,470
LTXC,LTX-CREDENCE CORP,471
LUB,LUBYS INC,472
LUFK,LUFKIN INDUSTRIES INC,473
LUK,LEUCADIA NATIONAL CORP,474
LUV,SOUTHW EST AIRLINES CO,475
LVB,STEINWAY MUSICAL INS,476
LVLT,LEVEL 3 COMMUNICATIONS,477
LVS,LAS VEGAS SANDS CORP,478
LXK,LEXMARK INTERNATIONAL,484
LXP,LEXINGTON REALTY TRUST,485
LXU,LSB INDUSTRIES INC,487
LYB,LYONDELLBASELL INDS,488
LYTS,LSI INDUSTRIES INC,489
LYV,LIVE NATION ENT INC,490
LZ,LUBRIZOL CORP,491
LZB,LA Z BOY INC,492
M,MACYS INC,493
MA,MASTERCARD INC,494
MAA,MID-AMER APT CMNTYS,495
MAC,MACERICH CO,496
MAIN,MAIN STREET CAPITAL COR,497
MAKO,MAKO SURGICAL CORP,498
MAN,MANPOWERGROUP,499
MANH,MANHATTAN ASSOCS INC,500
MANT,MANTECH INTERNATIONAL,501
MAPP,MAP PHARMACEUTICALS INC,502
MAR,MARRIOTT INTL INC,503
MAS,MASCO CORP,504
MASI,MASIMO CORPORATION,505
MAT,MATTEL INC,506
MATW,MATTHEW S INTERNATIONAL,507
MAXY,MAXYGEN INC,508
MBFI,MB FINANCIAL INC,509
MBI,MBIA INC,510
MBLX,METABOLIX INC,511
MBVT,MERCHANTS BANCSHARES,512
MCC,MEDLEY CAPITAL CORP,513
MCD,MCDONALDS CORP,514
MCF,CONTANGO OIL & GAS CO,515
MCGC,MCG CAPITAL CORP,516
MCHP,MICROCHIP TECHNOLOGY,517
MCHX,MARCHEX INC,518
MCK,MCKESSON CORP,519
MCO,MOODYS CORP,520
MCP,MOLYCORP INC,521
MCRI,MONARCH CASINO & RESORT,522
MCRL,MICREL INC,523
MCRS,MICROS SYSTEMS INC,524
MCS,MARCUS CORP,484
MCY,MERCURY GENERAL CORP,485
MD,MEDNAX INC,486
MDAS,MEDASSETS INC,487
MDC,MDC HOLDINGS INC,488
MDCA,MDC CORP,489
MDCI,MEDICAL ACTION INDS INC,490
MDCO,MEDICINES CO,491
MDMD,MEDIAMIND TECH INC,493
MDP,MEREDITH CORP,494
MDR,MCDERMOTT INTL INC,495
MDRX,ALLSCRIPTS HEALTHCARE,496
MDSO,MEDIDATA SOLUTIONS INC,497
MDT,MEDTRONIC INC,498
MDTH,MEDCATH CORP,499
MDU,MDU RESOURCES GROUP INC,500
MDVN,MEDIVATION INC,501
MDW,MIDWAY GOLD CORP,502
MEA,METALICO INC,503
MEAS,MEASUREMENT SPECIALTIES,504
MED,MEDIFAST INC,505
MEDH,MEDQUIST HLDGS INC,506
MEI,METHODE ELECTRS INC,507
MENT,MENTOR GRAPHICS CORP,508
MERU,MERU NETWORKS INC,509
MET,METLIFE INC,510
METR,METRO BANCORP INC,511
MF,MF GLOBAL HOLDINGS LTD,512
MFA,MFA FINANCIAL INC,513
MFB,MAIDENFORM BRANDS INC,514
MFLX,MULTI-FI NELI NE ELECTRON,515
MFW,M & F WORLDWIDE CORP,516
MG,MISTRAS GROUP INC,517
MGAM,MULTIMEDI A GAMES HLD CO,518
MGEE,MGE ENERGY INC,519
MGLN,MAGELLAN HEALTH SVCS I N,521
MGM,MGM RESORTS INTL,522
MGPI,MGP INGREDIENTS INC,523
MGRC,MCGRATH RENTCORP,524
WEC,WISCONSIN ENERGY CORP,528
WEN,WENDY'S/ARBY'S GROUP IN,529
WEYS,WEYCO GROUP INC,531
WFC,WELLS FARGO & CO,532
WFSL,WASHINGTON FED INC,536
WG,WILLBROS GROUP INC,537
WGL,WGL HOLDINGS INC,538
WHR,WHIRLPOOL CORP,541
WIBC,WILSHIRE BANCORP INC,542
WIFI,BOINGO WIRELESS INC,543
WIN,WINDSTREAM CORP,544
WINA,WINMARK CORP,545
WINN,WINN DIXIE STORES INC,546
WIRE,ENCORE WIRE CORP,547
WLB,WESTMORELAND COAL CO,548
WLP,WELLPOINT INC,551
WLT,WALTER ENERGY INC,552
WM,WASTE MGMT INC,553
WMAR,WEST MARINE INC,554
WMB,WILLIAMS COMPANIES INC,555
WMK,WEIS MARKETS INC,558
WMS,WMS INDUSTRIES INC,559
WMT,WAL MART STORES INC,560
WNC,WABASH NATIONAL CORP,561
WNI,SCHIFF NUTRITION INTL,562
WNR,WESTERN REFINING INC,563
WOOF,VCA ANTECH INC,564
WPO,WASHINGTON POST CO,567
WPP,WAUSAU PAPER CORP,568
WR,WESTAR ENERGY INC,528
WRB,BERKLEY W R CORP,529
WRC,WARNACO GROUP INC,530
WRES,WARREN RESOURCES INC,532
WRI,WEINGARTEN RLTY INVS,533
WSBC,WESBANCO INC,535
WSC,WESCO FINANCIAL CORP,536
WSFS,WSFS FINANCIAL CORP,537
WSM,WILLIAMS SONOMA INC,538
WSO,WATSCO INC,539
WSR,WHITESTONE REIT,540
WTI,W&T OFFSHORE INC,545
WTM,WHITE MTNS INS GROUP LT,546
WTR,AQUA AMERICA INC,547
WTS,WATTS WATER TECH INC,548
WTSLA,WET SEAL INC,549
WTW,W EIGHT W ATCHERS INTL IN,550
WU,WESTERN UNION CO,551
WWD,WOODWARD INC,552
WWON,WESTWOOD ONE INC,554
WWW,WOLVERINE WORLD WIDE,555
WWWW,WEB.COM GROUP INC,556
WXS,WRIGHT EXPRESS CORP,557
WY,WEYERHAEUSER CO,558
WYNN,WYNN RESORTS LTD,560
X,UNITED STATES STEEL COR,561
XCO,EXCO RESOURCES INC,562
XEC,CIMAREX ENERGY CO,563
XEL,XCEL ENERGY INC,564
XIDE,EXIDE TECHNOLOGIES,565
XL,XL GROUP PLC,566
XLNX,XILINX INC,567
XNPT,XENOPORT INC,568
XOM,EXXON MOBIL CORP,572
XRAY,DENTSPLY INTERNATIONAL,573
XRIT,X-RITE INC,574
XRM,XERIUM TECHNO LOGIES INC,575
XRTX,XYRATEX LTD,576
XRX,XEROX CORP,577
XTXI,CROSSTEX ENERGY INC,578
XXIA,IXIA,579
Y,ALLEGHANY CORP,580
YDNT,YOUNG INNOVATIONS INC,581
YHOO,YAHOO INC,582
YORW,YORK WATER COMPANY,583
YSI,U STORE IT TRUST,584
YUM,YUM! BRANDS INC,585
ZAGG,ZAGG INCORPORATED,586
ZEP,ZEP INC,588
ZEUS,OLYMPIC STEEL INC,589
ZGNX,ZOGENIX INC,572
ZIGO,ZYGO CORP,573
ZION,ZIONS BANCORPORATION,575
ZIOP,ZIOPHARM ONCOLOGY INC,576
ZIP,ZIPCAR INC,577
ZIXI,ZIX CORP,578
ZLC,ZALE CORP,579
ZLCS,ZALICUS INC,580
ZMH,ZIMMER HOLDINGS INC,581
ZN,ZION OIL & GAS INC,582
ZOLL,ZOLL MEDICAL CORP,583
ZOLT,ZOLTEK COMPANIES INC,584
ZQK,QUIKSILVER INC,585
ZRAN,ZORAN CORP,586
ZUMZ,ZUMIEZ INC,587
ZZ,SEALY CORP,588
