symbol,company,side,page,row_top
AAMC,ALTISOURCE ASSET MGMT,left,2,2134
AAOI,APPLIED OPTOELECTRONICS,left,2,4329
AAON,AAON INC,left,1,2380
AAT,AMERICAN ASSETS TRST IN,left,2,3635
AAWW,ATLAS AIR WORLDWIDE HLD,left,3,3635
ABAX,ABAXIS INC,left,1,2612
ABCB,AMERIS BANCORP,left,2,863
ABCO,ADVISORY BOARD CO,left,1,2150
ABG,ASBURY AUTOMOTIVE GROUP,left,3,2364
ABM,ABM INDUSTRIES INC,left,1,2843
ABMD,ABIOMED INC,left,1,2727
ACAD,ACADIA PHARMACEUTICALS,left,1,3306
ACAT,ARCTIC CAT INC,left,2,5137
ACCO,ACCO BRANDS CORP,left,1,3767
ACET,ACETO CORP,left,1,4230
ACHC,ACADIA HEALTHCARE CO,left,1,3190
ACHN,ACHILLION PHARM,left,1,4461
ACI,ARCH COAL INC,left,2,5022
ACIW,ACI WORLDWIDE INC,left,1,4577
ACLS,AXCELIS TECHNOLOGIES IN,left,3,4906
ACOR,ACORDA THERAPEUTICS INC,left,1,4691
ACRE,ARES COML REAL ESTATE,left,3,978
ACRX,ACELRX PHARMACEUTICALS,left,1,4114
ACTG,ACACIA RESEARCH CORP,left,1,3074
ACW,ACCURIDE CORP NEW,left,1,3998
ACXM,ACXIOM CORP,left,1,5154
ADC,AGREE REALTY CORP,left,1,3767
ADES,ADVANCED EMISSIONS INC,left,1,1803
ADMS,ADAMAS PHARMACEUTICALS,left,1,1341
ADNC,AUDIENCE INC,left,3,4098
ADTN,ADTRAN INC,left,1,1687
ADUS,ADDUS HOMECARE CORP,left,1,1572
ADVS,ADVENT SOFTWARE INC,left,1,2034
AE,ADAMS RESOURCES & ENERG,left,1,1456
AEC,ASSOCIATED ESTATES RLTY,left,3,2942
AEGN,AEGION CORP,left,1,2380
AEGR,AEGERION PHARM INC,left,1,2265
AEIS,ADVANCED ENERGY INDS IN,left,1,1919
AEL,AMERICAN EQUITY INVST,left,2,4213
AEO,AMERICAN EAGLE OUTFITTE,left,2,4098
AEPI,AEP INDUSTRIES INC,left,1,2496
AERI,AERIE PHARMACEUTICALS,left,1,2612
AF,ASTORIA FINANCIAL CORP,left,3,3173
AFAM,ALMOST FAMILY INC,left,2,1671
AFFX,AFFYMETRIX INC,left,1,3190
AFH,ATLAS FINANCIAL HOLDING,left,3,3751
AFOP,ALLIANCE FIBER OPTIC,left,2,1208
AFSI,AMTRUST FINL SVCS,left,2,1902
AGEN,AGENUS INC,left,1,3421
AGII,ARGO GROUP INTL,left,3,1208
AGIO,AGIOS PHARMACEUTICALS,left,1,3651
AGM,FEDERAL AGRIC MTG CO,left,9,4329
AGTC,APPLIED GENETIC TECH,left,2,3982
AGX,ARGAN INC,left,3,1094
AGYS,AGILYSYS INC,left,1,3536
AHC,A H BELO CORP,left,1,2034
AHH,ARMADA HOFFLER PPTYS IN,left,3,1555
AHP,ASHFORD HOSP PRIME,left,3,2595
AHS,AMN HEALTHCARE SERVICES,left,2,1324
AHT,ASHFORD HOSPITALITY,left,3,2711
AI,ARLINGTON ASSET INVT,left,3,1440
AIMC,ALTRA INDUSTRIAL MOTION,left,2,2480
AIN,ALBANY INTERNATIONAL,left,1,4691
AIQ,ALLIANCE HEALTHCARE SVC,left,2,1324
AIR,AAR CORP,left,1,2496
AIRM,AIR METHODS CORP,left,1,3883
AIT,APPLIED INDUSTRIAL TECH,left,2,4098
AKAO,ACHAOGEN INC,left,1,4345
AKBA,AKEBIA THERAPEUTICS INC,left,1,4345
AKR,ACADIA REALTY TRUST,left,1,3421
AKRX,AKORN INC,left,1,4461
AKS,AK STEEL HOLDING CORP,left,1,4230
ALCO,ALICO INC,left,2,747
ALDR,ALDER BIOPHARMACEUTICAL,left,1,4923
ALE,ALLETE INC,left,2,1094
ALEX,ALEXANDER & BALDWIN INC,left,1,5038
ALG,ALAMO GROUP INC,left,1,4577
ALGT,ALLEGIANT TRAVEL CO,left,2,978
ALIM,ALIMERA SCIENCES INC,left,2,863
ALJ,ALON USA ENERGY INC,left,2,1787
ALOG,ANALOGIC CORP,left,2,2249
ALX,ALEXANDERS INC,left,1,5154
AMAG,AMAG PHARMACEUTICALS IN,left,2,2595
AMBA,AMBARELLA INC,left,2,2827
AMBC,AMBAC FINL GROUP INC,left,2,2711
AMBR,AMBER RD INC,left,2,2942
AMC,AMC ENTERTAINMENT,left,2,3058
AMCC,APPLIED MICRO CIRCUITS,left,2,4213
AMED,AMEDISYS INC,left,2,3173
AMKR,AMKOR TECHNOLOGY INC,left,2,1208
AMNB,AMERICAN NATL BANKSHARE,left,2,4329
AMPE,AMPIO PHARMACEUTICALS,left,2,1555
AMRC,AMERESCO INC,left,2,3520
AMRE,AMREIT INC,left,2,1671
AMRI,ALBANY MOLECULAR RESRCH,left,1,4807
AMRS,AMYRIS INC,left,2,2018
AMSF,AMERISAFE INC,left,2,978
AMSG,AMSURG CORP,left,2,1787
AMSWA,AMERICAN SOFTWARE INC,left,2,4791
AMTG,APOLLO RESIDENTIAL MTG,left,2,3866
AMWD,AMERICAN WOODMARK CORP,left,2,5137
AMZG,AMERICAN EAGLE ENERGY,left,2,3982
ANAC,ANACOR PHARM INC,left,2,2134
ANDE,ANDERSONS INC,left,2,2364
ANGI,ANGIES LIST INC,left,2,2480
ANGO,ANGIODYNAMICS INC,left,2,2595
ANH,ANWORTH MORTGAGE ASSET,left,2,3405
ANIK,ANIKA THERAPEUTICS INC,left,2,2827
ANIP,ANI PHARMACEUTICALS INC,left,2,2711
ANN,ANN INC,left,2,3058
ANR,ALPHA NATURAL RESOURCES,left,2,2018
ANV,ALLIED NEVADA GOLD CORP,left,2,1555
AOI,ALLIANCE ONE INTL INC,left,2,1440
AOSL,ALPHA & OMEGA SEMICON,left,2,1902
AP,AMPCO-PITTSBURGH CORP,left,2,1440
APAGF,APCO OIL & GAS INTL INC,left,2,3520
APEI,AMER PUBLIC EDUCATION,left,2,3289
APOG,APOGEE ENTERPRISES INC,left,2,3635
ARAY,ACCURAY INC,left,1,3883
ARC,ARC DOCUMENT SOLUTIONS,left,2,4676
ARCB,ARCBEST CORPORATION,left,2,4906
ARCW,ARC GROUP WORLDWIDE INC,left,2,4791
AREX,APPROACH RESOURCES INC,left,2,4445
ARI,APOLLO COMMERCIAL RE,left,2,3751
ARIA,ARIAD PHARMACEUTICALS,left,3,1324
ARII,AMERICAN RAILCAR IND,left,2,4445
ARNA,ARENA PHARMACEUTICALS,left,3,863
ARO,AEROPOSTALE INC,left,1,2959
AROW,ARROW FINANCIAL CORP,left,3,1902
ARPI,AMERICAN RESIDENTIAL PP,left,2,4560
ARR,ARMOUR RESIDENTIAL REIT,left,3,1671
ARRY,ARRAY BIOPHARMA INC,left,3,1787
ARTNA,ARTESIAN RESOURCES CORP,left,3,2134
ARUN,ARUBA NETWORKS INC,left,3,2249
ARWR,ARROWHEAD RESH CORP,left,3,2018
ARX,AEROFLEX HLDG CORP,left,1,2727
ASC,ARDMORE SHIPPING CORP,left,3,747
ASCMA,ASCENT CAPITAL GROUP IN,left,3,2480
ASEI,AMERICAN SCIENCE & ENGR,left,2,4676
ASGN,ON ASSIGNMENT INC,left,17,3405
ASPS,ALTISOURCE PORTFOLIO,left,2,2249
ASPX,AUSPEX PHARMACEUTICALS,left,3,4213
ASTE,ASTEC INDUSTRIES INC,left,3,3058
AT,ATLANTIC PWR CORP,left,3,3405
ATEN,A10 NETWORKS INC,left,1,2265
ATLO,AMES NATL CORP,left,2,1094
ATNI,ATLANTIC TELE-NETWORK,left,3,3520
ATNM,ACTINIUM PHARMACEUTICAL,left,1,4807
ATRC,ATRICURE INC,left,3,3866
ATRI,ATRION CORP,left,3,3982
ATRO,ASTRONICS CORP,left,3,3289
ATRS,ANTARES PHARMA INC,left,2,3289
ATSG,AIR TRANSPORT SERVICES,left,1,3998
ATU,ACTUANT CORP,left,1,4923
AUXL,AUXILIUM PHARMACEUTICAL,left,3,4329
AVA,AVISTA CORP,left,3,4676
AVAV,AEROVIRONMENT INC,left,1,3074
AVD,AMERICAN VANGUARD CORP,left,2,5022
AVG,AVG TECHNOLOGIES NV,left,3,4560
AVHI,A V HOMES INC,left,1,2150
AVIV,AVIV REIT INC MD,left,3,4791
AVNR,AVANIR PHARMACEUTICALS,left,3,4445
AWR,AMERICAN STATES WATER C,left,2,4906
AXAS,ABRAXAS PETE CORP,left,1,2959
AXDX,ACCELERATE DIAGNOSTICS,left,1,3536
AXE,ANIXTER INTERNATIONAL,left,2,2942
AXL,AMERICAN AXLE & MFG,left,2,3751
AXLL,AXIALL CORP,left,3,5022
AYR,AIRCASTLE LTD,left,1,4114
AZPN,ASPEN TECHNOLOGY INC,left,3,2827
AZZ,AZZ INC,left,3,5137
B,BARNES GROUP INC,left,3,2827
BABY,NATUS MEDICAL INC,left,16,2942
BAGL,EINSTEIN NOAH REST GROU,left,8,2827
BALT,BALTIC TRADING LIMITED,left,3,1208
BANC,BANC OF CALIFORNIA INC,left,3,1324
BANF,BANCFIRST CORP,left,3,1440
BANR,BANNER CORP,left,3,2595
BAS,BASIC ENERGY SERVICES,left,3,3289
BBCN,BBCN BANCORP INC,left,3,3520
BBG,BILL BARRETT CORP,left,4,747
BBNK,BRIDGE CAPITAL HOLDINGS,left,4,5022
BBOX,BLACK BOX CORP,left,4,1902
BBRG,BRAVO BRIO RESTAURANT G,left,4,4791
BBSI,BARRETT BUSINESS SERVIC,left,3,3058
BBW,BUILD A BEAR WORKSHOP,left,4,2249
BBX,BBX CAPITAL CORPORATION,left,3,3635
BC,BRUNSWICK CORP,left,4,1787
BCC,BOISE CASCADE COMPANY,left,4,3520
BCEI,BONANZA CREEK ENER INC,left,4,3635
BCO,BRINKS CO,left,4,1094
BCOR,BLUCORA INC,left,4,2711
BCOV,BRIGHTCOVE INC,left,4,978
BCPC,BALCHEM CORP,left,3,978
BCRX,BIOCRYST PHARMACEUTICAL,left,4,978
BDBD,BOULDER BRANDS INC,left,4,4329
BDC,BELDEN INC,left,3,4213
BDE,BLACK DIAMOND INC,left,4,2018
BDGE,BRIDGE BANCORP INC,left,4,4906
BDSI,BIODELIVERY SCIENCES,left,4,1094
BEAT,BIOTELEMETRY INC,left,4,1555
BEBE,BEBE STORES INC,left,3,3982
BECN,BEACON ROOFING SUPPLY,left,3,3751
BEE,STRATEGIC HOTEL & RESOR,left,22,2480
BELFB,BEL FUSE INC,left,3,4098
BERY,BERRY PLASTICS GROUP,left,3,4791
BFAM,BRIGHT HORIZON FAMILY,left,4,863
BFIN,BANKFINANCIAL CORP,left,3,2364
BFS,SAUL CENTERS INC,left,21,3173
BGC,GENERAL CABLE CORP,left,10,1555
BGCP,BGC PARTNERS INC,left,3,4906
BGFV,BIG 5 SPORTING GOODS,left,3,5022
BGG,BRIGGS & STRATTON CO,left,4,747
BGS,B & G FOODS INC,left,3,747
BH,BIGLARI HOLDINGS INC,left,3,5137
BHE,BENCHMARK ELECTRONICS,left,3,4329
BHLB,BERKSHIRE HILLS BANCORP,left,3,4676
BID,SOTHEBYS,left,22,1440
BIOS,BIOSCRIP INC,left,4,1324
BIRT,ACTUATE CORP,left,1,5038
BJRI,BJS RESTAURANTS INC,left,4,1787
BKE,BUCKLE INC,left,4,2018
BKH,BLACK HILLS CORP,left,4,2134
BKMU,BANK MUTUAL CORP,left,3,2018
BKS,BARNES & NOBLE INC,left,3,2711
BKYF,BANK KY FINL CORP,left,3,1902
BLDR,BUILDERS FIRSTSOURCE IN,left,4,2364
BLKB,BLACKBAUD INC,left,4,2249
BLMN,BLOOMIN' BRANDS INC,left,4,2480
BLOX,INFOBLOX INC,left,12,3520
BLT,BLOUNT INTERNATIONAL IN,left,4,2595
BLUE,BLUEBIRD BIO INC,left,4,2942
BLX,BANCO LATINOAMERICANO,left,3,1555
BMI,BADGER METER INC,left,3,863
BMRC,BANK OF MARIN BANCORP,left,3,2134
BMTC,BRYN MAWR BANK CORP,left,4,1902
BNCL,BENEFICIAL MUTUAL INC,left,3,4445
BNCN,BNC BANCORP,left,4,3058
BNFT,BENEFITFOCUS INC,left,3,4560
BNNY,ANNIES INC,left,2,3173
BOBE,BOB EVANS FARMS INC,left,4,3173
BOFI,BOFI HLDG INC,left,4,3289
BONT,BON-TON STORES INC,left,4,3751
BOOM,DYNAMIC MATERIALS CORP,left,8,1094
BPFH,BOSTON PRIVATE FINANCIA,left,4,4098
BPI,BRIDGEPOINT ED INC,left,4,5137
BPTH,BIO PATH HOLDINGS INC,left,4,863
BPZ,BPZ RESOURCES INC,left,4,4560
BRC,BRADY CORP,left,4,4676
BRDR,BORDERFREE INC,left,4,3866
BREW,CRAFT BREW ALLIANCE,left,6,4906
BRKL,BROOKLINE BANCORP INC,left,4,1440
BRKS,BROOKS AUTOMATION INC,left,4,1555
BRLI,BIO-REFERENCE LABS INC,left,4,1208
BRS,BRISTOW GROUP INC,left,4,1208
BRSS,GLOBAL BRASS & COPPR HL,left,10,4098
BSFT,BROADSOFT INC,left,4,1324
BSRR,SIERRA BANCORP,left,21,3289
BSTC,BIOSPECIFICS TECHNO COR,left,4,1440
BTX,BIOTIME INC,left,4,1671
BURL,BURLINGTON STORES INC,left,4,2480
BUSE,FIRST BUSEY CORP,left,9,2018
BV,BAZAARVOICE INC,left,3,3405
BWINB,BALDWIN & LYONS INC,left,3,1094
BWLD,BUFFALO WILD WINGS INC,left,4,2134
BWS,BROWN SHOE INC,left,4,1671
BXS,BANCORPSOUTH INC,left,3,1787
BYD,BOYD GAMING CORP,left,4,4445
BZH,BEAZER HOMES USA INC,left,3,3866
CAC,CAMDEN NATIONAL CORP,left,4,4560
CACB,CASCADE BANCORP,left,5,2711
CACC,CREDIT ACCEP CORP MICH,left,7,747
CACI,CACI INTERNATIONAL INC,left,4,2827
CACQ,CAESARS ACQUISITION CO,left,4,2942
CAKE,CHEESECAKE FACTORY INC,left,5,2942
CALD,CALLIDUS SOFTWARE INC,left,4,4213
CALL,MAGICJACK VOCALTEC LTD,left,14,5137
CALM,CAL MAINE FOODS INC,left,4,3289
CALX,CALIX INC,left,4,3982
CAMP,CALAMP CORP,left,4,3520
CAP,CAI INTERNATIONAL INC,left,4,3173
CARA,CARA THERAPEUTICS INC,left,5,1208
CARB,CARBONITE INC,left,5,1440
CAS,CASTLE A M & CO,left,5,3405
CASH,META FINANCIAL GROUP IN,left,15,3520
CASS,CASS INFORMATION SYSTEM,left,5,3289
CASY,CASEYS GENERAL STORES,left,5,3058
CATM,CARDTRONICS INC,left,5,1787
CATO,CATO CORP,left,5,3866
CATY,CATHAY GENERAL BANCORP,left,5,3751
CAVM,CAVIUM INC,left,5,4098
CBB,CINCINNATI BELL INC,left,5,5137
CBEY,CBEYOND INC,left,5,4213
CBF,CAPITAL BANK FINANCIAL,left,4,5022
CBK,CHRISTOPHER & BANKS COR,left,5,4445
CBM,CAMBREX CORP,left,4,4445
CBPX,CONTINENTAL BLDG PRODS,left,6,2595
CBR,CIBER INC,left,5,4791
CBRL,CRACKER BARREL STORE,left,6,4791
CBU,COMMUNITY BANK SYSTEMS,left,6,4791
CBZ,CBIZ INC,left,5,4329
CCBG,CAPITAL CITY BANK GROUP,left,4,5137
CCC,CALGON CARBON CORP,left,4,3751
CCF,CHASE CORP,left,5,2480
CCG,CAMPUS CREST CMNTYS INC,left,4,4676
CCMP,CABOT MICROELECTRONICS,left,4,2711
CCNE,CNB FINL CORP PA,left,6,2711
CCOI,COGENT COMM HOLDINGS,left,6,3289
CCRN,CROSS COUNTRY HEALTHCAR,left,7,978
CCXI,CHEMOCENTRYX INC,left,5,3520
CDE,COEUR MINING INC,left,6,3173
CDI,CDI CORP,left,5,4445
CDR,CEDAR REALTY TRUST INC,left,5,4676
CEB,CORPORATE EXECUTIVE,left,6,3982
CECE,CECO ENVIRONMENTAL CORP,left,5,4560
CECO,CAREER EDUCATION CORP,left,5,2018
CEMP,CEMPRA INC,left,5,5137
CENTA,CENTRAL GARDEN & PET CO,left,5,1094
CENX,CENTURY ALUMINUM CO,left,5,1324
CERS,CERUS CORP,left,5,1787
CETV,CENTRAL EUROPEAN MEDIA,left,5,978
CEVA,CEVA INC,left,5,1902
CFFN,CAPITOL FEDERAL FINL IN,left,5,863
CFI,CULP INC,left,7,2249
CFNL,CARDINAL FINANCIAL CORP,left,5,1555
CGI,CELADON GROUP INC,left,5,4791
CGNX,COGNEX CORP,left,6,3405
CHCO,CITY HOLDING CO,left,6,1440
CHDN,CHURCHILL DOWNS INC,left,5,4560
CHDX,CHINDEX INTERNATIONAL,left,5,4213
CHE,CHEMED CORPORATION,left,5,3289
CHEF,CHEFS' WHAREHOUSE INC,left,5,3058
CHFC,CHEMICAL FINANCIAL CORP,left,5,3405
CHFN,CHARTER FINL CORP WEST,left,5,2364
CHGG,CHEGG INC,left,5,3173
CHMT,CHEMTURA CORP,left,5,3635
CHSP,CHESAPEAKE LODGING TRUS,left,5,3751
CHUY,CHUY'S HOLDINGS INC,left,5,4676
CIA,CITIZENS INC,left,6,1324
CIDM,CINEDIGM CORP,left,6,747
CIEN,CIENA CORP,left,5,4906
CIFC,CIFC CORP,left,5,5022
CIR,CIRCOR INTERNATIONAL IN,left,6,863
CJES,C&J ENERGY SERVICES INC,left,4,2595
CKEC,CARMIKE CINEMAS INC,left,5,2249
CKH,SEACOR HOLDINGS INC,left,21,5137
CKP,CHECKPOINT SYSTEMS INC,left,5,2827
CLC,CLARCOR INC,left,6,1671
CLCT,COLLECTORS UNIVERSE INC,left,6,3866
CLD,CLOUD PEAK ENERGY INC,left,6,2364
CLDT,CHATHAM LODGING TR,left,5,2595
CLDX,CELLDEX THERAPEUTICS IN,left,5,4906
CLFD,CLEARFIELD INC,left,6,1902
CLI,MACK CALI REALTY CORP,left,14,4676
CLMS,CALAMOS ASSET MGMT INC,left,4,3405
CLNE,CLEAN ENERGY FUELS CORP,left,6,1787
CLNY,COLONY FINANCIAL INC,left,6,3982
CLVS,CLOVIS ONCOLOGY INC,left,6,2480
CLW,CLEARWATER PAPER CORP,left,6,2018
CMC,COMMERCIAL METALS CO,left,6,4560
CMCO,COLUMBUS MCKINNON CORP,left,6,4329
CMLS,CUMULUS MEDIA INC,left,7,2364
CMN,CANTEL MEDICAL CORP,left,4,4791
CMO,CAPSTEAD MORTGAGE CORP,left,5,978
CMRX,CHIMERIX INC,left,5,4098
CMTL,COMTECH TELECOMM,left,6,1324
CNBC,CENTER BANCORP INC,left,5,747
CNBKA,CENTURY BANCORP INC,left,5,1440
CNL,CLECO CORP,left,6,2134
CNMD,CONMED CORP,left,6,1555
CNO,CNO FINANCIAL GROUP,left,6,2827
CNOB,CONNECTONE BANCORP INC,left,6,1787
CNS,COHEN & STEERS INC,left,6,3520
CNSI,COMVERSE INC,left,6,1440
CNSL,CONSOLIDATED COMM,left,6,2018
CNVR,CONVERSANT INC,left,6,2942
COB,COMMUNITYONE BANCORP,left,6,5022
COBZ,COBIZ FINANCIAL INC,left,6,2942
CODE,SPANSION INC,left,22,2249
COHR,COHERENT INC,left,6,3635
COHU,COHU INC,left,6,3751
COKE,COCA COLA BOTTLING,left,6,3058
COLB,COLUMBIA BKG SYSTEM INC,left,6,4098
COLM,COLUMBIA SPORTSWEAR CO,left,6,4213
CONE,CYRUSONE INC,left,7,3405
CONN,CONNS INC,left,6,1902
COR,CORESITE REALTY CORP,left,6,3635
CORE,CORE MARK HOLDING CO IN,left,6,3405
CORR,CORENERGY INFRASTRUCT,left,6,3520
CORT,CORCEPT THERAPEUTICS IN,left,6,3289
COUP,COUPONS COM INC,left,6,4213
COVS,COVISINT CORPORATION,left,6,4445
COWN,COWEN GROUP INC,left,6,4560
CPE,CALLON PETROLEUM CO,left,4,4329
CPF,CENTRAL PACIFIC FINL,left,5,1208
CPHD,CEPHEID INC,left,5,1671
CPK,CHESAPEAKE UTILITIES,left,5,3866
CPLA,CAPELLA EDUCATION CO,left,4,4906
CPS,COOPER STD HLDGS INC,left,6,3058
CPSI,COMPUTER PROGRAMS & SYS,left,6,747
CPSS,CONSUMER PORTFOLIO SVCS,left,6,2364
CPST,CAPSTONE TURBINE CORP,left,5,1094
CPWR,COMPUWARE CORP,left,6,978
CQB,CHIQUITA BRANDS INTL IN,left,5,4329
CRAI,CRA INTERNATIONAL INC,left,6,4676
CRAY,CRAY INC,left,6,5137
CRCM,CARE.COM INC,left,5,1902
CRD.B,CRAWFORD & CO,left,6,5022
CRK,COMSTOCK RESOURCES INC,left,6,1208
CRMT,AMERICAS CAR-MART INC,left,2,747
CROX,CROCS INC,left,7,863
CRR,CARBO CERAMICS INC,left,5,1324
CRRS,CORP RES SVCS INC,left,6,3866
CRUS,CIRRUS LOGIC INC,left,6,978
CRVL,CORVEL CORP,left,6,4098
CRWN,CROWN MEDIA HOLDINGS IN,left,7,1094
CRY,CRYOLIFE INC,left,7,1208
CRZO,CARRIZO OIL & GAS INC,left,5,2480
CSBK,CLIFTON BANCORP INC,left,6,2249
CSCD,CASCADE MICROTECH INC,left,5,2827
CSFL,CENTERSTATE BANKS INC,left,5,863
CSG,CHAMBERS STR PPTYS,left,5,2018
CSGS,CSG SYSTEMS INTL INC,left,7,1324
CSH,CASH AMERICA INTL INC,left,5,3173
CSII,CARDIOVASCULAR SYS INC,left,5,1671
CSLT,CASTLIGHT HEALTH INC,left,5,3520
CSOD,CORNERSTONE ONDEMAND IN,left,6,3751
CSS,CSS INDUSTRIES INC,left,7,1440
CSU,CAPITAL SENIOR LIVING,left,5,747
CSV,CARRIAGE SERVICES INC,left,5,2364
CTB,COOPER TIRE & RUBBER CO,left,6,3173
CTBI,COMMUNITY TRUST BANCORP,left,6,4906
CTCT,CONSTANT CONTACT INC,left,6,2249
CTG,COMPUTER TASK GROUP INC,left,6,863
CTIC,CTI BIOPHARMA CORP,left,7,1555
CTO,CONSOLIDATED TOMOKA LAN,left,6,2134
CTRE,CARETRUST REIT INC,left,5,2134
CTRL,CONTROL4 CORPORATION,left,6,2711
CTRN,CITI TRENDS INC,left,6,1094
CTS,CTS CORP,left,7,1671
CTT,CATCHMARK TIMBER TRUST,left,5,3635
CTWS,CONNECTICUT WATER SVC,left,6,1671
CUB,CUBIC CORP,left,7,2018
CUBE,CUBESMART,left,7,1902
CUBI,CUSTOMERS BANCORP INC,left,7,2595
CUDA,BARRACUDA NETWORKS INC,left,3,2942
CUI,CUI GLOBAL INC,left,7,2134
CUNB,CU BANCORP CALIF,left,7,1787
CUR,NEURALSTEM INC,left,16,4791
CUZ,COUSINS PROPERTIES INC,left,6,4329
CVBF,CVB FINANCIAL CORP,left,7,2711
CVCO,CAVCO INDUSTRIES INC,left,5,3982
CVEO,CIVEO CORP,left,6,1555
CVG,CONVERGYS CORP,left,6,2827
CVGI,COMMERCIAL VEH GROUP IN,left,6,4676
CVGW,CALAVO GROWERS INC,left,4,3635
CVLT,COMMVAULT SYSTEMS INC,left,6,5137
CVO,CENVEO INC,left,5,1555
CVT,CVENT INC,left,7,2827
CW,CURTISS WRIGHT CORP,left,7,2480
CWEI,WILLIAMS CLAYTON ENERGY,left,25,5022
CWST,CASELLA WASTE SYSTEMS,left,5,2942
CWT,CALIFORNIA WTR SVC GRP,left,4,3866
CY,CYPRESS SEMICONDUCTOR,left,7,3289
CYBX,CYBERONICS INC,left,7,3058
CYNI,CYAN INC,left,7,2942
CYNO,CYNOSURE INC,left,7,3173
CYS,CYS INVESTMENTS INC,left,7,3520
CYTK,CYTOKINETICS INC,left,7,3635
CYTR,CYTRX CORP,left,7,3866
CYTX,CYTORI THERAPEUTICS INC,left,7,3751
CZNC,CITIZENS & NORTHERN COR,left,6,1208
CZR,CAESARS ENTMT CORP,left,4,3058
DAKT,DAKTRONICS INC,left,7,4098
DAN,DANA HOLDING CORP,left,7,4213
DAR,DARLING INGREDIENTS INC,left,7,4329
DAVE,FAMOUS DAVES OF AMERICA,left,9,3751
DCO,DUCOMMUN INC,left,7,4906
DCOM,DIME CMNTY BANCSHARES,left,7,3520
DCT,DCT INDUSTRIAL TRUST IN,left,7,4676
DEL,DELTIC TIMBER CORP,left,7,747
DENN,DENNYS CORP,left,7,1324
DEPO,DEPOMED INC,left,7,1440
DEST,DESTINATION MATERNITY,left,7,1671
DF,DEAN FOODS COMPANY,left,7,4906
DFRG,DEL FRISCOS RESTAURANT,left,7,5022
DFT,DUPONT FABROS TECHNOLOG,left,7,5022
DFZ,BARRY R G CORP OHIO,left,3,3173
DGI,DIGITALGLOBE INC,left,7,3405
DGICA,DONEGAL GROUP INC,left,7,3982
DGII,DIGI INTL INC,left,7,3058
DHIL,DIAMOND HILL INVESTMENT,left,7,2364
DHT,DHT HOLDINGS INC,left,7,2134
DHX,DICE HOLDINGS INC,left,7,2827
DIN,DINEEQUITY INC,left,7,3635
DIOD,DIODES INC,left,7,3751
DJCO,DAILY JOURNAL CORP,left,7,3982
DK,DELEK US HLDGS INC,left,7,5137
DLX,DELUXE CORP,left,7,863
DMD,DEMAND MEDIA INC,left,7,978
DMND,DIAMOND FOODS INC,left,7,2249
DMRC,DIGIMARC CORPORATION,left,7,3173
DNDN,DENDREON CORP,left,7,1208
DOC,PHYSICIANS REALTY TRUST,left,19,978
DOOR,MASONITE INTL CORP NEW,left,15,3405
DORM,DORMAN PRODUCTS INC,left,7,4213
DRH,DIAMONDROCK HOSPITALITY,left,7,2711
DRII,DIAMOND RESORTS INT INC,left,7,2480
DRIV,DIGITAL RIVER INC,left,7,3289
DRNA,DICERNA PHARMACEUTICALS,left,7,2942
DRTX,DURATA THERAPEUTICS INC,left,7,5137
DSCI,DERMA SCIENCES INC,left,7,1555
DSPG,DSP GROUP INC,left,7,4676
DTLK,DATALINK CORP,left,7,4445
DTSI,DTS INC,left,7,4791
DVAX,DYNAVAX TECHNOLOGIES,left,8,1208
DW,DREW INDUSTRIES INC,left,7,4560
DWRE,DEMANDWARE INC,left,7,1094
DWSN,DAWSON GEOPHYSICAL CO,left,7,4560
DX,DYNEX CAPITAL INC,left,8,1440
DXCM,DEXCOM INC,left,7,2018
DXLG,DESTINATION XL GRP INC,left,7,1787
DXM,DEX MEDIA INC NEW,left,7,1902
DXPE,DXP ENTERPRISES INC NEW,left,8,747
DXYN,DIXIE GROUP INC,left,7,3866
DY,DYCOM INDUSTRIES INC,left,8,978
DYAX,DYAX CORP,left,8,863
DYN,DYNEGY INC NEW DEL,left,8,1324
EAC,ERICKSON INCORPORATED,left,8,4329
EBF,ENNIS INC,left,8,1787
EBIO,ELEVEN BIOTHERAPEUTICS,left,8,3405
EBIX,EBIX INC,left,8,2134
EBS,EMERGENT BIOSOLUTIONS,left,8,4213
EBSB,MERIDIAN INTERSTATE,left,15,2827
EBTC,ENTERPRISE BANCORP INC,left,8,2595
ECHO,ECHO GLOBAL LOGISTICS,left,8,2249
ECOL,US ECOLOGY INC,left,24,3751
ECOM,CHANNELADVISOR CORP,left,5,2134
ECPG,ENCORE CAPITAL GROUP IN,left,8,5137
ECYT,ENDOCYTE INC,left,8,863
EDE,EMPIRE DISTRICT ELECTRI,left,8,4445
EDMC,EDUCATION MGMT CORP,left,8,2364
EDR,EDUCATION REALTY TRUST,left,8,2480
EE,EL PASO ELECTRIC CO,left,8,2942
EEFT,EURONET WORLDWIDE INC,left,9,863
EFII,ELECTRONICS FOR IMAGING,left,8,3289
EFSC,ENTERPRISE FINL SERVICE,left,8,2711
EGBN,EAGLE BANCORP INC,left,8,1671
EGHT,8X8 INC NEW,left,1,1919
EGL,ENGILITY HOLDINGS INC,left,8,1671
EGLT,EGALET CORPORATION,left,8,2595
EGOV,NIC INC,left,17,2249
EGP,EASTGROUP PROPERTIES IN,left,8,1902
EGY,VAALCO ENERGY INC,left,24,4445
EHTH,EHEALTH INC,left,8,2711
EIG,EMPLOYERS HOLDINGS INC,left,8,4791
EIGI,ENDURANCE INTERNATIONAL,left,8,1094
ELGX,ENDOLOGIX INC,left,8,978
ELLI,ELLIE MAE INC,left,8,3635
ELNK,EARTHLINK HOLDINGS CORP,left,8,1787
ELRC,ELECTRO RENT CORP,left,8,3058
ELX,EMULEX CORP,left,8,4906
ELY,CALLAWAY GOLF CO,left,4,4098
EMCI,EMC INS GROUP INC,left,8,3866
EME,EMCOR GROUP INC,left,8,3982
ENOC,ENERNOC INC,left,8,1440
ENPH,ENPHASE ENERGY INC,left,8,1902
ENS,ENERSYS INC,left,8,1555
ENSG,ENSIGN GROUP INC,left,8,2134
ENT,GLOBAL EAGLE ENTMT INC,left,10,4329
ENTA,ENANTA PHARMACEUTICALS,left,8,5022
ENTG,ENTEGRIS INC,left,8,2364
ENTR,ENTROPIC COMMUNICATIONS,left,8,2942
ENV,ENVESTNET INC,left,8,3173
ENVE,ENVENTIS CORPORATION,left,8,3058
ENZ,ENZO BIOCHEM INC,left,8,3289
EOPN,E2OPEN INC,left,8,1555
EOX,EMERALD OIL INC,left,8,4098
EPAM,EPAM SYSTEMS INC,left,8,3405
EPAY,BOTTOMLINE TECHNOLOGIES,left,4,4213
EPIQ,EPIQ SYSTEMS INC,left,8,3520
EPM,EVOLUTION PETROLEUM COR,left,9,1440
EPR,EPR PROPERTIES,left,8,3866
EPZM,EPIZYME INC,left,8,3635
EQU,EQUAL ENERGY LTD,left,8,3982
EQY,EQUITY ONE INC,left,8,4098
ERA,ERA GROUP INC,left,8,4213
ERII,ENERGY RECOVERY INC,left,8,1208
EROS,EROS INTL PLC,left,8,4445
ESBF,ESB FINANCIAL CORP,left,8,4560
ESC,EMERITUS CORP,left,8,4329
ESCA,ESCALADE INC,left,8,4676
ESE,ESCO TECHNOLOGIES INC,left,8,4791
ESGR,ENSTAR GROUP LIMITED,left,8,2249
ESI,ITT EDUCATIONAL SVCS IN,left,13,1208
ESIO,ELECTRO SCIENTIFIC INDS,left,8,3173
ESL,ESTERLINE TECHNOLOGIES,left,8,5137
ESNT,ESSENT GROUP LTD,left,8,5022
ESPR,ESPERION THERAPEUTICS,left,8,4906
ESRT,EMPIRE STATE REALTY,left,8,4676
ETH,ETHAN ALLEN INTERIORS,left,9,747
ETM,ENTERCOM COMMUNICATIONS,left,8,2480
EVC,ENTRAVISION COMM,left,8,2827
EVDY,EVERYDAY HEALTH INC,left,9,1324
EVER,EVERBANK FINL CORP,left,9,978
EVR,EVERCORE PARTNERS,left,9,1094
EVTC,EVERTEC INC,left,9,1208
EXAC,EXACTECH INC,left,9,1671
EXAM,EXAMWORKS GROUP INC,left,9,1787
EXAR,EXAR CORP,left,9,1902
EXAS,EXACT SCIENCES CORP,left,9,1555
EXEL,EXELIXIS INC,left,9,2249
EXH,EXTERRAN HOLDINGS INC,left,9,2827
EXL,EXCEL TR INC,left,9,2018
EXLS,EXLSERVICE HOLDINGS INC,left,9,2364
EXPO,EXPONENT INC,left,9,2595
EXPR,EXPRESS INC,left,9,2711
EXTR,EXTREME NETWORKS INC,left,9,2942
EXXI,ENERGY XXI (BERMUDA) LT,left,8,1324
EZPW,EZCORP INC,left,9,3058
FAF,FIRST AMERICAN FINL COR,left,9,1555
FANG,DIAMONDBACK ENERGY INC,left,7,2595
FARM,FARMER BROS CO,left,9,3866
FARO,FARO TECHNOLOGIES INC,left,9,3982
FBC,FLAGSTAR BANCORP INC,left,9,4906
FBIZ,FIRST BUSINESS FINL SVC,left,9,2134
FBNC,FIRST BANCORP NC,left,9,1787
FBNK,FIRST CONN BANCORP INC,left,9,2711
FBP,FIRST BANCORP PR,left,9,1902
FBRC,FBR & CO,left,9,4213
FC,FRANKLIN COVEY CO,left,10,2595
FCBC,FIRST CMNTY BANCSHAR,left,9,2480
FCEL,FUELCELL ENERGY INC,left,10,3982
FCF,FIRST COMMONWLTH FINL,left,9,2595
FCFS,FIRST CASH FINANCIAL,left,9,2249
FCH,FELCOR LODGING TRUST IN,left,9,4906
FCN,FTI CONSULTING INC,left,10,3751
FCNCA,FIRST CITIZENS BANCSHRS,left,9,2364
FCS,FAIRCHILD SEMICONDUCTOR,left,9,3405
FDEF,FIRST DEFIANCE FINANCIA,left,9,2827
FDML,FEDERAL MOGUL HOLDINGS,left,9,4445
FDP,FRESH DEL MONTE PRODUCE,left,10,3289
FEIC,FEI CO,left,9,4791
FELE,FRANKLIN ELECTRIC CO,left,10,2711
FET,FORUM ENERGY TECH,left,10,1787
FF,FUTUREFUEL CORPORATION,left,10,4560
FFBC,FIRST FINANCIAL BANCORP,left,9,2942
FFG,FBL FINANCIAL GROUP INC,left,9,4098
FFIC,FLUSHING FINANCIAL CORP,left,10,1094
FFIN,FIRST FINL BANKSHARES,left,9,3289
FFNW,FIRST FINL NORTHWEST,left,9,3405
FGL,FIDELITY & GUARANTY,left,9,747
FHCO,FEMALE HEALTH CO,left,9,5022
FIBK,FIRST INTST BANCSYSTEM,left,9,3635
FICO,FAIR ISAAC CORP,left,9,3289
FINL,FINISH LINE INC,left,9,1440
FIO,FUSION-IO INC,left,10,4445
FISI,FINANCIAL INSTNS INC,left,9,1208
FIVE,FIVE BELOW,left,9,4445
FIVN,FIVE9 INC,left,9,4791
FIX,COMFORT SYSTEMS USA INC,left,6,4445
FIZZ,NATIONAL BEVERAGE CORP,left,16,1440
FLDM,FLUIDIGM CORP,left,10,978
FLIC,FIRST LONG ISLAND CORP,left,9,3751
FLTX,FLEETMATICS GROUP PLC,left,9,5022
FLWS,1-800 FLOWERS COM,left,1,1341
FLXN,FLEXION THERAPEUTICS IN,left,9,5137
FLXS,FLEXSTEEL INDUSTRIES IN,left,10,747
FMBI,FIRST MIDWEST BANCORP,left,9,3982
FMER,FIRSTMERIT CORP,left,9,4329
FMI,FOUNDATION MEDICINE INC,left,10,2134
FN,FABRINET,left,9,3173
FNB,FNB CORP,left,10,1208
FNGN,FINANCIAL ENGINES INC,left,9,1094
FNHC,FEDERATED NATL HOLDING,left,9,4676
FNLC,FIRST BANCORP INC,left,9,1671
FNSR,FINISAR CORP,left,9,1324
FOE,FERRO CORP,left,9,5137
FOR,FORESTAR GROUP INC,left,10,1440
FORM,FORMFACTOR INC,left,10,1555
FORR,FORRESTER RESEARCH INC,left,10,1671
FOXF,FOX FACTORY HOLDING COR,left,10,2364
FPO,FIRST POTOMAC REALTY TR,left,9,4213
FPRX,FIVE PRIME THERAPEUTICS,left,9,4560
FR,FIRST INDUSTRIAL RLTY T,left,9,3520
FRAN,FRANCESCAS HOLDINGS COR,left,10,2480
FRBK,REPUBLIC FIRST BANCORP,left,20,4791
FRED,FREDS INC,left,10,3058
FRGI,FIESTA RESTAURANT GROUP,left,9,978
FRM,FURMANITE CORP,left,10,4329
FRME,FIRST MERCHANTS CORP,left,9,3866
FRNK,FRANKLIN FINL CORP VA,left,10,2827
FRO,FRONTLINE LTD,left,10,3520
FRP,FAIRPOINT COMMUNICATION,left,9,3520
FRSH,PAPA MURPHYS HLDGS INC,left,18,4445
FSP,FRANKLIN STREET PPTYS C,left,10,2942
FSS,FEDERAL SIGNAL CORP,left,9,4560
FST,FOREST OIL CORP,left,10,1324
FSTR,FOSTER L B CO,left,10,2018
FSYS,FUEL SYSTEMS SOLUTIONS,left,10,3866
FTD,FTD COMPANIES INC,left,10,3635
FTK,FLOTEK INDS INC DEL,left,10,863
FUBC,1ST UNITED BANCORP INC,left,1,1572
FUEL,ROCKET FUEL INC,left,20,3173
FUL,FULLER H B CO,left,10,4098
FUR,WINTHROP REALTY TRUST,left,26,978
FURX,FURIEX PHARMACEUTICALS,left,10,4213
FVE,FIVE STAR QUALITY CARE,left,9,4676
FWM,FAIRWAY GROUP HLDGS COR,left,9,3635
FWRD,FORWARD AIR CORP,left,10,1902
FXCB,FOX CHASE BANCORP,left,10,2249
FXCM,FXCM INC,left,10,4791
FXEN,FX ENERGY INC,left,10,4676
GABC,GERMAN AMERICAN BANCORP,left,10,2827
GAIA,GAIAM INC,left,10,5022
GALE,GALENA BIOPHARMA INC,left,10,863
GALT,GALECTIN THERAPEUTICS,left,10,747
GB,GREATBATCH INC,left,11,2595
GBCI,GLACIER BANCORP INC,left,10,3635
GBL,GAMCO INVESTORS INC,left,10,978
GBLI,GLOBAL INDEMNITY PLC,left,10,4445
GBNK,GUARANTY BANCORP,left,11,3982
GBX,GREENBRIER COMPANIES IN,left,11,2942
GCA,GLOBAL CASH ACCESS INC,left,10,4213
GCAP,GAIN CAPITAL HLDNGS INC,left,10,5137
GCO,GENESCO INC,left,10,1902
GDOT,GREEN DOT CORP,left,11,2711
GDP,GOODRICH PETROLEUM CORP,left,11,1094
GEO,GEO GROUP INC,left,10,2595
GEOS,GEOSPACE TECHNOLOGIES,left,10,2711
GERN,GERON CORP,left,10,2942
GES,GUESS INC,left,11,4098
GEVA,SYNAGEVA BIOPHARMA CORP,left,23,1094
GFF,GRIFFON CORP,left,11,3289
GFIG,GFI GROUP INC,left,10,3173
GFN,GENERAL FINANCE CORP,left,10,1787
GHDX,GENOMIC HEALTH INC,left,10,2249
GHL,GREENHILL & CO INC,left,11,3058
GHM,GRAHAM CORP,left,11,1671
GIFI,GULF ISLAND FABRICATION,left,11,4445
GIII,G-III APPAREL GROUP LTD,left,10,3520
GIMO,GIGAMON INC,left,10,3405
GK,G&K SERVICES INC,left,10,4906
GLDD,GREAT LAKES DREDGE & DO,left,11,2364
GLF,GULFMARK OFFSHORE INC,left,11,4560
GLOG,GASLOG LTD,left,10,1094
GLPW,GLOBAL POWER EQUIPMENT,left,10,4560
GLRE,GREENLIGHT CAPITAL RE L,left,11,3173
GLRI,GLORI ENERGY INC,left,10,5137
GLT,GLATFELTER,left,10,3866
GLUU,GLU MOBILE INC,left,11,747
GMED,GLOBUS MEDICAL INC,left,10,5022
GNCA,GENOCEA BIOSCIENCES INC,left,10,2134
GNCMA,GENERAL COMMUNICATION,left,10,1671
GNMK,GENMARK DIAGNOSTICS INC,left,10,2018
GNRC,GENERAC HOLDINGS INC,left,10,1440
GOGO,GOGO INC,left,11,863
GOOD,GLADSTONE COMMERCIAL,left,10,3751
GORO,GOLD RESOURCE CORP,left,11,978
GOV,GOVERNMENT PPTY INCOME,left,11,1324
GPI,GROUP 1 AUTOMOTIVE INC,left,11,3405
GPK,GRAPHIC PACKAGING HLDG,left,11,2134
GPRE,GREEN PLAINS INC,left,11,2827
GPT,GRAMERCY PRPTY TRST INC,left,11,1787
GPX,GP STRATEGIES CORP,left,11,1440
GRC,GORMAN RUPP CO,left,11,1208
GRT,GLIMCHER REALTY TRUST,left,10,3982
GRUB,GRUBHUB INC,left,11,3520
GSAT,GLOBALSTAR INC,left,10,4791
GSBC,GREAT SOUTHERN BANCORP,left,11,2480
GSIG,GSI GROUP INC CDA NEW,left,11,3635
GSM,GLOBE SPECIALTY METALS,left,10,4906
GSOL,GLOBAL SOURCES LTD,left,10,4676
GST,GASTAR EXPL INC,left,10,1208
GTAT,GT ADVANCED TECHNOLOGIE,left,11,3751
GTI,GRAFTECH INTL LTD,left,11,1555
GTIV,GENTIVA HEALTH SERVICES,left,10,2480
GTLS,CHART INDUSTRIES INC,left,5,2249
GTN,GRAY TELEVISION INC,left,11,2249
GTS,TRIPLE-S MANAGEMENT COR,left,24,1208
GTT,GTT COMMUNICATIONS INC,left,11,3866
GTY,GETTY REALTY CORP,left,10,3058
GUID,GUIDANCE SOFTWARE INC,left,11,4213
GVA,GRANITE CONSTR INC,left,11,2018
GWRE,GUIDEWIRE SOFTWARE INC,left,11,4329
GY,GENCORP INC,left,10,1324
HA,HAWAIIAN HOLDINGS INC,left,11,2480
HAE,HAEMONETICS CORP,left,11,4906
HAFC,HANMI FINANCIAL CORP,left,11,1440
HALL,HALLMARK FINL SVCS INC,left,11,747
HALO,HALOZYME THERAPEUTICS,left,11,863
HASI,HANNON ARMSTRONG SUSTAI,left,11,1555
HAWK,BLACKHAWK NETWORK HLDGS,left,4,2364
HAYN,HAYNES INTERNATIONAL IN,left,11,2827
HBHC,HANCOCK HOLDING CO,left,11,1094
HBNC,HORIZON BANCORP IND,left,12,3289
HCCI,HERITAGE CRYL CLEAN INC,left,11,5137
HCI,HCI GROUP INC,left,11,2942
HCKT,HACKETT GROUP INC,left,11,4791
HCOM,HAWAIIAN TELCOM HOLDCO,left,11,2595
HCSG,HEALTHCARE SVCS GRP INC,left,11,3289
HCT,AMER RLTY CAP HEALTHCAR,left,2,3405
HEAR,TURTLE BEACH CORP,left,24,2711
HEES,H&E EQUIPMENT SERVICES,left,11,4676
HEI,HEICO CORP,left,11,4329
HELE,HELEN OF TROY LTD,left,11,4560
HELI,CHC GROUP LTD,left,5,2711
HEOP,HERITAGE OAKS BANCORP,left,12,978
HERO,HERCULES OFFSHORE INC,left,11,4906
HF,HFF INC,left,12,1440
HFWA,HERITAGE FINANCIAL CORP,left,12,747
HGG,HHGREGG INC,left,12,1555
HGR,HANGER INC,left,11,1324
HHS,HARTE HANKS INC,left,11,2018
HI,HILLENBRAND INC,left,12,2134
HIBB,HIBBETT SPORTS INC,left,12,1671
HIL,HILL INTERNATIONAL INC,left,12,2018
HILL,DOT HILL SYS CORP,left,7,4329
HITT,HITTITE MICROWAVE CORP,left,12,2364
HIVE,AEROHIVE NETWORKS INC,left,1,2843
HIW,HIGHWOODS PROPERTIES IN,left,12,1902
HK,HALCON RESOURCES CORP,left,11,5022
HL,HECLA MINING CO,left,11,4213
HLIT,HARMONIC INC,left,11,1787
HLS,HEALTHSOUTH CORP,left,11,3405
HLSS,HOME LOAN SERVICING SOL,left,12,2827
HLX,HELIX ENERGY SOLUTIONS,left,11,4676
HMHC,HOUGHTON MIFFLIN HARCOU,left,12,3751
HMN,HORACE MANN EDUCATORS,left,12,3173
HMPR,HAMPTON ROADS BANKSHARE,left,11,978
HMST,HOMESTREET INC,left,12,2942
HMSY,HMS HOLDINGS CORP,left,12,2480
HMTV,HEMISPHERE MEDIA GROUP,left,11,4791
HNH,HANDY & HARMAN HLDGS LT,left,11,1208
HNI,HNI CORPORATION,left,12,2595
HNR,HARVEST NATURAL RES,left,11,2134
HNRG,HALLADOR ENERGY CO,left,11,5137
HOMB,HOME BANCSHARES INC,left,12,2711
HOS,HORNBECK OFFSHORE SVCS,left,12,3520
HOV,HOVNANIAN ENTERPRISES,left,12,3982
HPP,HUDSON PAC PPTYS INC,left,12,4329
HPTX,HYPERION THERAPEUTICS I,left,12,4791
HPY,HEARTLAND PAYMENT SYS,left,11,3982
HR,HEALTHCARE REALTY TRUST,left,11,3173
HRG,HARBINGER GROUP INC,left,11,1671
HRTG,HERITAGE INS HLDGS INC,left,12,863
HRTX,HERON THERAPEUTICS INC,left,12,1208
HSC,HARSCO CORP,left,11,1902
HSII,HEIDRICK & STRUGGLES,left,11,4445
HSNI,HSN INC,left,12,4098
HSTM,HEALTHSTREAM INC,left,11,3520
HT,HERSHA HOSPITALITY TRUS,left,12,1324
HTBI,HOMETRUST BANCSHARES IN,left,12,3058
HTBK,HERITAGE COMMERCE CORP,left,11,5022
HTH,HILLTOP HOLDINGS INC,left,12,2249
HTLD,HEARTLAND EXPRESS INC,left,11,3751
HTLF,HEARTLAND FINANCIAL USA,left,11,3866
HTS,HATTERAS FINL CORP,left,11,2249
HTWR,HEARTWARE INTL INC,left,11,4098
HUBG,HUB GROUP INC,left,12,4213
HURC,HURCO COMPANIES INC,left,12,4560
HURN,HURON CONSULTING GROUP,left,12,4676
HVB,HUDSON VALLEY HOLDING,left,12,4445
HVT,HAVERTY FURNITURE INC,left,11,2364
HW,HEADWATERS INC,left,11,3058
HWAY,HEALTHWAYS INC,left,11,3635
HWCC,HOUSTON WIRE & CABLE,left,12,3866
HWKN,HAWKINS INC,left,11,2711
HY,HYSTER-YALE MATERIALS,left,12,4906
HZNP,HORIZON PHARMA INC,left,12,3405
HZO,MARINEMAX INC,left,15,2364
I,INTELSAT S A,left,13,1440
IART,INTEGRA LIFESCIENCES,left,13,978
IBCP,INDEPENDENT BANK CORP,left,12,2827
IBKC,IBERIABANK CORP,left,12,5022
IBOC,INTERNATIONAL BANCSHARE,left,13,2249
IBP,INSTALLED BLDNG PRODUCT,left,12,5022
IBTX,INDEPENDENT BK GROUP IN,left,12,3058
ICEL,CELLULAR DYNAMICS INT,left,5,5022
ICFI,ICF INTERNATIONAL INC,left,12,5137
ICGE,ICG GROUP INC,left,12,747
ICON,ICONIX BRAND GROUP INC,left,12,863
ICUI,ICU MEDICAL INC,left,12,978
IDA,IDACORP INC,left,12,1094
IDCC,INTERDIGITAL INC,left,13,1787
IDIX,IDENIX PHARMACEUTICALS,left,12,1208
IDRA,IDERA PHARMACEUTICALS,left,12,1324
IDT,IDT CORP,left,12,1440
IDTI,INTEGRATED DEVICE TECH,left,13,1094
IG,IGI LABS INC,left,12,1671
IGTE,IGATE CORP,left,12,1555
IHC,INDEPENDENCE HOLDING CO,left,12,2711
III,INFORMATION SERVICES GR,left,12,3635
IIIN,INSTEEL INDUSTRIES INC,left,12,5137
IILG,INTERVAL LEISURE GRP IN,left,13,2711
IIVI,II VI INC,left,12,1902
IL,INTRALINKS HLDGS INC,left,13,3289
IMGN,IMMUNOGEN INC,left,12,2134
IMKTA,INGLES MARKETS INC,left,12,3751
IMMR,IMMERSION CORP,left,12,2018
IMMU,IMMUNOMEDICS INC,left,12,2249
IMPV,IMPERVA INC,left,12,2480
INAP,INTERNAP NETWORK SVCS C,left,13,2134
INDB,INDEPENDENT BANK MA,left,12,2942
INFI,INFINITY PHARMACEUTICAL,left,12,3289
INFN,INFINERA CORP,left,12,3173
INGN,INOGEN INC,left,12,4329
ININ,INTERACTIVE INTELLIGENC,left,13,1671
INN,SUMMIT HOTEL PROPER,left,22,3173
INO,INOVIO PHARMACEUTICALS,left,12,4445
INSM,INSMED INC,left,12,4791
INSY,INSYS THERAPEUTICS INC,left,13,863
INTL,INTL FCSTONE INC,left,13,2942
INVN,INVENSENSE INC,left,13,3866
INWK,INNERWORKINGS INC,left,12,3982
IO,ION GEOPHYSICAL CORP,left,13,4560
IOSP,INNOSPEC INC,left,12,4213
IPAR,INTER PARFUMS INC,left,13,1555
IPCC,INFINITY PPTY & CAS COR,left,12,3405
IPCM,IPC THE HOSPITALIST CO,left,13,4676
IPHI,INPHI CORP,left,12,4560
IPHS,INNOPHOS HOLDINGS INC,left,12,4098
IPI,INTREPID POTASH INC,left,13,3520
IPXL,IMPAX LABORATORIES INC,left,12,2364
IQNT,INTELIQUENT INC,left,13,1324
IRBT,IROBOT CORP,left,13,4906
IRC,INLAND REAL ESTATE CORP,left,12,3866
IRDM,IRIDIUM COMMUNICATIONS,left,13,4791
IRET,INVESTORS REAL ESTATE T,left,13,4445
IRF,INTERNATIONAL RECTIFIER,left,13,2364
IRG,IGNITE RESTAURANT GROUP,left,12,1787
IRWD,IRONWOOD PHARMACEUTICAL,left,13,5022
ISBC,INVESTORS BANCORP INC,left,13,4329
ISCA,INTERNATIONAL SPEEDWAY,left,13,2480
ISH,INTL SHIPHOLDING CORP,left,13,3058
ISIL,INTERSIL CORP,left,13,2595
ISIS,ISIS PHARMACEUTICALS,left,13,5137
ISLE,ISLE OF CAPRI CASINOS,left,13,747
ISRL,ISRAMCO INC,left,13,863
ISSI,INTEGRATED SILICON S,left,13,1208
ITCI,INTRA CELLULAR THERAPIE,left,13,3173
ITG,INVESTMENT TECHNOLOGY,left,13,4213
ITMN,INTERMUNE INC,left,13,2018
ITRI,ITRON INC,left,13,1094
IVAC,INTEVAC INC,left,13,2827
IVC,INVACARE CORP,left,13,3751
IVR,INVESCO MORTGAGE CAP,left,13,4098
IXYS,IXYS CORP,left,13,1440
JACK,JACK IN THE BOX INC,left,13,1787
JAKK,JAKKS PACIFIC INC,left,13,1902
JBLU,JETBLUE AIRWAYS CORP,left,13,2249
JBSS,SANFILIPPO JOHN B & SON,left,21,2480
JBT,JOHN BEAN TECH CORP,left,13,2595
JCOM,J2 GLOBAL INC,left,13,1671
JGW,JGWPT HOLDINGS INC,left,13,2364
JIVE,JIVE SOFTWARE INC,left,13,2480
JJSF,J & J SNACK FOODS CO,left,13,1555
JMBA,JAMBA INC,left,13,2018
JNS,JANUS CAPITAL GROUP INC,left,13,2134
JOE,ST JOE CO,left,22,3751
JONE,JONES ENERGY INC,left,13,2827
JOUT,JOHNSON OUTDOORS INC,left,13,2711
JRN,JOURNAL COMMUNICATIONS,left,13,2942
KAI,KADANT INC,left,13,3405
KALU,KAISER ALUMINUM CORP,left,13,3520
KAMN,KAMAN CORP,left,13,3635
KBALB,KIMBALL INTERNATIONAL,left,14,863
KBH,KB HOME,left,13,4098
KCG,KCG HOLDINGS INC,left,13,4213
KCLI,KANSAS CITY LIFE INS CO,left,13,3751
KEG,KEY ENERGY SERVICES INC,left,13,5022
KELYA,KELLY SERVICES INC,left,13,4445
KEM,KEMET CORP,left,13,4560
KERX,KERYX BIOPHARMACEUTICAL,left,13,4906
KEYW,KEYW HOLDING CORP,left,13,5137
KFRC,KFORCE INC,left,14,747
KFX,KOFAX LTD,left,14,2018
KFY,KORN FERRY INTERNATIONA,left,14,2364
KIN,KINDRED BIOSCIENCES INC,left,14,978
KIRK,KIRKLANDS INC,left,14,1208
KKD,KRISPY KREME DOUGHNUTS,left,14,2711
KMG,KMG CHEMICALS INC,left,14,1440
KMPR,KEMPER CORPORATION,left,13,4676
KND,KINDRED HEALTHCARE INC,left,14,1094
KNL,KNOLL INC,left,14,1787
KNX,KNIGHT TRANSPORTATION,left,14,1555
KODK,EASTMAN KODAK CO,left,8,2018
KOG,KODIAK OIL & GAS CORP,left,14,1902
KOP,KOPPERS HOLDINGS INC,left,14,2249
KOPN,KOPIN CORP,left,14,2134
KPTI,KARYOPHARM THERAPEUTICS,left,13,3982
KRA,KRATON PERF POLYMERS,left,14,2480
KRG,KITE REALTY GROUP TRUST,left,14,1324
KRNY,KEARNY FINANCIAL CORP,left,13,4329
KRO,KRONOS WORLDWIDE INC,left,14,2827
KS,KAPSTONE PAPER & PACKAG,left,13,3866
KTOS,KRATOS DEFENSE & SEC SO,left,14,2595
KTWO,K2M GROUP HLDGS INC,left,13,3289
KVHI,KVH INDUSTRIES INC,left,14,2942
KW,KENNEDY-WILSON HLDGS IN,left,13,4791
KWK,QUICKSILVER RESOURCES,left,19,4676
KWR,QUAKER CHEMICAL CORP,left,19,3751
KYTH,KYTHERA BIOPHARM INC,left,14,3058
LABL,MULTI COLOR CORP,left,16,4329
LAD,LITHIA MOTORS INC,left,14,2595
LADR,LADDER CAPITAL CORP,left,14,3520
LANC,LANCASTER COLONY CORP,left,14,3982
LAYN,LAYNE CHRISTENSEN CO,left,14,4791
LBAI,LAKELAND BANCORP INC,left,14,3751
LBMH,LIBERATOR MEDICAL HLDGS,left,14,1324
LBY,LIBBEY INC,left,14,1208
LCI,LANNETT CO INC,left,14,4445
LCUT,LIFETIME BRANDS INC,left,14,1671
LDL,LYDALL INC,left,14,4213
LDR,LANDAUER INC,left,14,4098
LDRH,LDR HOLDING CORPORATION,left,14,4906
LE,LANDS END INC,left,14,4329
LEAF,SPRINGLEAF HOLDINGS INC,left,22,3289
LEE,LEE ENTERPRISES INC,left,14,5137
LF,LEAPFROG ENTERPRISES IN,left,14,5022
LFUS,LITTELFUSE INC,left,14,2711
LG,LACLEDE GROUP INC,left,14,3405
LGIH,LGI HOMES INC,left,14,978
LGND,LIGAND PHARMACEUTICALS,left,14,1902
LHCG,LHC GROUP INC,left,14,1094
LHO,LASALLE HOTEL PROPERTIE,left,14,4560
LION,FIDELITY SOUTHERN CORP,left,9,863
LIOX,LIONBRIDGE TECHNOLOGIES,left,14,2364
LKFN,LAKELAND FINANCIAL CORP,left,14,3866
LL,LUMBER LIQUIDATORS HLDG,left,14,3751
LLNW,LIMELIGHT NETWORKS INC,left,14,2018
LMIA,LMI AEROSPACE INC,left,14,2942
LMNR,LIMONEIRA CO,left,14,2134
LMNX,LUMINEX CORP,left,14,3866
LMOS,LUMOS NETWORKS CORP,left,14,3982
LNCE,SNYDER'S-LANCE INC,left,22,863
LNDC,LANDEC CORP,left,14,4213
LNN,LINDSAY CORP,left,14,2249
LOCK,LIFELOCK INC,left,14,1555
LOGM,LOGMEIN INC,left,14,3058
LOPE,GRAND CANYON EDUCATION,left,11,1902
LORL,LORAL SPACE & COMM,left,14,3173
LPG,DORIAN LPG LTD,left,7,4098
LPSN,LIVEPERSON INC,left,14,2827
LPX,LOUISIANA PACIFIC CORP,left,14,3289
LQ,LA QUINTA HLDGS INC,left,14,3173
LQDT,LIQUIDITY SERVICES INC,left,14,2480
LRN,K12 INC,left,13,3173
LSCC,LATTICE SEMICONDUCTOR,left,14,4676
LTC,LTC PROPERTIES INC,left,14,3635
LTM,LIFE TIME FITNESS INC,left,14,1440
LTS,LADENBURG THALMAN FIN,left,14,3635
LWAY,LIFEWAY FOODS INC,left,14,1787
LXFT,LUXOFT HOLDING INC,left,14,4098
LXP,LEXINGTON REALTY TRUST,left,14,863
LXRX,LEXICON PHARMACEUTICALS,left,14,747
LXU,LSB INDUSTRIES INC,left,14,3405
LYTS,LSI INDUSTRIES INC,left,14,3520
LZB,LA Z BOY INC,left,14,3289
MACK,MERRIMACK PHARMACEUTICA,left,15,3289
MANH,MANHATTAN ASSOCS INC,left,15,1208
MANT,MANTECH INTERNATIONAL,left,15,1671
MASI,MASIMO CORPORATION,left,15,3289
MATW,MATTHEWS INTERNATIONAL,left,15,4098
MATX,MATSON INC,left,15,3982
MBFI,MB FINANCIAL INC,left,15,4791
MBII,MARRONE BIO INNOVATIONS,left,15,2942
MBUU,MALIBU BOATS INC,left,15,1094
MBVT,MERCHANTS BANCSHARES,left,15,2249
MBWM,MERCANTILE BANK CORP,left,15,2134
MC,MOELIS & CO,left,16,1902
MCBC,MACATAWA BANK CORP,left,14,4560
MCF,CONTANGO OIL & GAS CO,left,6,2480
MCHX,MARCHEX INC,left,15,1787
MCP,MOLYCORP INC,left,16,2134
MCRI,MONARCH CASINO & RESORT,left,16,2364
MCRL,MICREL INC,left,15,4098
MCS,MARCUS CORP,left,15,2018
MDAS,MEDASSETS INC,left,15,1208
MDC,MDC HOLDINGS INC,left,15,863
MDCA,MDC CORP,left,15,747
MDCO,MEDICINES CO,left,15,1555
MDP,MEREDITH CORP,left,15,2480
MDR,MCDERMOTT INTL INC,left,15,5022
MDSO,MEDIDATA SOLUTIONS INC,left,15,1671
MDXG,MIMEDX GROUP INC,left,16,747
MEAS,MEASUREMENT SPECIALTIES,left,15,1094
MED,MEDIFAST INC,left,15,1787
MEG,MEDIA GENERAL INC,left,15,1324
MEI,METHODE ELECTRS INC,left,15,3635
MENT,MENTOR GRAPHICS CORP,left,15,2018
METR,METRO BANCORP INC,left,15,3751
MFLX,MULTI-FINELINE ELECTRON,left,16,4445
MFRM,MATTRESS FIRM HLDG CORP,left,15,4213
MG,MISTRAS GROUP INC,left,16,1094
MGAM,MULTIMEDIA GAMES HLD CO,left,16,4560
MGEE,MGE ENERGY INC,left,15,3866
MGI,MONEYGRAM INTERNATIONAL,left,16,2480
MGLN,MAGELLAN HEALTH INC,left,14,5022
MGNX,MACROGENICS INC,left,14,4791
MGRC,MCGRATH RENTCORP,left,15,5137
MHGC,MORGANS HOTEL GROUP CO,left,16,3405
MHLD,MAIDEN HOLDINGS LTD,left,15,863
MHO,M/I HOMES INC,left,14,4329
MHR,MAGNUM HUNTER RES CORP,left,15,747
MIG,MEADOWBROOK INS GROUP,left,15,978
MILL,MILLER ENERGY RES INC,left,15,5022
MIND,MITCHAM INDUSTRIES INC,left,16,1208
MINI,MOBILE MINI INC,left,16,1440
MITT,AG MORTGAGE INVT TR INC,left,1,3306
MKSI,MKS INSTRUMENTS INC,left,16,1324
MKTO,MARKETO INC,left,15,2595
MKTX,MARKETAXESS HOLDINGS IN,left,15,2480
MLAB,MESA LABS INC,left,15,3405
MLHR,HERMAN MILLER INC,left,12,1094
MLI,MUELLER INDUSTRIES INC,left,16,4098
MLNK,MODUSLINK GLB SOLUTIONS,left,16,1787
MLR,MILLER INDUSTRIES INC,left,15,5137
MM,MILLENNIAL MEDIA INC,left,15,4906
MMI,MARCUS & MILLICHAP,left,15,1902
MMS,MAXIMUS INC,left,15,4445
MMSI,MERIT MED SYSTEMS INC,left,15,2942
MN,MANNING & NAPIER INC,left,15,1440
MNI,MCCLATCHY CO,left,15,4906
MNKD,MANNKIND CORP,left,15,1555
MNR,MONMOUTH REAL ESTATE,left,16,2595
MNRO,MONRO MUFFLER BRAKE INC,left,16,2942
MNTA,MOMENTA PHARMACEUTICALS,left,16,2249
MNTX,MANITEX INTL INC,left,15,1324
MOD,MODINE MANUFACTURING CO,left,16,1671
MODN,MODEL N INC,left,16,1555
MOFG,MIDWESTONE FINL GROUP,left,15,4791
MOG.A,MOOG INC,left,16,3289
MOH,MOLINA HEALTHCARE INC,left,16,2018
MOV,MOVADO GROUP INC,left,16,3635
MOVE,MOVE INC,left,16,3751
MPAA,MOTORCAR PTS AMERICA IN,left,16,3520
MPO,MIDSTATES PETE CO INC,left,15,4676
MPW,MEDICAL PROPERTIES TRUS,left,15,1440
MPWR,MONOLITHIC POWER SYSTEM,left,16,2711
MPX,MARINE PRODUCTS CORP,left,15,2249
MRCY,MERCURY SYSTEMS INC,left,15,2364
MRGE,MERGE HEALTHCARE INC,left,15,2595
MRH,MONTPELIER RE HOLDINGS,left,16,3173
MRIN,MARIN SOFTWARE INC,left,15,2134
MRLN,MARLIN BUSINESS SVCS,left,15,2711
MRTN,MARTEN TRANS LTD,left,15,3058
MRTX,MIRATI THERAPEUTICS INC,left,16,978
MSA,MSA SAFETY INC,left,16,3866
MSCC,MICROSEMI CORP,left,15,4213
MSEX,MIDDLESEX WATER CO,left,15,4445
MSFG,MAINSOURCE FINANCIAL GR,left,15,978
MSL,MIDSOUTH BANCORP INC,left,15,4560
MSO,MARTHA STEWART LIVING,left,15,3173
MSTR,MICROSTRATEGY INC,left,15,4329
MTDR,MATADOR RES CO,left,15,3635
MTG,MGIC INVESTMENT CORP,left,15,3982
MTGE,AMERICAN CAP MTG INVT,left,2,3866
MTH,MERITAGE HOMES CORP,left,15,3058
MTN,VAIL RESORTS INC,left,24,4560
MTOR,MERITOR INC,left,15,3173
MTRN,MATERION CORPORATION,left,15,3751
MTRX,MATRIX SERVICE CO,left,15,3866
MTSC,MTS SYSTEMS CORP,left,16,3982
MTSI,MA COM TECHNOLOGY SOL,left,14,4445
MTX,MINERALS TECHNOLOGIES,left,16,863
MTZ,MASTEC INC,left,15,3520
MVNR,MAVENIR SYSTEMS INC,left,15,4329
MW,MENS WEARHOUSE INC,left,15,1902
MWA,MUELLER WTR PRODS INC,left,16,4213
MWIV,MWI VETERINARY SUPPLY,left,16,4676
MWW,MONSTER WORLDWIDE INC,left,16,3058
MXL,MAXLINEAR INC,left,15,4560
MXWL,MAXWELL TECHNOLOGIES IN,left,15,4676
MYCC,CLUBCORP HOLDINGS,left,6,2595
MYE,MYERS INDUSTRIES INC,left,16,4791
MYRG,MYR GROUP INC DEL,left,16,4906
NADL,NORTH ATLANTIC DRILLING,left,17,3520
NANO,NANOMETRICS INC,left,16,5137
NASB,NASB FINANCIAL INC,left,16,978
NAT,NORDIC AMERICAN TANKER,left,17,3289
NATH,NATHANS FAMOUS INC NEW,left,16,1094
NATL,NATIONAL INTERSTATE COR,left,16,2018
NATR,NATURES SUNSHINE PRODS,left,16,2827
NAVB,NAVIDEA BIOPHARMA INC,left,16,3173
NAVG,NAVIGATORS GROUP INC,left,16,3405
NBBC,NEWBRIDGE BANCORP,left,17,1555
NBCB,FIRST NBC BK HLDG CO,left,9,4098
NBHC,NATIONAL BANK HOLDINGS,left,16,1208
NBIX,NEUROCRINE BIOSCIENCES,left,16,4906
NBS,NEOSTEM INC,left,16,4445
NBTB,NBT BANCORP INC,left,16,3751
NC,NACCO INDUSTRIES INC,left,16,5022
NCFT,NORCRAFT COMPANIES INC,left,17,3173
NCI,NAVIGANT CONSULTING INC,left,16,3289
NCMI,NATIONAL CINEMEDIA INC,left,16,1555
NCS,NCI BUILDING SYSTEMS IN,left,16,3866
NDLS,NOODLES & COMPANY,left,17,2942
NEOG,NEOGEN CORP,left,16,4329
NES,NUVERRA ENVTL SOLUTIONS,left,17,978
NEWM,NEW MEDIA INVT GROUP IN,left,17,863
NEWP,NEWPORT CORP,left,17,1902
NEWS,NEWSTAR FINANCIAL INC,left,17,2018
NFBK,NORTHFIELD BANCORP INC,left,17,3751
NGHC,NATIONAL GEN HLDGS CORP,left,16,1671
NGS,NATURAL GAS SERVICES GR,left,16,2595
NGVC,NATURAL GROCERS VITA CT,left,16,2711
NHC,NATIONAL HEALTHCARE COR,left,16,1902
NHI,NATIONAL HEALTH INVS IN,left,16,1787
NICK,NICHOLAS FINANCIAL INC,left,17,2364
NILE,BLUE NILE INC,left,4,2827
NJR,NEW JERSEY RESOURCES,left,17,747
NKSH,NATIONAL BANKSHARES INC,left,16,1324
NKTR,NEKTAR THERAPEUTICS,left,16,4098
NL,NL INDUSTRIES INC,left,17,2595
NLNK,NEWLINK GENETICS CORP,left,17,1671
NLS,NAUTILUS INC,left,16,3058
NM,NAVIOS MARITIME HOLDING,left,16,3635
NMBL,NIMBLE STORAGE INC,left,17,2480
NMIH,NMI HLDGS INC,left,17,2711
NMRX,NUMEREX CORP,left,17,5022
NNA,NAVIOS MARITIME ACQUIS,left,16,3520
NNBR,NN INC,left,17,2827
NNI,NELNET INC,left,16,4213
NNVC,NANOVIRICIDES INC,left,16,863
NOG,NORTHERN OIL & GAS INC,left,17,3635
NOR,NORANDA ALUM HLDG CORP,left,17,3058
NP,NEENAH PAPER INC,left,16,3982
NPBC,NATIONAL PENN BANCSHARE,left,16,2134
NPK,NATIONAL PRESTO INDS IN,left,16,2249
NPO,ENPRO INDUSTRIES INC,left,8,2018
NPSP,NPS PHARMACEUTICALS INC,left,17,4676
NR,NEWPARK RESOURCES INC,left,17,1787
NRCIA,NATIONAL RESEARCH CORP,left,16,2364
NRIM,NORTHRIM BANCORP INC,left,17,3866
NRZ,NEW RESIDENTIAL INVT,left,17,978
NSIT,INSIGHT ENTERPRISES INC,left,12,4676
NSP,INSPERITY INC,left,12,4906
NSR,NEUSTAR INC,left,16,5022
NSTG,NANOSTRING TECH INC,left,16,747
NTCT,NETSCOUT SYSTEMS INC,left,16,4676
NTGR,NETGEAR INC,left,16,4560
NTK,NORTEK INC,left,17,3405
NTLS,NTELOS HOLDINGS CORP,left,17,4906
NTRI,NUTRI SYSTEM INC,left,17,747
NUTR,NUTRACEUTICAL INTL CORP,left,17,5137
NUVA,NUVASIVE INC,left,17,863
NVAX,NOVAVAX INC,left,17,4560
NVEC,NVE CORP,left,17,1094
NWBI,NORTHWEST BANCSHARES IN,left,17,3982
NWBO,NORTHWEST BIOTHERAPEUTI,left,17,4098
NWE,NORTHWESTERN CORP,left,17,4445
NWHM,NEW HOME COMPANY INC,left,16,5137
NWLI,NATIONAL WESTRN LIFE IN,left,16,2480
NWN,NORTHWEST NATURAL GAS C,left,17,4213
NWPX,NORTHWEST PIPE CO,left,17,4329
NWY,NEW YORK & CO INC,left,17,1094
NX,QUANEX BUILDING PRODUCT,left,19,4213
NXST,NEXSTAR BROADCASTING GR,left,17,2134
NXTM,NXSTAGE MEDICAL INC,left,17,1208
NYLD,NRG YIELD INC,left,17,4791
NYMT,NEW YORK MTG TR INC,left,17,1208
NYNY,EMPIRE RESORTS INC,left,8,4560
NYRT,NEW YORK REIT INC,left,17,1324
NYT,NEW YORK TIMES CO,left,17,1440
OABC,OMNIAMERICAN BANCORP IN,left,17,2942
OB,ONEBEACON INSURANCE GRP,left,17,3982
OCFC,OCEANFIRST FINANCIAL,left,17,1324
OCLR,OCLARO INC,left,17,1440
ODC,OIL DRI CORP OF AMERICA,left,17,1902
ODP,OFFICE DEPOT INC,left,17,1555
OEH,ORIENT-EXPRESS HOTELS,left,18,1208
OFG,OFG BANCORP,left,17,1671
OFIX,ORTHOFIX INTL N V,left,18,1671
OFLX,OMEGA FLEX INC,left,17,2595
OGS,ONE GAS INC,left,17,3751
OHRP,OHR PHARMACEUTICAL INC,left,17,1787
OKSB,SOUTHWEST BANCORP INC O,left,22,1787
OLBK,OLD LINE BANCSHARES INC,left,17,2018
OLED,UNIVERSAL DISPLAY CORP,left,24,2364
OLN,OLIN CORP,left,17,2249
OLP,ONE LIBERTY PROPERTIES,left,17,3866
OMCL,OMNICELL INC,left,17,3058
OME,OMEGA PROTEIN CORP,left,17,2711
OMED,ONCOMED PHARMACEUTICALS,left,17,3520
OMER,OMEROS CORP,left,17,2827
OMG,OM GROUP INC,left,17,2480
OMI,OWENS & MINOR INC,left,18,2480
OMN,OMNOVA SOLUTIONS INC,left,17,3289
ONB,OLD NATIONAL BANCORP,left,17,2134
ONE,HIGHER ONE HLDGS INC,left,12,1787
ONTY,ONCOTHYREON INC,left,17,3635
ONVO,ORGANOVO HLDGS INC,left,18,1094
OPB,OPUS BK IRVINE CALIF,left,17,4791
OPEN,OPENTABLE INC,left,17,4098
OPHT,OPHTHOTECH CORP,left,17,4213
OPK,OPKO HEALTH INC,left,17,4329
OPLK,OPLINK COMMUNICATIONS,left,17,4445
OPWR,OPOWER INC,left,17,4560
OPY,OPPENHEIMER HOLDINGS IN,left,17,4676
ORA,ORMAT TECHNOLOGIES INC,left,18,1555
ORB,ORBITAL SCIENCES CORP,left,17,5137
ORBC,ORBCOMM INC,left,17,5022
OREX,OREXIGEN THERAPEUTICS,left,18,978
ORIT,ORITANI FINANCIAL CORP,left,18,1440
ORM,OWENS RLTY MTG INC,left,18,2595
ORN,ORION MARINE GROUP INC,left,18,1324
OSIR,OSIRIS THERAPEUTICS,left,18,1902
OSIS,OSI SYSTEMS INC,left,18,1787
OSTK,OVERSTOCK COM INC,left,18,2364
OSUR,ORASURE TECHNOLOGIES IN,left,17,4906
OTTR,OTTER TAIL CORP,left,18,2018
OUTR,OUTERWALL INC,left,18,2134
OVAS,OVASCIENCE INC,left,18,2249
OVTI,OMNIVISION TECHNOLOGIES,left,17,3173
OWW,ORBITZ WORLDWIDE INC,left,18,747
OXFD,OXFORD IMMUNOTEC GLOBAL,left,18,2711
OXM,OXFORD INDUSTRIES INC,left,18,2827
OZRK,BANK OF THE OZARKS INC,left,3,2249
PACB,PACIFIC BIOSCIENCES CA,left,18,3173
PAHC,PHIBRO ANIMAL HEALTH,left,18,5022
PATK,PATRICK INDS INC,left,18,1208
PATR,PATRIOT TRANSPORTATION,left,18,1324
PAYC,PAYCOM SOFTWARE INC,left,18,1555
PB,PROSPERITY BANCSHARES,left,19,2018
PBH,PRESTIGE BRANDS HOLDING,left,19,5137
PBPB,POTBELLY CORPORATION,left,19,3982
PBY,PEP BOYS MANNY MOE&J,left,18,3520
PBYI,PUMA BIOTECHNOLOGY INC,left,19,2827
PCBK,PACIFIC CONTINENTAL COR,left,18,3289
PCCC,P C CONNECTION,left,18,3058
PCH,POTLATCH CORP,left,19,4098
PCO,PENDRELL CORPORATION,left,18,2480
PCRX,PACIRA PHARMACEUTICALS,left,18,3751
PCTY,PAYLOCITY HLDG CORP,left,18,1671
PCYG,PARK CITY GROUP INC,left,18,4676
PDCE,PDC ENERGY INC,left,18,1787
PDFS,PDF SOLUTIONS INC,left,18,1902
PDLI,PDL BIOPHARMA INC,left,18,2018
PE,PARSLEY ENERGY INC,left,18,1094
PEB,PEBBLEBROOK HOTEL TRUST,left,18,2249
PEBO,PEOPLES BANCORP INC,left,18,3289
PEGA,PEGASYSTEMS INC,left,18,2364
PEGI,PATTERN ENERGY GROUP IN,left,18,1440
PEI,PENNSYLVANIA REAL ESTAT,left,18,2942
PEIX,PACIFIC ETHANOL INC,left,18,3405
PENN,PENN NATIONAL GAMING IN,left,18,2595
PERY,ELLIS PERRY INTL INC,left,8,3751
PES,PIONEER ENERGY SERVICES,left,19,1787
PETS,PETMED EXPRESS INC,left,18,4329
PETX,ARATANA THERAPEUTICS IN,left,2,4560
PFBC,PREFERRED BANK,left,19,4791
PFIE,PROFIRE ENERGY INC,left,19,1440
PFIS,PEOPLES FINL SVCS CORP,left,18,3405
PFMT,PERFORMANT FINANCIAL CO,left,18,3982
PFPT,PROOFPOINT INC,left,19,1787
PFS,PROVIDENT FINANCIAL SVC,left,19,2480
PFSI,PENNYMAC FINL SVCS INC,left,18,3058
PGC,PEAPACK-GLADSTONE FINL,left,18,2134
PGEM,PLY GEM HLDGS INC,left,19,2595
PGI,PREMIERE GLOBAL SERVICE,left,19,5022
PGNX,PROGENICS PHARMACEUTICA,left,19,1555
PGTI,PGT INC,left,18,4560
PHH,PHH CORPORATION,left,18,4791
PHIIK,PHI INC,left,18,4906
PHMD,PHOTOMEDEX INC,left,19,747
PHX,PANHANDLE OIL AND GAS,left,18,4098
PICO,PICO HOLDINGS INC,left,19,1094
PIKE,PIKE CORPORATION,left,19,1440
PIR,PIER 1 IMPORTS INC,left,19,1324
PJC,PIPER JAFFRAY COMPANIES,left,19,1902
PKD,PARKER DRILLING CO,left,18,747
PKE,PARK ELECTROCHEMICAL,left,18,4791
PKOH,PARK OHIO HOLDINGS CORP,left,18,5022
PKT,PROCERA NETWORKS INC,left,19,1324
PKY,PARKWAY PROPERTIES INC,left,18,978
PLAB,PHOTRONICS INC,left,19,863
PLCE,CHILDRENS PLACE INC,left,5,3982
PLCM,POLYCOM INC,left,19,2942
PLKI,POPEYES LOU KITCHEN INC,left,19,3405
PLMT,PALMETTO BANCSHARES INC,left,18,3982
PLOW,DOUGLAS DYNAMICS INC,left,7,4445
PLPC,PREFORMED LINE PRODUCTS,left,19,4906
PLT,PLANTRONICS INC,left,19,2018
PLUG,PLUG POWER INC,left,19,2364
PLUS,EPLUS INC,left,8,3751
PLXS,PLEXUS CORP,left,19,2249
PLXT,PLX TECHNOLOGY INC,left,19,2480
PMC,PHARMERICA CORP,left,18,4676
PMCS,PMC-SIERRA INC,left,19,2711
PMT,PENNYMAC MORTGAGE INV,left,18,3173
PNFP,PINNACLE FINANCIAL,left,19,1671
PNK,PINNACLE ENTMT INC,left,19,1555
PNM,PNM RESOURCES INC,left,19,2827
PNX,PHOENIX COMPANIES INC,left,18,5137
PNY,PIEDMONT NAT GAS INC,left,19,1208
PODD,INSULET CORP,left,13,747
POL,POLYONE CORP,left,19,3058
POOL,POOL CORP,left,19,3289
POR,PORTLAND GEN ELEC CO,left,19,3635
POST,POST HOLDINGS INC,left,19,3866
POWI,POWER INTEGRATIONS INC,left,19,4329
POWL,POWELL INDUSTRIES INC,left,19,4213
POWR,POWERSECURE INTL INC,left,19,4560
POZN,POZEN INC,left,19,4676
PPBI,PACIFIC PREMIER BANCORP,left,18,3520
PPHM,PEREGRINE PHARMACEUTICA,left,18,3635
PPO,POLYPORE INTL INC,left,19,3173
PQ,PETROQUEST ENERGY INC,left,18,4445
PRAA,PORTFOLIO RECOVERY ASSO,left,19,3520
PRFT,PERFICIENT INC,left,18,3866
PRGS,PROGRESS SOFTWARE CORP,left,19,1671
PRGX,PRGX GLOBAL INC,left,19,747
PRI,PRIMERICA INC,left,19,978
PRIM,PRIMORIS SVCS CORP,left,19,1094
PRK,PARK NATIONAL CORP,left,18,4906
PRKR,PARKERVISION INC,left,18,863
PRLB,PROTO LABS INC,left,19,2249
PRO,PROS HOLDINGS INC,left,19,1902
PRSC,PROVIDENCE SERVICE CORP,left,19,2364
PRTA,PROTHENA CORP PLC,left,19,2134
PRXL,PAREXEL INTERNATIONAL,left,18,4560
PSB,PS BUSINESS PARKS INC,left,19,2595
PSEM,PERICOM SEMICONDUCTOR,left,18,4098
PSIX,POWER SOLUTIONS INTL IN,left,19,4445
PSMI,PEREGRINE SEMICONDUCTOR,left,18,3751
PSMT,PRICESMART INC,left,19,863
PSTB,PARK STERLING CORP,left,18,5137
PSUN,PACIFIC SUNWEAR OF CALI,left,18,3635
PTCT,PTC THERAPEUTICS INC,left,19,2711
PTIE,PAIN THERAPEUTICS IN,left,18,3866
PTLA,PORTOLA PHARMACEUTICALS,left,19,3751
PTP,PLATINUM UNDERWRITER HL,left,19,2134
PTRY,PANTRY INC,left,18,4213
PTSI,P A M TRANSN SVCS INC,left,18,2942
PTX,PERNIX THERAPEUTICS HLD,left,18,4213
PVA,PENN VIRGINIA CORP,left,18,2711
PVTB,PRIVATEBANCORP INC,left,19,1208
PWOD,PENNS WOODS BANCORP INC,left,18,2827
PZN,PZENA INVESTMENT MGMT,left,19,2942
PZZA,PAPA JOHNS INTERNATIONA,left,18,4329
QADA,QAD INC,left,19,3173
QDEL,QUIDEL CORP,left,19,4791
QLGC,QLOGIC CORP,left,19,3405
QLIK,QLIK TECHNOLOGIES INC,left,19,3289
QLTY,QUALITY DISTRIBUTION IN,left,19,3866
QLYS,QUALYS INC,left,19,4098
QNST,QUINSTREET INC,left,19,5022
QRHC,QUEST RESOURCE HLDG COR,left,19,4445
QSII,QUALITY SYSTEMS INC,left,19,3982
QTM,QUANTUM CORP,left,19,4329
QTS,QTS REALTY TRUST INC,left,19,3520
QTWO,Q2 HLDGS INC,left,19,3058
QUAD,QUAD / GRAPHICS INC,left,19,3635
QUIK,QUICKLOGIC CORP,left,19,4560
RAIL,FREIGHTCAR AMERICA INC,left,10,3173
RALY,RALLY SOFTWARE DEV CORP,left,20,1094
RARE,ULTRAGENYX PHARMA,left,24,4213
RAS,RAIT FINANCIAL TRUST,left,20,978
RATE,BANKRATE INC,left,3,2480
RAVN,RAVEN INDUSTRIES INC,left,20,1555
RBCAA,REPUBLIC BANCORP INC KY,left,20,4676
RBCN,RUBICON TECHNOLOGY INC,left,20,4676
RCAP,RCS CAPITAL CORP,left,20,1787
RCII,RENT A CENTER INC,left,20,3982
RCPT,RECEPTOS INC,left,20,2595
RDEN,ELIZABETH ARDEN INC,left,8,3520
RDI,READING INTERNATIONAL,left,20,2134
RDN,RADIAN GROUP INC,left,19,5137
RDNT,RADNET INC,left,20,863
RECN,RESOURCES CONNECTION,left,20,863
REGI,RENEWABLE ENER GROUP IN,left,20,3866
REI,RING ENERGY INC,left,20,2595
REIS,REIS INC,left,20,3405
REMY,REMY INTL INC,left,20,3635
REN,RESOLUTE ENERGY CORP,left,20,4906
RENT,RENTRAK CORP,left,20,4213
RESI,ALTISOURCE RESIDENTIAL,left,2,2364
REV,REVLON INC,left,20,1555
REX,REX AMERICAN RESOURCES,left,20,1787
REXI,RESOURCE AMERICA INC,left,20,5137
REXR,REXFORD INDUSTRIAL RLTY,left,20,2018
REXX,REX ENERGY CORP,left,20,1902
RFMD,RF MICRODEVICES INC,left,20,2249
RFP,RESOLUTE FOREST PRODUCT,left,20,5022
RGDO,REGADO BIOSCIENCES INC,left,20,2942
RGEN,REPLIGEN CORP,left,20,4329
RGLS,REGULUS THERAPEUTICS,left,20,3289
RGR,STURM RUGER & CO INC,left,22,2827
RGS,REGIS CORP,left,20,3173
RH,RESTORATION HARDWARE,left,20,978
RHP,RYMAN HOSPITALITY PPTYS,left,21,978
RIGL,RIGEL PHARMACEUTICALS,left,20,2364
RJET,REPUBLIC AIRWAYS HLD,left,20,4560
RKUS,RUCKUS WIRELESS INC,left,20,4906
RLD,REALD INC,left,20,2249
RLI,RLI CORP,left,20,2827
RLJ,RLJ LODGING TR,left,20,2942
RLOC,REACHLOCAL INC,left,20,2018
RLYP,RELYPSA INC,left,20,3520
RM,REGIONAL MGMT CORP,left,20,3058
RMAX,RE/MAX HOLDINGS INC,left,20,1902
RMBS,RAMBUS INC,left,20,1208
RMTI,ROCKWELL MEDICAL INC,left,20,3289
RNDY,ROUNDYS INC,left,20,3866
RNET,RIGNET INC,left,20,2480
RNG,RINGCENTRAL INC,left,20,2711
RNST,RENASANT CORP,left,20,3751
RNWK,REALNETWORKS INC,left,20,2364
ROCK,GIBRALTAR INDUSTRIES IN,left,10,3289
ROG,ROGERS CORP,left,20,3520
ROIAK,RADIO ONE INC,left,20,747
ROIC,RETAIL OPPORTUNITY INVT,left,20,1094
ROLL,RBC BEARINGS INC,left,20,1671
ROSE,ROSETTA RESOURCES INC,left,20,3635
RP,REALPAGE INC,left,20,2480
RPRX,REPROS THERAPEUTICS INC,left,20,4445
RPT,RAMCO-GERSHENSON PPTYS,left,20,1324
RPTP,RAPTOR PHARMACEUTICAL,left,20,1440
RPXC,RPX CORP,left,20,4098
RRGB,RED ROBIN GOURMET BURGE,left,20,2711
RRTS,ROADRUNNER TRNSN SVCS,left,20,3058
RSE,ROUSE PROPERTIES INC,left,20,3982
RSO,RESOURCE CAPITAL CORP,left,20,747
RSPP,RSP PERMIAN INC,left,20,4213
RST,ROSETTA STONE INC,left,20,3751
RSTI,ROFIN SINAR TECHNOLOGIE,left,20,3405
RT,RUBY TUESDAY INC,left,20,4791
RTEC,RUDOLPH TECHNOLOGIES IN,left,20,5022
RTI,RTI INTERNATIONAL METAL,left,20,4329
RTIX,RTI SURGICAL INC,left,20,4445
RTK,RENTECH INC,left,20,4098
RTRX,RETROPHIN INC,left,20,1324
RUBI,RUBICON PROJ INC,left,20,4560
RUSHA,RUSH ENTERPRISES INC,left,20,5137
RUTH,RUTH'S HOSPITALITY GROU,left,21,747
RVLT,REVOLUTION LIGHTING TEC,left,20,1671
RVNC,REVANCE THERAPEUTICS IN,left,20,1440
RWT,REDWOOD TRUST INC,left,20,2827
RXN,REXNORD CORP NEW,left,20,2134
RYL,RYLAND GROUP INC,left,21,863
SAAS,INCONTACT INC,left,12,2595
SAFM,SANDERSON FARMS INC,left,21,2249
SAFT,SAFETY INSURANCE GRP IN,left,21,1555
SAH,SONIC AUTOMOTIVE INC,left,22,1094
SAIA,SAIA INC,left,21,1902
SAIC,SCIENCE APPLICATIONS IN,left,21,4098
SALE,RETAILMENOT INC,left,20,1208
SALM,SALEM COMMUNICATIONS,left,21,2018
SALT,SCORPIO BULKERS INC.,left,21,4445
SAM,BOSTON BEER INC,left,4,3982
SAMG,SILVERCREST ASSET MNGMT,left,21,4098
SANM,SANMINA CORPORATION,left,21,2711
SAPE,SAPIENT CORP,left,21,2942
SASR,SANDY SPRING BANCORP,left,21,2364
SB,SAFE BULKERS INC,left,21,1324
SBCF,SEACOAST BANKING CORP F,left,21,5022
SBGI,SINCLAIR BROADCAST GROU,left,21,4445
SBRA,SABRA HEALTH CARE REIT,left,21,1208
SBSI,SOUTHSIDE BANCSHARES IN,left,22,1671
SBY,SILVER BAY RLTY TR CORP,left,21,3866
SCAI,SURGICAL CARE AFFILIATE,left,22,4445
SCBT,FIRST FINANCIAL HOLDING,left,9,3173
SCHL,SCHOLASTIC CORP,left,21,3635
SCHN,SCHNITZER STEEL INDS,left,21,3520
SCL,STEPAN CO,left,22,978
SCLN,SCICLONE PHARMACEUTICAL,left,21,3982
SCMP,SUCAMPO PHARMA,left,22,2942
SCOR,COMSCORE INC,left,6,1094
SCS,STEELCASE INC,left,22,5022
SCSC,SCANSOURCE INC,left,21,3289
SCSS,SELECT COMFORT CORP,left,21,863
SCVL,SHOE CARNIVAL INC,left,21,2827
SEAC,SEACHANGE INTERNATIONAL,left,21,4906
SEB,SEABOARD CORP,left,21,4791
SEM,SELECT MEDICAL HOLDINGS,left,21,1094
SEMG,SEMGROUP CORP,left,21,1324
SENEA,SENECA FOODS CORP,left,21,1555
SF,STIFEL FINANCIAL CORP,left,22,1555
SFBS,SERVISFIRST BANCSHARES,left,21,2249
SFE,SAFEGUARD SCIENTIFICS,left,21,1440
SFL,SHIP FINANCE INTL,left,21,2711
SFLY,SHUTTERFLY INC,left,21,3058
SFNC,SIMMONS FIRST NATIONAL,left,21,4213
SFXE,SFX ENTERTAINMENT INC,left,21,2364
SFY,SWIFT ENERGY CO,left,22,4906
SGA,SAGA COMMUNICATIONS INC,left,21,1671
SGBK,STONEGATE BANK,left,22,2134
SGI,SILICON GRAPHICS INTL,left,21,3520
SGK,SCHAWK INC,left,21,3405
SGM,STONEGATE MORTGAGE CORP,left,22,2249
SGMO,SANGAMO BIOSCIENCES INC,left,21,2595
SGMS,SCIENTIFIC GAMES CORP,left,21,4213
SGNT,SAGENT PHARMACEUTICALS,left,21,1787
SGY,STONE ENERGY CORP,left,22,2018
SGYP,SYNERGY PHARMACEUTICALS,left,23,1440
SHEN,SHENANDOAH TELECOMM CO,left,21,2480
SHLM,SCHULMAN A INC,left,21,3751
SHLO,SHILOH INDUSTRIES INC,left,21,2595
SHO,SUNSTONE HOTEL INVS INC,left,22,3866
SHOO,MADDEN STEVEN LTD,left,14,4906
SHOR,SHORETEL INC,left,21,2942
SHOS,SEARS HOMETOWN OUTLET,left,21,747
SIF,SIFCO INDS INC,left,21,3405
SIGI,SELECTIVE INSURANCE GRP,left,21,1208
SIMG,SILICON IMAGE INC,left,21,3635
SIR,SELECT INCOME REIT,left,21,978
SJI,SOUTH JERSEY INDUSTRIES,left,22,1555
SJW,SJW CORP,left,21,4676
SKH,SKILLED HEALTHCARE GROU,left,21,4906
SKUL,SKULLCANDY INC,left,21,5022
SKX,SKECHERS U S A INC,left,21,4791
SKYW,SKYWEST INC,left,21,5137
SLAB,SILICON LABORATORIES IN,left,21,3751
SLCA,U S SILICA HLDGS INC,left,24,3405
SMA,SYMMETRY MEDICAL INC,left,23,978
SMCI,SUPER MICRO COMPUTER IN,left,22,3982
SMP,STANDARD MOTOR PRODUCTS,left,22,4329
SMRT,STEIN MART INC,left,22,5137
SMTC,SEMTECH CORP,left,21,1440
SN,SANCHEZ ENERGY CORP,left,21,2134
SNAK,INVENTURE FOODS INC,left,13,3982
SNBC,SUN BANCORP INC NJ,left,22,3289
SNCR,SYNCHRONOSS TECHNOLOGY,left,23,1324
SNHY,SUN HYDRAULICS CORP,left,22,3520
SNMX,SENOMYX INC,left,21,1671
SNOW,INTRAWEST RSRTS HLDG IN,left,13,3405
SNSS,SUNESIS PHARMACEUTICALS,left,22,3751
SNTA,SYNTA PHARMA CORP,left,23,1787
SNX,SYNNEX CORP,left,23,1671
SONC,SONIC CORP,left,22,1208
SONS,SONUS NETWORKS INC,left,22,1324
SP,SP PLUS CORPORATION,left,22,2134
SPA,SPARTON CORP,left,22,2595
SPAR,SPARTAN MOTORS INC,left,22,2364
SPDC,SPEED COMMERCE INC,left,22,2942
SPF,STANDARD PACIFIC CORP,left,22,4445
SPNC,SPECTRANETICS CORP,left,22,2711
SPNS,SAPIENS INTL CORP N V,left,21,2827
SPPI,SPECTRUM PHARMACEUTICAL,left,22,2827
SPSC,SPS COMM INC,left,22,3405
SPTN,SPARTANNASH COMPANY,left,22,2480
SPWH,SPORTSMANS WHSE HLDGS,left,22,3173
SQBG,SEQUENTIAL BRANDS GROUP,left,21,2018
SQBK,SQUARE 1 FINL INC,left,22,3520
SQI,SCIQUEST INC NEW,left,21,4329
SQNM,SEQUENOM INC,left,21,1902
SRCE,1ST SOURCE CORP,left,1,1456
SRDX,SURMODICS INC,left,22,4560
SREV,SERVICESOURCE INTL LLC,left,21,2134
SRI,STONERIDGE INC,left,22,2364
SRPT,SAREPTA THERAPEUTICS IN,left,21,3058
SSD,SIMPSON MANUFACTURING,left,21,4329
SSI,STAGE STORES INC,left,22,4098
SSNC,SS&C TECHNOLOGIES HLDGS,left,22,3635
SSNI,SILVER SPRING NETWORKS,left,21,3982
SSP,SCRIPPS E W CO,left,21,4676
SSS,SOVRAN SELF STORAGE,left,22,2018
SSTK,SHUTTERSTOCK INC,left,21,3173
STAA,STAAR SURGICAL CO,left,22,3866
STAG,STAG INDL INC,left,22,3982
STAR,ISTAR FINANCIAL INC,left,13,978
STBA,S & T BANCORP INC,left,21,1094
STBZ,STATE BK FINL CORP,left,22,4906
STC,STEWART INFORMATION,left,22,1440
STCK,STOCK BUILDING SUP HLD,left,22,1787
STE,STERIS CORP,left,22,1094
STFC,STATE AUTO FINANCIAL,left,22,4791
STL,STERLING BANCORP,left,22,1208
STML,STEMLINE THERAPEUTICS,left,22,863
STMP,STAMPS COM INC,left,22,4213
STNG,SCORPIO TANKERS INC,left,21,4560
STNR,STEINER LEISURE LTD,left,22,747
STRA,STRAYER EDUCATION INC,left,22,2711
STRL,STERLING CONSTRUCTION C,left,22,1324
STRT,STRATTEC SEC CORP,left,22,2595
SUBK,SUFFOLK BANCORP,left,22,3058
SUI,SUN COMMUNITIES INC,left,22,3405
SUP,SUPERIOR INDUSTRIES INT,left,22,4098
SUPN,SUPERNUS PHARMACEUTICAL,left,22,4213
SUSQ,SUSQUEHANNA BANCSHARES,left,22,4676
SUSS,SUSSER HOLDINGS CORP,left,22,4791
SVU,SUPERVALU INC,left,22,4329
SWAY,STARWOOD WAYPOINT TRUST,left,22,4676
SWC,STILLWATER MINING CO,left,22,1671
SWFT,SWIFT TRANSN CO,left,22,5022
SWHC,SMITH & WESSON HOLDING,left,22,747
SWM,SCHWEITZER-MAUDUIT INTL,left,21,3866
SWS,SWS GROUP INC,left,22,5137
SWX,SOUTHWEST GAS CORP,left,22,1902
SXC,SUNCOKE ENERGY INC,left,22,3635
SXI,STANDEX INTERNATIONAL,left,22,4560
SXT,SENSIENT TECHNOLOGIES,left,21,1787
SYA,SYMETRA FINANCIAL CORP,left,23,863
SYBT,STOCK YARDS BANCORP INC,left,22,1902
SYKE,SYKES ENTERPRISES INC,left,23,747
SYNA,SYNAPTICS INC,left,23,1208
SYNT,SYNTEL INC,left,23,1902
SYRG,SYNERGY RES CORP,left,23,1555
SYUT,SYNUTRA INTL INC,left,23,2018
SYX,SYSTEMAX INC,left,23,2134
SZMK,SIZMEK INC,left,21,4560
SZYM,SOLAZYME INC,left,22,978
TAL,TAL INTERNATIONAL GROUP,left,23,2364
TAM,TAMINCO CORP,left,23,2595
TASR,TASER INTL INC,left,23,2942
TAST,CARROLS RESTAURANT GRP,left,5,2595
TAT,TRANSATLANTIC PETROLEUM,left,23,4098
TAX,JTH HLDG INC,left,13,3058
TAYC,TAYLOR CAPITAL GROUP IN,left,23,3058
TBBK,BANCORP INC,left,3,1671
TBI,TRUEBLUE INC,left,24,1787
TBNK,TERRITORIAL BANCORP INC,left,23,4560
TBPH,THERAVANCE BIOPHARMAA I,left,23,1902
TCBI,TEXAS CAPITAL BANCSHARE,left,23,978
TCBK,TRICO BANCSHARES,left,24,863
TCS,THE CONTAINER STORE GRP,left,23,1671
TDY,TELEDYNE TECHNOLOGIES,left,23,3866
TEN,TENNECO INC,left,23,4329
TESO,TESCO CORP,left,23,4791
TESS,TESSCO TECHNOLOGIES INC,left,23,4906
TFM,FRESH MARKET INC,left,10,3405
TG,TREDEGAR CORP,left,23,4560
TGH,TEXTAINER GROUP HLDGS,left,23,1324
TGTX,TG THERAPEUTICS INC,left,23,1555
THFF,FIRST FINANCIAL CORP,left,9,3058
THLD,THRESHOLD PHARMACEUTICA,left,23,2480
THOR,THORATEC CORP,left,23,2364
THR,THERMON GROUP HLDGS INC,left,23,2134
THRM,GENTHERM INC,left,10,2364
THRX,THERAVANCE INC,left,23,2018
THS,TREEHOUSE FOODS INC,left,23,4791
TILE,INTERFACE INC,left,13,1902
TIME,TIME INC,left,23,2827
TIPT,TIPTREE FINANCIAL INC,left,23,2942
TIS,ORCHIDS PAPER PRODS COM,left,18,863
TISI,TEAM INC,left,23,3289
TITN,TITAN MACHINERY INC,left,23,3173
TIVO,TIVO INC,left,23,3289
TLMR,TALMER BANCORP INC,left,23,2480
TLYS,TILLYS INC,left,23,2711
TMH,TEAM HEALTH HOLDINGS IN,left,23,3173
TMP,TOMPKINS FINANCIAL CORP,left,23,3405
TNAV,TELENAV INC,left,23,3982
TNC,TENNANT CO,left,23,4213
TNDM,TANDEM DIABETES CARE IN,left,23,2711
TNET,TRINET GROUP INC,left,24,1094
TNGO,TANGOE INC,left,23,2827
TNK,TEEKAY TANKERS LTD,left,23,3520
TOWN,TOWNEBANK PORTSMOUTH VA,left,23,3866
TOWR,TOWER INTERNATIONAL INC,left,23,3751
TPC,TUTOR PERINI CORP,left,24,2827
TPH,TRI POINTE HOMES INC,left,23,5137
TPLM,TRIANGLE PETE CORP,left,24,747
TPRE,THIRD POINT REINSURANCE,left,23,2249
TQNT,TRIQUINT SEMICONDUCTOR,left,24,1324
TR,TOOTSIE ROLL INDUSTRIES,left,23,3520
TRAK,DEALERTRACK TECHNOLOGIE,left,7,4791
TRC,TEJON RANCH CO,left,23,3635
TREC,TRECORA RESOURCES,left,23,4445
TREE,TREE.COM INC,left,23,4676
TREX,TREX INC,left,23,5022
TRIV,TRIVASCULAR TECHNOLOGIE,left,24,1555
TRK,SPEEDWAY MOTORSPORTS IN,left,22,3058
TRLA,TRULIA INC,left,24,2018
TRMK,TRUSTMARK CORP,left,24,2249
TRMR,TREMOR VIDEO INC,left,23,4906
TRNO,TERRENO REALTY CORP,left,23,4445
TRNX,TORNIER N V,left,23,3635
TROX,TRONOX LTD,left,24,1671
TRS,TRIMAS CORP,left,24,978
TRST,TRUSTCO BANK CORP NY,left,24,2134
TRUE,TRUECAR INC,left,24,1902
TRXC,TRANSENTERIX INC,left,23,4213
TSC,TRISTATE CAP HLDGS INC,left,24,1440
TSRA,TESSERA TECHNOLOGIES IN,left,23,5022
TSRE,TRADE STREET RESIDENTIA,left,23,3982
TSRO,TESARO INC,left,23,4676
TSYS,TELECOMMUNICATION SYSTE,left,23,3751
TTEC,TELETECH HOLDINGS INC,left,23,4098
TTEK,TETRA TECH INC,left,23,5137
TTGT,TECHTARGET INC,left,23,3405
TTI,TETRA TECHNOLOGIES INC,left,23,747
TTMI,TTM TECHNOLOGIES INC,left,24,2364
TTPH,TETRAPHASE PHARMA INC,left,23,863
TTS,TILE SHOP HLDGS INC,left,23,2595
TTWO,TAKE-TWO INTERACTIVE,left,23,2249
TUES,TUESDAY MORNING CORP,left,24,2480
TUMI,TUMI HLDGS INC,left,24,2595
TWI,TITAN INTERNATIONAL INC,left,23,3058
TWIN,TWIN DISC INC,left,24,2942
TWOU,2U INC,left,1,1803
TXI,TEXAS INDUSTRIES INC,left,23,1094
TXMD,THERAPEUTICSMD INC,left,23,1787
TXRH,TEXAS ROADHOUSE INC,left,23,1208
TXTR,TEXTURA CORPORATION,left,23,1440
TYL,TYLER TECHNOLOGIES INC,left,24,3058
TYPE,MONOTYPE IMAGING HLDG,left,16,2827
TZOO,TRAVELZOO INC,left,23,4329
UACL,UNIVERSAL TRUCKLOAD SVC,left,24,3173
UAM,UNIVERSAL AMERICAN CORP,left,24,2134
UBA,URSTADT BIDDLE PPTYS IN,left,24,3635
UBNK,UNITED FINANCIAL BANCOR,left,24,1324
UBNT,UBIQUITI NETWORKS INC,left,24,3520
UBSH,UNION BANKSHARES CORP,left,24,747
UBSI,UNITED BANKSHARES INC,left,24,978
UCBI,UNITED COMMUNITY BANKS,left,24,1208
UCFC,UNITED CMNTY FINL CO,left,24,1094
UCP,UCP INC,left,24,3635
UCTT,ULTRA CLEAN HOLDINGS IN,left,24,4098
UEIC,UNIVERSAL ELECTRONICS,left,24,2480
UFCS,UNITED FIRE GROUP INC,left,24,1440
UFI,UNIFI INC,left,24,4906
UFPI,UNIVERSAL FOREST PRODS,left,24,2595
UFPT,UFP TECHNOLOGIES INC,left,24,3751
UHT,UNIVERSAL HEALTH REALTY,left,24,2711
UIHC,UNITED INS HLDGS CORP,left,24,1555
UIL,UIL HOLDINGS CORP,left,24,3866
UIS,UNISYS CORP,left,24,863
ULTI,ULTIMATE SOFTWARE GROUP,left,24,3982
ULTR,ULTRAPETROL BAHAMAS LTD,left,24,4329
UMBF,UMB FINANCIAL CORP,left,24,4560
UMH,UMH PROPERTIES INC,left,24,4676
UMPQ,UMPQUA HOLDINGS CORP,left,24,4791
UNF,UNIFIRST CORP MASS,left,24,5022
UNFI,UNITED NATURAL FOODS IN,left,24,1671
UNIS,UNILIFE CORP NEW,left,24,5137
UNS,UNS ENERGY CORPORATION,left,24,3405
UPIP,UNWIRED PLANET INC,left,24,3520
USAK,USA TRUCK INC,left,24,3982
USAP,UNIVERSAL STAINLESS & A,left,24,2942
USCR,U S CONCRETE INC,left,24,3173
USLM,UNITED STATES LIME & MI,left,24,1787
USMO,USA MOBILITY INC,left,24,3866
USNA,USANA HEALTH SCIENCES,left,24,4098
USPH,U S PHYSICAL THERAPY IN,left,24,3289
USTR,UNITED STATIONERS INC,left,24,1902
UTEK,ULTRATECH INC,left,24,4445
UTI,UNIVERSAL TECHNICAL INS,left,24,3058
UTIW,UTI WORLDWIDE INC,left,24,4329
UTL,UNITIL CORP,left,24,2018
UTMD,UTAH MED PRODS INC,left,24,4213
UVE,UNIVERSAL INSURANCE,left,24,2827
UVSP,UNIVEST CORP OF PENN,left,24,3289
UVV,UNIVERSAL CORP,left,24,2249
VAC,MARRIOTT VAC WORLD CORP,left,15,2827
VASC,VASCULAR SOLUTIONS INC,left,25,978
VCRA,VOCERA COMMUNICATIONS,left,25,4098
VCYT,VERACYTE INC,left,25,1440
VDSI,VASCO DATA SECURITY INT,left,25,863
VECO,VEECO INSTRUMENTS INC,left,25,1208
VG,VONAGE HLDGS CORP,left,25,4329
VGR,VECTOR GROUP LTD,left,25,1094
VHC,VIRNETX HOLDING CORP,left,25,2942
VIAS,VIASYSTEMS GROUP INC,left,25,2249
VICR,VICOR CORP,left,25,2364
VITC,VITACOST COM INC,left,25,3520
VIVO,MERIDIAN BIOSCIENCE INC,left,15,2711
VLCCF,KNIGHTSBRIDGE TANKERS,left,14,1671
VLGEA,VILLAGE SUPER MARKET IN,left,25,2595
VLY,VALLEY NATIONAL BANCORP,left,24,4676
VMEM,VIOLIN MEMORY INC,left,25,2827
VNCE,VINCE HOLDING CORP,left,25,2711
VNDA,VANDA PHARMACEUTICALS,left,24,4906
VOLC,VOLCANO CORP,left,25,4213
VOXX,VOXX INTERNATIONAL CORP,left,25,4445
VPFG,VIEWPOINT FINL GROUP,left,25,2480
VPG,VISHAY PRECISION GROUP,left,25,3289
VPRT,VISTAPRINT N V,left,25,3405
VRA,VERA BRADLEY INC,left,25,1324
VRNG,VRINGO INC,left,25,4560
VRNS,VARONIS SYSTEMS INC,left,25,747
VRNT,VERINT SYS INC,left,25,1671
VRTS,VIRTUS INVESTMENT PTNRS,left,25,3058
VRTU,VIRTUSA CORP,left,25,3173
VSAR,VERSARTIS INC,left,25,1787
VSAT,VIASAT INC,left,25,2134
VSB,VANTAGESOUTH BANCSHARES,left,24,5137
VSEC,VSE CORP,left,25,4676
VSI,VITAMIN SHOPPE INC,left,25,3751
VSTM,VERASTEM INC,left,25,1555
VTG,VANTAGE DRILLING COMPAN,left,24,5022
VTL,VITAL THERAPIES INC,left,25,3635
VTNR,VERTEX ENERGY INC,left,25,1902
VTSS,VITESSE SEMICONDUCTOR,left,25,3866
VVI,VIAD CORP,left,25,2018
VVTV,VALUEVISION MEDIA INC,left,24,4791
VVUS,VIVUS INC,left,25,3982
WABC,WESTAMERICA BANCORP,left,25,3635
WAC,WALTER INV MGMT CORP,left,25,863
WAFD,WASHINGTON FED INC,left,25,1094
WAGE,WAGEWORKS INC,left,25,5022
WAIR,WESCO AIRCRAFT HLDGS IN,left,25,3058
WAL,WESTERN ALLIANCE BANCOR,left,25,3751
WASH,WASHINGTON TRUST BANCOR,left,25,1324
WBMD,WEBMD HEALTH CORP,left,25,2249
WBS,WEBSTER FINANCIAL CORP,left,25,2364
WCG,WELLCARE GROUP INC,left,25,2711
WCIC,WCI COMMUNITIES INC,left,25,1902
WD,WALKER & DUNLOP INC,left,25,5137
WDFC,WD-40 CO,left,25,2018
WERN,WERNER ENTERPRISES INC,left,25,2827
WETF,WISDOMTREE INVTS INC,left,26,1208
WEX,WEX INC,left,25,4329
WEYS,WEYCO GROUP INC,left,25,4445
WG,WILLBROS GROUP INC,left,25,4791
WGL,WGL HOLDINGS INC,left,25,4560
WGO,WINNEBAGO INDUSTRIES IN,left,26,863
WHG,WESTWOOD HOLDINGS GROUP,left,25,4213
WIBC,WILSHIRE BANCORP INC,left,25,5137
WIFI,BOINGO WIRELESS INC,left,4,3405
WINA,WINMARK CORP,left,26,747
WIRE,ENCORE WIRE CORP,left,8,747
WIX,WIX LTD,left,26,1324
WLB,WESTMORELAND COAL CO,left,25,4098
WLH,WILLIAM LYON HOMES,left,25,4906
WLT,WALTER ENERGY INC,left,25,747
WMAR,WEST MARINE INC,left,25,3405
WMC,WESTERN ASSET MTG CAP,left,25,3866
WMGI,WRIGHT MEDICAL GROUP IN,left,26,2018
WMK,WEIS MARKETS INC,left,25,2595
WNC,WABASH NATIONAL CORP,left,25,4906
WNR,WESTERN REFINING INC,left,25,3982
WOR,WORTHINGTON INDUSTRIES,left,26,1902
WPP,WAUSAU PAPER CORP,left,25,1787
WRE,WASHINGTON REAL ESTATE,left,25,1208
WRES,WARREN RESOURCES INC,left,25,978
WRLD,WORLD ACCEPTANCE CORP,left,26,1671
WSBC,WESBANCO INC,left,25,2942
WSBF,WATERSTONE FINANCIAL IN,left,25,1440
WSFS,WSFS FINANCIAL CORP,left,26,2134
WSO,WATSCO INC,left,25,1555
WSR,WHITESTONE REIT,left,25,4676
WST,WEST PHARMACEUTICAL SVC,left,25,3520
WSTC,WEST CORP,left,25,3289
WTBA,WEST BANCORPORATION INC,left,25,3173
WTFC,WINTRUST FINANCIAL CORP,left,26,1094
WTI,W&T OFFSHORE INC,left,25,4791
WTS,WATTS WATER TECH INC,left,25,1671
WTW,WEIGHT WATCHERS INTL IN,left,25,2480
WWD,WOODWARD INC,left,26,1555
WWE,WORLD WRESTLING ENTMNT,left,26,1787
WWW,WOLVERINE WORLD WIDE,left,26,1440
WWWW,WEB.COM GROUP INC,left,25,2134
XCO,EXCO RESOURCES INC,left,9,2134
XCRA,XCERRA CORPORATION,left,26,2249
XLRN,ACCELERON PHARMA INC,left,1,3651
XNCR,XENCOR INC,left,26,2364
XNPT,XENOPORT INC,left,26,2480
XOMA,XOMA CORPORATION,left,26,863
XON,INTREXON CORP,left,13,3635
XONE,EXONE COMPANY,left,9,2480
XOOM,XOOM CORPORATION,left,26,978
XOXO,XO GROUP INC,left,26,747
XPO,XPO LOGISTICS INC,left,26,1094
XRM,XERIUM TECHNOLOGIES INC,left,26,2595
XXIA,IXIA,left,13,1324
XXII,22ND CENTY GROUP INC,left,1,1687
YDKN,YADKIN FINANCIAL CORP,left,26,1208
YORW,YORK WATER COMPANY,left,26,1324
YRCW,YRC WORLDWIDE INC,left,26,1440
YUME,YUME INC,left,26,1555
ZEN,ZENDESK INC,left,26,1787
ZEP,ZEP INC,left,26,1902
ZEUS,OLYMPIC STEEL INC,left,17,2364
ZGNX,ZOGENIX INC,left,26,2364
ZINC,HORSEHEAD HOLDING CORP,left,12,3635
ZIOP,ZIOPHARM ONCOLOGY INC,left,26,2018
ZIXI,ZIX CORP,left,26,2134
ZLTQ,ZELTIQ AESTHETICS INC,left,26,1671
ZOES,ZOES KITCHEN INC,left,26,2249
ZQK,QUIKSILVER INC,left,19,4906
ZUMZ,ZUMIEZ INC,left,26,2480
