symbol,company,source_row
AAC,AAC HOLDINGS INC,18
AAN,AARONS INC,21
AAOI,APPLIED OPTOELECTRONICS,110
AAON,AAON INC,19
AAT,AMERICAN ASSETS TRST INC,70
AAWW,ATLAS AIR WORLDWIDE HLDG,107
AAXN,AXON ENTERPRISE INC,131
ABAX,ABAXIS INC,22
ABCB,AMERIS BANCORP,85
ABCD,CAMBIUM LEARNING GRP INC,211
ABEO,ABEONA THERAPEUTICS INC,23
ABG,ASBURY AUTOMOTIVE GROUP,90
ABM,ABM INDUSTRIES INC,25
ABR,ARBOR REALTY TRUST INC,67
ABTX,ALLEGIANCE BANCSHARES,40
ABUS,ARBUTUS BIOPHARMA CORP,68
AC,ASSOCIATED CAPITAL GROUP,96
ACAD,ACADIA PHARMACEUTICALS,29
ACBI,ATLANTIC CAPITAL INC,105
ACCO,ACCO BRANDS CORP,34
ACHN,ACHILLION PHARM,37
ACIA,ACACIA COMMUNICATIONS,27
ACIW,ACI WORLDWIDE INC,38
ACLS,AXCELIS TECHNOLOGIES INC,129
ACMR,ACM RESEARCH,40
ACNB,ACNB CORP,41
ACOR,ACORDA THERAPEUTICS INC,42
ACRE,ARES COML REAL ESTATE,76
ACRS,ACLARIS THERAPEUTICS,39
ACTG,ACACIA RESEARCH CORP,28
ACXM,ACXIOM CORP,45
ADC,AGREE REALTY CORP,21
ADES,ADVANCED EMISSIONS SLTNS,56
ADMA,ADMA BIOLOGICS INC,50
ADMS,ADAMAS PHARMACEUTICALS,46
ADRO,ADURO BIOTECH INC,53
ADSW,ADVANCED DISPOSAL SVCS,54
ADTN,ADTRAN INC,52
ADUS,ADDUS HOMECARE CORP,48
ADVM,ADVERUM BIOTECH INC,11
AE,ADAMS RESOURCES & ENERGY,47
AEGN,AEGION CORP,12
AEIS,ADVANCED ENERGY INDS INC,57
AEL,AMERICAN EQUITY INVST,73
AEO,AMERICAN EAGLE OUTFITTER,72
AERI,AERIE PHARMACEUTICALS,14
AFI,ARMSTRONG FLOORING INC,82
AFSI,AMTRUST FINL SVCS,94
AGEN,AGENUS INC,19
AGFS,AGROFRESH SOLUTIONS INC,22
AGLE,AEGLEA BIOTHERAPEUTICS,13
AGM,FEDERAL AGRIC MTG CO,397
AGS,PLAYAGS INC,876
AGX,ARGAN INC,77
AGYS,AGILYSYS INC,20
AHH,ARMADA HOFFLER PPTYS INC,80
AHT,ASHFORD HOSPITALITY,93
AI,ARLINGTON ASSET INVT,79
AIMC,ALTRA INDUSTRIAL MOTION,52
AIMT,AIMMUNE THERAPEUTICS INC,23
AIN,ALBANY INTERNATIONAL,32
AINC,ASHFORD INC,94
AIR,AAR CORP,20
AIT,APPLIED INDUSTRIAL TECH,109
AJRD,AEROJET ROCKETDYNE HLDGS,16
AJX,GREAT AJAX CORP,523
AKAO,ACHAOGEN INC,36
AKBA,AKEBIA THERAPEUTICS INC,28
AKCA,AKCEA THERAPEUTICS,27
AKR,ACADIA REALTY TRUST,30
AKRX,AKORN INC,29
AKS,AK STEEL HOLDING CORP,26
ALBO,ALBIREO PHARMA INC,33
ALCO,ALICO INC,38
ALDR,ALDER BIOPHARMACEUTICALS,34
ALDX,ALDEYRA THERAPEUTICS INC,35
ALE,ALLETE INC,43
ALEX,ALEXANDER & BALDWIN INC,36
ALG,ALAMO GROUP INC,30
ALGT,ALLEGIANT TRAVEL CO,41
ALNA,ALLENA PHARMACEUTICALS,42
ALRM,ALARM.COM HOLDINGS INC,31
ALTR,ALTAIR ENGINEERING INC,49
ALX,ALEXANDERS INC,37
AMAG,AMAG PHARMACEUTICALS INC,53
AMBA,AMBARELLA INC,55
AMBC,AMBAC FINL GROUP INC,54
AMBR,AMBER RD INC,56
AMC,AMC ENTERTAINMENT,57
AMED,AMEDISYS INC,67
AMEH,APOLLO MEDICAL HOLDINGS,107
AMKR,AMKOR TECHNOLOGY INC,89
AMN,AMN HEALTHCARE SERVICES,90
AMNB,AMERICAN NATL BANKSHARES,74
AMOT,ALLIED MOTION TECH,45
AMPE,AMPIO PHARMACEUTICALS,93
AMPH,AMPHASTAR PHARMA INC,92
AMR,ALTA MESA RESOURCES (A),48
AMRC,AMERESCO INC,69
AMRS,AMYRIS INC,95
AMRX,AMNEAL PHARMACEUTICALS,91
AMSF,AMERISAFE INC,86
AMSWA,AMERICAN SOFTWARE INC,79
AMWD,AMERICAN WOODMARK CORP,82
ANAB,ANAPTYS BIO INC,96
ANCX,ACCESS NATL CORP,33
ANDE,ANDERSONS INC,97
ANF,ABERCROMBIE & FITCH,24
ANGO,ANGIODYNAMICS INC,98
ANH,ANWORTH MORTGAGE ASSET,103
ANIK,ANIKA THERAPEUTICS INC,100
ANIP,ANI PHARMACEUTICALS INC,99
AOBC,AMERICAN OUTDOOR BRANDS,75
AOI,ALLIANCE ONE INTL INC,44
AOSL,ALPHA & OMEGA SEMICON,47
APAM,ARTISAN PARTNERS ASSET,89
APEI,AMER PUBLIC EDUCATION,68
APLS,APELLIS PHARMACEUTICALS,104
APOG,APOGEE ENTERPRISES INC,105
APPF,APPFOLIO INC,108
APTI,APPTIO INC,112
APTS,PREFERRED APT CMNTYS INC,890
AQ,AQUANTICA CORP,113
AQUA,EVOQUA WATER TECH,377
ARA,AMERICAN RENAL ASSOC HLD,77
ARAY,ACCURAY INC,35
ARCB,ARCBEST CORPORATION,69
ARCH,ARCH COAL INC,70
ARDX,ARDELYX INC,73
AREX,APPROACH RESOURCES INC,111
ARGO,ARGO GROUP INTL,78
ARI,APOLLO COMMERCIAL RE,106
ARII,AMERICAN RAILCAR IND,76
ARL,AMERICAN RLTY INVS INC,78
ARNA,ARENA PHARMACEUTICALS,75
AROC,ARCHROCK INC,71
AROW,ARROW FINANCIAL CORP,85
ARQL,ARQULE INC,83
ARR,ARMOUR RESIDENTIAL REIT,81
ARRY,ARRAY BIOPHARMA INC,84
ARTNA,ARTESIAN RESOURCES CORP,88
ARWR,ARROWHEAD PHARMACEUTICAL,86
ASC,ARDMORE SHIPPING CORP,74
ASGN,ASGN INCORPORATED,92
ASIX,ADVANSIX,10
ASMB,ASSEMBLY BIOSCIENCES INC,95
ASNA,ASCENA RETAIL GROUP INC,91
ASNS,ARSANIS INC,87
ASPS,ALTISOURCE PORTFOLIO,51
ASTE,ASTEC INDUSTRIES INC,97
ASUR,ASURE SOFTWARE INC,99
AT,ATLANTIC PWR CORP,106
ATEN,A10 NETWORKS INC,17
ATGE,ADTALEM GLOBAL EDUCATION,51
ATHX,ATHERSYS INC,103
ATI,ALLEGHENY TECHNOLOGIES,39
ATKR,ATKORE INTL GROUP INC,104
ATLO,AMES NATL CORP,87
ATNI,ATN INTERNATIONAL INC,108
ATNX,ATHENEX,102
ATRA,ATARA BIOTHERAPEUTICS,101
ATRC,ATRICURE INC,109
ATRI,ATRION CORP,110
ATRO,ASTRONICS CORP,98
ATRS,ANTARES PHARMA INC,102
ATSG,AIR TRANSPORT SERVICES,24
ATU,ACTUANT CORP,43
AUBN,AUBURN NATL BANCORP,111
AVA,AVISTA CORP,127
AVAV,AEROVIRONMENT INC,17
AVD,AMERICAN VANGUARD CORP,81
AVEO,AVEO PHARMACEUTICALS INC,114
AVHI,A V HOMES INC,16
AVID,AVID TECHNOLOGY INC,125
AVX,AVX CORP,128
AVYA,AVAYA HOLDINGS CORP,113
AWR,AMERICAN STATES WATER CO,80
AXAS,ABRAXAS PETE CORP,26
AXDX,ACCELERATE DIAGNOSTICS,31
AXE,ANIXTER INTERNATIONAL,101
AXGN,AXOGEN INC,130
AXL,AMERICAN AXLE & MFG,71
AXTI,AXT INC,132
AYR,AIRCASTLE LTD,25
AYX,ALTERYX INC,50
AZZ,AZZ INC,133
B,BARNES GROUP INC,155
BABY,NATUS MEDICAL INC,768
BANC,BANC OF CALIFORNIA INC,140
BANF,BANCFIRST CORP,141
BANR,BANNER CORP,151
BAS,BASIC ENERGY SERVICES,157
BATRA,LIBERTY BRAVES SERIES A,668
BATRK,LIBERTY BRAVES SERIES C,669
BBBY,BED BATH & BEYOND INC,165
BBGI,BEASLEY BROADCAST GROUP,163
BBSI,BARRETT BUSINESS SERVICE,156
BBX,BBX CAPITAL CORP,160
BCBP,BCB BANCORP INC,161
BCC,BOISE CASCADE COMPANY,152
BCEI,BONANZA CREEK ENER INC,154
BCML,BAYCOM CORPORATION,159
BCO,BRINKS CO,170
BCOR,BLUCORA INC,142
BCOV,BRIGHTCOVE INC,167
BCPC,BALCHEM CORP,138
BCRX,BIOCRYST PHARMACEUTICALS,130
BDC,BELDEN INC,167
BDGE,BRIDGE BANCORP INC,164
BEAT,BIOTELEMETRY INC,134
BECN,BEACON ROOFING SUPPLY,162
BEL,BELMOND LTD,169
BELFB,BEL FUSE INC,166
BFIN,BANKFINANCIAL CORP,149
BFS,SAUL CENTERS INC,941
BFST,BUSINESS FIRST BANCSHARE,189
BGFV,BIG 5 SPORTING GOODS,126
BGG,BRIGGS & STRATTON CO,166
BGS,B & G FOODS INC,134
BGSF,BG STAFFING INC,125
BH,BIGLARI HOLDINGS B,129
BH.A,BIGLARI HOLDINGS A,128
BHB,BAR HBR BANKSHARES,152
BHBK,BLUE HILLS BANCORP INC,144
BHE,BENCHMARK ELECTRONICS,170
BHLB,BERKSHIRE HILLS BANCORP,182
BHR,BRAEMAR HOTELS & RESORTS,163
BHVN,BIOHAVEN PHARMACEUTICAL,131
BID,SOTHEBYS,1026
BIG,BIG LOTS INC,127
BIOS,BIOSCRIP INC,132
BJRI,BJS RESTAURANTS INC,136
BKD,BROOKDALE SENIOR LIVING,181
BKE,BUCKLE INC,187
BKH,BLACK HILLS CORP,137
BKS,BARNES & NOBLE INC,154
BL,BLACKLINE INC,139
BLBD,BLUE BIRD CORP,143
BLCM,BELLICUM PHARMACEUTICALS,168
BLD,TOPBUILD CORP,1070
BLDR,BUILDERS FIRSTSOURCE INC,188
BLKB,BLACKBAUD INC,138
BLMN,BLOOMIN' BRANDS INC,141
BLMT,BSB BANCORP INC MD,186
BLX,BANCO LATINOAMERICANO,142
BMCH,BMC STOCK HOLDINGS INC,149
BMI,BADGER METER INC,137
BMRC,BANK OF MARIN BANCORP,146
BMTC,BRYN MAWR BANK CORP,185
BNCL,BENEFICIAL BANCORP INC,171
BNED,BARNES & NOBLE EDUCATION,153
BNFT,BENEFITFOCUS INC,181
BOCH,BANK COMM HLDGS,145
BOFI,BOFI HLDG INC,150
BOJA,BOJANGLES INC,153
BOLD,AUDENTES THERAPEUTICS,112
BOMN,BOSTON OMAHA,157
BOOM,DMC GLOBAL INC,315
BOOT,BOOT BARN HOLDINGS,155
BOX,BOX INC,160
BPFH,BOSTON PRIVATE FINANCIAL,158
BPMC,BLUEPRINT MEDICINES CORP,147
BPRN,BANK OF PRINCETON,148
BRC,BRADY CORP,162
BREW,CRAFT BREW ALLIANCE,306
BRG,BLUEROCK RESIDENT REIT,148
BRKL,BROOKLINE BANCORP INC,182
BRKS,BROOKS AUTOMATION INC,183
BRS,BRISTOW GROUP INC,171
BRSS,GLOBAL BRASS & COPPR HLD,489
BRT,BRT APARTMENTS CORP,184
BSET,BASSETT FURNITURE INDS,158
BSIG,BRIGHTSPHERE INVESTMENT,168
BSRR,SIERRA BANCORP,1000
BSTC,BIOSPECIFICS TECHNO CORP,133
BTU,PEABODY ENERGY CORP,829
BTX,BIOTIME INC,135
BUSE,FIRST BUSEY CORP,425
BW,BABCOCK & WILCOX ENT,136
BWB,BRIDGEWATER BANCSHARES,165
BWFG,BANKWELL FINL GROUP INC,150
BWINB,BALDWIN & LYONS INC,139
BXC,BLUELINX HOLDINGS INC,146
BXG,BLUEGREEN VACATIONS CORP,145
BXMT,BLACKSTONE MORTGAGE TRST,140
BXS,BANCORPSOUTH BANK,144
BY,BYLINE BANCORP,190
BYD,BOYD GAMING CORP,161
BZH,BEAZER HOMES USA INC,164
CAC,CAMDEN NATIONAL CORP,214
CACI,CACI INTERNATIONAL INC,194
CADE,CADENCE BANCORP,196
CAI,CAI INTERNATIONAL INC,199
CAKE,CHEESECAKE FACTORY INC,240
CAL,CALERES INC,203
CALA,CALITHERA BIOSCIENCES,206
CALM,CAL MAINE FOODS INC,200
CALX,CALIX INC,207
CAMP,CALAMP CORP,201
CAR,AVIS BUDGET GROUP INC,126
CARA,CARA THERAPEUTICS INC,223
CARB,CARBONITE INC,226
CARG,CARGURUS INC,185
CARO,CAROLINA FINL CORP,186
CARS,CARS.COM,191
CASA,CASA SYSTEMS INC,193
CASH,META FINANCIAL GROUP INC,726
CASI,CASI PHARMACEUTICALS INC,195
CASS,CASS INFORMATION SYSTEMS,196
CATC,CAMBRIDGE BANCORP,213
CATM,CARDTRONICS PLC,238
CATO,CATO CORP,203
CATY,CATHAY GENERAL BANCORP,202
CBAY,CYMABAY THERAPEUTICS INC,326
CBB,CINCINNATI BELL INC,257
CBFV,CB FINL SVCS INC,205
CBIO,CATALYST BIOSCIENCES INC,199
CBL,CBL & ASSOC PPTYS INC,207
CBLK,CARBON BLACK,225
CBM,CAMBREX CORP,212
CBMG,CELLULAR BIOMEDICINE GRP,212
CBPX,CONTINENTAL BLDG PRODS,270
CBRL,CRACKER BARREL STORE,305
CBTX,CBTX INC,208
CBU,COMMUNITY BANK SYSTEMS,250
CBZ,CBIZ INC,206
CCBG,CAPITAL CITY BANK GROUP,218
CCF,CHASE CORP,238
CCMP,CABOT MICROELECTRONICS,193
CCNE,CNB FINL CORP PA,279
CCO,CLEAR CHANNEL OUTDOOR,270
CCOI,COGENT COMM HOLDINGS,295
CCRN,CROSS COUNTRY HEALTHCARE,311
CCS,CENTURY COMMUNITIES INC,223
CCXI,CHEMOCENTRYX INC,244
CDE,COEUR MINING INC,285
CDLX,CARDLYTICS INC,228
CDMO,AVID BIOSERVICES INC,124
CDNA,CAREDX INC,240
CDR,CEDAR REALTY TRUST INC,210
CDXC,CHROMADEX CORP,252
CDXS,CODEXIS INC,283
CDZI,CADIZ INC,197
CECE,CECO ENVIRONMENTAL CORP,209
CECO,CAREER EDUCATION CORP,183
CEIX,CONSOL ENERGY INC,266
CELC,CELCUITY,211
CELH,CELSIUS HOLDINGS INC,213
CENT,CENTRAL GARDEN & PET CO,216
CENTA,CENTRAL GARDEN & PET CO,217
CENX,CENTURY ALUMINUM CO,220
CERS,CERUS CORP,224
CETV,CENTRAL EUROPEAN MEDIA,215
CEVA,CEVA INC,225
CFFI,C & F FINANCIAL CORP,191
CFFN,CAPITOL FEDERAL FINL INC,220
CHCO,CITY HOLDING CO,264
CHCT,COMMUNITY HEALTHCARE TR,254
CHDN,CHURCHILL DOWNS INC,253
CHEF,CHEFS' WHAREHOUSE INC,241
CHFC,CHEMICAL FINANCIAL CORP,243
CHFN,CHARTER FINL CORP WEST,228
CHGG,CHEGG INC,242
CHMG,CHEMUNG FINL CORP,245
CHMI,CHERRY HILL MORTGAGE INV,246
CHRS,COHERUS BIOSCIENCES,298
CHS,CHICOS FAS INC,249
CHSP,CHESAPEAKE LODGING TRUST,247
CHUY,CHUY'S HOLDINGS INC,254
CIA,CITIZENS INC,263
CIEN,CIENA CORP,255
CIO,CITY OFFICE REIT INC,265
CIR,CIRCOR INTERNATIONAL INC,258
CISN,CISION,260
CIVB,CIVISTA BANCSHARES INC,266
CIVI,CIVITAS SOLUTIONS,267
CIX,COMPX INTERNATIONAL INC,259
CJ,C&J ENERGY SERVICES INC,192
CKH,SEACOR HOLDINGS INC,956
CLAR,CLARUS CORPORATION,268
CLBK,COLUMBIA FINANCIAL INC,245
CLD,CLOUD PEAK ENERGY INC,276
CLDR,CLOUDERA INC,277
CLDT,CHATHAM LODGING TR,239
CLF,CLEVELAND-CLIFFS INC,274
CLFD,CLEARFIELD INC,271
CLI,MACK CALI REALTY CORP,653
CLNC,COLONY CR RE INC (A),243
CLNE,CLEAN ENERGY FUELS CORP,269
CLPR,CLIPPER REALTY INC,275
CLSD,CLEARSIDE BIOMEDICAL INC,272
CLUB,TOWN SPORTS INTL,1072
CLVS,CLOVIS ONCOLOGY INC,278
CLW,CLEARWATER PAPER CORP,273
CLXT,CALYXT,210
CMC,COMMERCIAL METALS CO,248
CMCO,COLUMBUS MCKINNON CORP,246
CMO,CAPSTEAD MORTGAGE CORP,222
CMP,COMPASS MINERALS INTL,257
CMPR,CIMPRESS NV,256
CMRE,COSTAMARE INC,295
CMRX,CHIMERIX INC,251
CMTL,COMTECH TELECOMM,260
CNBKA,CENTURY BANCORP INC,221
CNCE,CONCERT PHARMACEUTICALS,261
CNMD,CONMED CORP,262
CNNE,CANNAE HOLDINGS INC,216
CNO,CNO FINANCIAL GROUP,280
CNOB,CONNECTONE BANCORP INC,264
CNS,COHEN & STEERS INC,297
CNSL,CONSOLIDATED COMM,267
CNTY,CENTURY CASINOS INC,222
CNXN,P C CONNECTION,850
COBZ,COBIZ FINANCIAL INC,281
COHU,COHU INC,241
COKE,COCA COLA BOTTLING,282
COLB,COLUMBIA BKG SYSTEM INC,244
COLD,AMERICOLD REALTY TRUST,84
COLL,COLLEGIUM PHARMACEUTICAL,242
CONN,CONNS INC,265
COOL,POLARITYTE INC,880
CORE,CORE MARK HOLDING CO INC,278
CORI,CORIUM INTL INC,282
CORR,CORENERGY INFRASTRUCT,280
CORT,CORCEPT THERAPEUTICS INC,277
COTV,COTIVITI HOLDINGS INC,296
COUP,COUPA SOFTWARE INC,298
COWN,COWEN INC,303
CPE,CALLON PETROLEUM CO,209
CPF,CENTRAL PACIFIC FINL,218
CPK,CHESAPEAKE UTILITIES,248
CPLA,CAPELLA EDUCATION CO,217
CPLG,COREPOINT LODGINGS INC,281
CPRX,CATALYST PHARMACEUTICALS,200
CPS,COOPER STD HLDGS INC,274
CPSI,COMPUTER PROGRAMS & SYS,258
CRAI,CRA INTERNATIONAL INC,304
CRAY,CRAY INC,308
CRBP,CORBUS PHARMACEUTICALS,276
CRC,CALIFORNIA RESOURCES,204
CRCM,CARE.COM INC,239
CRD.B,CRAWFORD & CO,307
CREE,CREE INC,309
CRMT,AMERICAS CAR-MART INC,83
CROX,CROCS INC,310
CRR,CARBO CERAMICS INC,224
CRS,CARPENTER TECHNOLOGY,187
CRUS,CIRRUS LOGIC INC,259
CRVL,CORVEL CORP,284
CRVS,CORVUS PHARMACEUTICALS,285
CRY,CRYOLIFE INC,312
CRZO,CARRIZO OIL & GAS INC,189
CSFL,CENTERSTATE BANK CORP,214
CSGS,CSG SYSTEMS INTL INC,314
CSII,CARDIOVASCULAR SYS INC,227
CSLT,CASTLIGHT HEALTH INC,198
CSOD,CORNERSTONE ONDEMAND INC,283
CSTE,CAESARSTONE LTD,198
CSTR,CAPSTAR FINANCIAL HLDG,221
CSU,CAPITAL SENIOR LIVING,219
CSV,CARRIAGE SERVICES INC,188
CSWI,CSW INDUSTRIALS INC,315
CTB,COOPER TIRE & RUBBER CO,275
CTBI,COMMUNITY TRUST BANCORP,255
CTIC,CTI BIOPHARMA CORP,316
CTMX,CYTOMX THERAPEUTICS INC,329
CTO,CONSOLIDATED TOMOKA LAND,268
CTRE,CARETRUST REIT INC,184
CTRL,CONTROL4 CORPORATION,271
CTRN,CITI TRENDS INC,261
CTS,CTS CORP,317
CTSO,CYTOSORBENTS CORP,330
CTT,CATCHMARK TIMBER TRUST,201
CTWS,CONNECTICUT WATER SVC,263
CUB,CUBIC CORP,318
CUBI,CUSTOMERS BANCORP INC,322
CUE,CUE BIOPHARMA INC,319
CULP,CULP INC,320
CURO,CURO GROUP HOLDINGS CORP,321
CUTR,CUTERA INC,323
CUZ,COUSINS PROPERTIES INC,299
CVA,COVANTA HOLDING CORP,300
CVBF,CVB FINANCIAL CORP,324
CVCO,CAVCO INDUSTRIES INC,204
CVCY,CENTRAL VALLEY CMNTY,219
CVG,CONVERGYS CORP,273
CVGI,COMMERCIAL VEH GROUP INC,249
CVGW,CALAVO GROWERS INC,202
CVI,CVR ENERGY INC,325
CVIA,COVIA HOLDINGS CORP,302
CVLT,COMMVAULT SYSTEMS INC,256
CVLY,CODORUS VY BANCORP INC,284
CVNA,CARVANA CO,192
CVON,CONVERGEONE HOLDINGS (A),272
CVTI,COVENANT TRANS GRP INC,301
CWBR,COHBAR INC,296
CWCO,CONSOLIDATED WATER CO,269
CWH,CAMPING WORLD HOLDINGS,215
CWST,CASELLA WASTE SYSTEMS,194
CWT,CALIFORNIA WTR SVC GRP,205
CXW,CORECIVIC INC,279
CYH,COMMUNITY HEALTH SYSTEMS,253
CYRX,CRYOPORT INC,313
CYS,CYS INVESTMENTS INC,327
CYTK,CYTOKINETICS INC,328
CZNC,CITIZENS & NORTHERN CORP,262
DAKT,DAKTRONICS INC,332
DAN,DANA INCORPORATED,333
DAR,DARLING INGREDIENTS INC,334
DBD,DIEBOLD NIXDORF,307
DCO,DUCOMMUN INC,326
DCOM,DIME CMNTY BANCSHARES,311
DCPH,DECIPHERA PHARMACEUTICAL,340
DDD,3D SYSTEMS CORP,14
DDS,DILLARDS INC,310
DEA,EASTERLY GOVERNMENT PPTY,337
DECK,DECKERS OUTDOOR CORP,341
DENN,DENNYS CORP,299
DEPO,DEPOMED INC,300
DERM,DERMIRA INC,301
DF,DEAN FOODS COMPANY,339
DFIN,DONNELLEY FINANCIAL,317
DFRG,DEL FRISCOS RESTAURANT,342
DGICA,DONEGAL GROUP INC,316
DGII,DIGI INTL INC,308
DHIL,DIAMOND HILL INVESTMENT,303
DHT,DHT HOLDINGS INC,302
DIN,DINE BRANDS GLOBAL INC,312
DIOD,DIODES INC,313
DJCO,DAILY JOURNAL CORP,331
DK,DELEK US HLDGS INC,353
DLTH,DULUTH HOLDINGS INC,327
DLX,DELUXE CORP,354
DMRC,DIGIMARC CORPORATION,309
DNLI,DENALI THERAPEUTICS INC,355
DNOW,NOW INC,776
DNR,DENBURY RESOURCES INC,356
DO,DIAMOND OFFSHR DRILLING,304
DOC,PHYSICIANS REALTY TRUST,855
DOOR,MASONITE INTL CORP,678
DORM,DORMAN PRODUCTS INC,320
DOVA,DOVA PHARMACEUTICALS,322
DPLO,DIPLOMAT PHARMACY INC,314
DRH,DIAMONDROCK HOSPITALITY,305
DRNA,DICERNA PHARMACEUTICALS,306
DRQ,DRIL-QUIP INC,323
DRRX,DURECT CORP,328
DS,DRIVE SHACK,324
DSKE,DASEKE INC,336
DSW,DSW INC,325
DVAX,DYNAVAX TECHNOLOGIES,331
DWSN,DAWSON GEOPHYSICAL CO,338
DX,DYNEX CAPITAL INC,332
DXPE,DXP ENTERPRISES INC,329
DY,DYCOM INDUSTRIES INC,330
DZSI,DASAN ZHONE SOLUTIONS,335
EAT,BRINKER INTERNATIONAL,169
EBF,ENNIS INC,387
EBIX,EBIX INC,341
EBS,EMERGENT BIOSOLUTIONS,371
EBSB,MERIDIAN BANCORP INC,719
EBTC,ENTERPRISE BANCORP INC,396
ECHO,ECHO GLOBAL LOGISTICS,342
ECOL,US ECOLOGY INC,1168
ECOM,CHANNELADVISOR CORP,226
ECPG,ENCORE CAPITAL GROUP INC,375
ECR,ECLIPSE RESOURCES CORP,352
ECYT,ENDOCYTE INC,378
EDIT,EDITAS MEDICINE INC,354
EDR,EDUCATION REALTY TRUST,355
EE,EL PASO ELECTRIC CO,358
EEX,EMERALD EXPOSITIONS,370
EFII,ELECTRONICS FOR IMAGING,362
EFSC,ENTERPRISE FINL SERVICES,397
EGAN,EGAIN CORPORATION,356
EGBN,EAGLE BANCORP INC,333
EGC,ENERGY XXI GULF COAST,384
EGHT,8X8 INC NEW,15
EGL,ENGILITY HOLDINGS INC,386
EGLE,EAGLE BULK SHIPPING INC,334
EGOV,NIC INC,810
EGP,EASTGROUP PROPERTIES INC,339
EGRX,EAGLE PHARMACEUTICALS,335
EHTH,EHEALTH INC,357
EIG,EMPLOYERS HOLDINGS INC,373
EIGI,ENDURANCE INTERNATIONAL,380
ELF,ELF BEAUTY INC,364
ELGX,ENDOLOGIX INC,379
ELLI,ELLIE MAE INC,365
ELOX,ELOXX PHARMACEUTICALS,367
ELVT,ELEVATE CREDIT INC,363
ELY,CALLAWAY GOLF CO,208
EMCI,EMC INS GROUP INC,368
EME,EMCOR GROUP INC,369
EML,EASTERN CO,338
ENDP,ENDO INTERNATIONAL PLC,377
ENFC,ENTEGRA FINANCIAL CORP,393
ENPH,ENPHASE ENERGY INC,389
ENS,ENERSYS INC,385
ENSG,ENSIGN GROUP INC,391
ENTA,ENANTA PHARMACEUTICALS,374
ENTG,ENTEGRIS INC,394
ENV,ENVESTNET INC,399
ENVA,ENOVA INTERNATIONAL INC,388
ENZ,ENZO BIOCHEM INC,410
EOLS,EVOLUS INC,375
EPAY,BOTTOMLINE TECHNOLOGIES,159
EPC,EDGEWELL PERSONAL CARE,353
EPE,EP ENERGY CORPORATION,411
EPM,EVOLUTION PETROLEUM CORP,376
EPZM,EPIZYME INC,412
EQBK,EQUITY BANCSHARE INC,414
ERA,ERA GROUP INC,357
ERI,ELDORADO RESORTS INC,360
ERII,ENERGY RECOVERY INC,383
EROS,EROS INTL PLC,358
ESCA,ESCALADE INC,359
ESE,ESCO TECHNOLOGIES INC,360
ESGR,ENSTAR GROUP LIMITED,392
ESIO,ELECTRO SCIENTIFIC INDS,361
ESL,ESTERLINE TECHNOLOGIES,366
ESND,ESSENDANT INC,364
ESNT,ESSENT GROUP LTD,365
ESPR,ESPERION THERAPEUTICS,361
ESQ,ESQUIRE FINANCIAL HLDGS,362
ESSA,ESSA BANCORP INC,363
ESTE,EARTHSTONE ENERGY INC,336
ESXB,COMMUNITY BANKERS TRUST,251
ETH,ETHAN ALLEN INTERIORS,367
ETM,ENTERCOM COMMUNICATIONS,395
ETSY,ETSY INC,368
EVBG,EVERBRIDGE INC,371
EVBN,EVANS BANCORP INC,369
EVC,ENTRAVISION COMM,398
EVH,EVOLENT HEALTH INC,374
EVI,ENVIROSTAR INC,409
EVLO,EVELO BIOSCIENCES,370
EVRI,EVERI HOLDINGS INC,372
EVTC,EVERTEC INC,373
EXLS,EXLSERVICE HOLDINGS INC,380
EXPO,EXPONENT INC,381
EXPR,EXPRESS INC,382
EXTN,EXTERRAN CORPORATION,383
EXTR,EXTREME NETWORKS INC,384
EYE,NATIONAL VISION HOLDINGS,761
EZPW,EZCORP INC,385
FARM,FARMER BROS CO,387
FARO,FARO TECHNOLOGIES INC,392
FATE,FATE THERAPEUTICS INC,393
FBC,FLAGSTAR BANCORP INC,454
FBIO,FORTRESS BIOTECH INC,419
FBIZ,FIRST BUSINESS FINL SVCS,426
FBK,FB FINANCIAL CORP,394
FBM,FOUNDATION BLDG MATERIAL,424
FBMS,FIRST BANCSHARES INC MS,423
FBNC,FIRST BANCORP NC,421
FBNK,FIRST CONN BANCORP INC,431
FBP,FIRST BANCORP PR,422
FC,FRANKLIN COVEY CO,429
FCB,FCB FINANCIAL HOLDINGS,396
FCBC,FIRST CMNTY BANCSHAR,428
FCBP,FIRST CHOICE BANCORP,427
FCCO,FIRST CMNTY CORP SC,429
FCCY,1ST CONSTITUTION BANCORP,11
FCEL,FUELCELL ENERGY INC,444
FCF,FIRST COMMONWLTH FINL,430
FCFS,FIRSTCASH INC,449
FCN,FTI CONSULTING INC,442
FCPT,FOUR CORNERS PPTY TRUST,426
FDBC,FIDELITY D&D BANCORP INC,414
FDEF,FIRST DEFIANCE FINANCIAL,432
FDP,FRESH DEL MONTE PRODUCE,435
FELE,FRANKLIN ELECTRIC CO,430
FENC,FENNEC PHARMACEUTICALS,410
FET,FORUM ENERGY TECH,420
FF,FUTUREFUEL CORPORATION,448
FFBC,FIRST FINANCIAL BANCORP,433
FFG,FBL FINANCIAL GROUP INC,395
FFIC,FLUSHING FINANCIAL CORP,469
FFIN,FIRST FINL BANKSHARES,435
FFKT,FARMERS CAPITAL BK CORP,389
FFNW,FIRST FINL NORTHWEST,436
FFWM,FIRST FNDTN INC,437
FG,FGL HOLDINGS,412
FGBI,FIRST GUARANTY BANCSHARE,438
FGEN,FIBROGEN INC,413
FI,FRANK'S INTERNATIONAL,433
FIBK,FIRST INTST BANCSYSTEM,441
FII,FEDERATED INVESTORS INC,399
FISI,FINANCIAL INSTNS INC,418
FIT,FITBIT INC,450
FIVE,FIVE BELOW,451
FIVN,FIVE9 INC,453
FIX,COMFORT SYSTEMS USA INC,247
FIXX,HOMOLOGY MEDICINES,561
FIZZ,NATIONAL BEVERAGE CORP,752
FLDM,FLUIDIGM CORP,468
FLIC,FIRST LONG ISLAND CORP,442
FLNT,FLUENT INC,467
FLOW,SPX FLOW INC,1004
FLWS,1-800 FLOWERS COM,10
FLXN,FLEXION THERAPEUTICS INC,455
FLXS,FLEXSTEEL INDUSTRIES INC,456
FMAO,FARMERS & MERCHANTS BNCP,388
FMBH,FIRST MID ILL BANCSHARES,444
FMBI,FIRST MIDWEST BANCORP,445
FMI,FOUNDATION MEDICINE INC,425
FMNB,FARMERS NATL BANC CORP,390
FN,FABRINET,386
FNBG,FNB BANCORP,470
FNGN,FINANCIAL ENGINES INC,417
FNHC,FEDNAT HOLDING COMPANY,409
FNKO,FUNKO CLASS A,446
FNLC,FIRST BANCORP INC,420
FNSR,FINISAR CORP,419
FNWB,FIRST NORTHWEST BANCORP,446
FOE,FERRO CORP,411
FOLD,AMICUS THERAPEUTICS INC,88
FONR,FONAR CORP,471
FOR,FORESTAR GROUP INC,415
FORM,FORMFACTOR INC,416
FORR,FORRESTER RESEARCH INC,417
FOSL,FOSSIL GROUP INC,422
FOXF,FOX FACTORY HOLDING CORP,427
FPI,FARMLAND PARTNERS INC,391
FPRX,FIVE PRIME THERAPEUTICS,452
FR,FIRST INDUSTRIAL RLTY TR,439
FRAC,KEANE GROUP INC,598
FRAN,FRANCESCAS HOLDINGS CORP,428
FRBA,FIRST BANK WILLIAMSTOWN,424
FRBK,REPUBLIC FIRST BANCORP,933
FRGI,FIESTA RESTAURANT GROUP,416
FRME,FIRST MERCHANTS CORP,443
FRO,FRONTLINE LTD,439
FRPH,FRP HOLDINGS INC,440
FRPT,FRESHPET INC,436
FRTA,FORTERRA INC,418
FSB,FRANKLIN FINANCIAL NTWK,431
FSBW,FS BANCORP INC,441
FSCT,FORESCOUT TECHNOLOGIES,472
FSFG,FIRST SAVINGS FINANCIAL,447
FSNN,FUSION CONNECT INC,447
FSP,FRANKLIN STREET PPTYS CO,432
FSS,FEDERAL SIGNAL CORP,398
FSTR,FOSTER L B CO,423
FTK,FLOTEK INDUSTRIES INC,466
FTR,FRONTIER COMMUNICATIONS,438
FTSI,FTS INTERNATIONAL INC,443
FUL,HB FULLER COMPANY,513
FULT,FULTON FINANCIAL CORP,445
FUNC,FIRST UNITED CORP,448
FWRD,FORWARD AIR CORP,421
GABC,GERMAN AMERICAN BANCORP,479
GAIA,GAIA INC,450
GATX,GATX CORP,456
GBCI,GLACIER BANCORP INC,483
GBL,GAMCO INVESTORS INC,452
GBLI,GLOBAL INDEMNITY LTD,490
GBNK,GUARANTY BANCORP,485
GBT,GLOBAL BLOOD THERA,488
GBX,GREENBRIER COMPANIES INC,473
GCAP,GAIN CAPITAL HLDNGS INC,451
GCBC,GREENE COUNTY BANCORP,474
GCI,GANNETT CO INC,454
GCO,GENESCO INC,471
GCP,GCP APPLIED TECHNOLOGIES,466
GDEN,GOLDEN ENTERTAINMENT INC,502
GDOT,GREEN DOT CORP,529
GDP,GOODRICH PETROLEUM CORP,503
GEF,GREIF INC,477
GEF.B,GREIF INC,478
GEN,GENESIS HEALTHCARE INC,473
GENC,GENCOR INDUSTRIES INC,468
GEO,GEO GROUP INC,478
GERN,GERON CORP,480
GES,GUESS INC,487
GFF,GRIFFON CORP,480
GFN,GENERAL FINANCE CORP,470
GHDX,GENOMIC HEALTH INC,475
GHL,GREENHILL & CO INC,475
GHM,GRAHAM CORP,509
GIII,G-III APPAREL GROUP LTD,472
GKOS,GLAUKOS CORPORATION,487
GLDD,GREAT LAKES DREDGE & DOC,524
GLF,GULFMARK OFFSHORE INC,488
GLNG,GOLAR LNG LTD BERMUDA,500
GLOG,GASLOG LTD,455
GLRE,GREENLIGHT CAPITAL RE LT,476
GLT,GLATFELTER,486
GLUU,GLU MOBILE INC,495
GLYC,GLYCOMIMETICS INC,496
GME,GAMESTOP CORP,453
GMED,GLOBUS MEDICAL INC,494
GMRE,GLOBAL MEDICAL REIT INC,491
GMS,GMS INC,497
GNBC,GREEN BANCORP INC,527
GNC,GNC HLDGS INC,498
GNK,GENCO SHIPPING & TRADING,467
GNL,GLOBAL NET LEASE INC,492
GNMK,GENMARK DIAGNOSTICS INC,474
GNRC,GENERAC HOLDINGS INC,469
GNTY,GUARANTY BANCSHARES INC,486
GNW,GENWORTH FINANCIAL INC,477
GOGO,GOGO INC,499
GOLF,ACUSHNET HOLDINGS CORP,44
GOOD,GLADSTONE COMMERCIAL,484
GORO,GOLD RESOURCE CORP,501
GOV,GOVERNMENT PPTY INCOME,507
GPI,GROUP 1 AUTOMOTIVE INC,481
GPMT,GRANITE POINT MORTGAGE,512
GPOR,GULFPORT ENERGY CORP,489
GPRE,GREEN PLAINS INC,530
GPRO,GOPRO INC,505
GPT,GRAMERCY PROPERTY TRUST,510
GPX,GP STRATEGIES CORP,508
GRBK,GREEN BRICK PARTNERS INC,528
GRC,GORMAN RUPP CO,506
GRIF,GRIFFIN INDUSTRIAL RLTY,479
GRPN,GROUPON INC,482
GSBC,GREAT SOUTHERN BANCORP,525
GSHD,GOOSEHEAD INSURANCE,504
GTHX,G1 THERAPEUTICS,449
GTLS,CHART INDUSTRIES INC,227
GTN,GRAY TELEVISION INC,513
GTS,TRIPLE-S MANAGEMENT CORP,1098
GTT,GTT COMMUNICATIONS INC,483
GTXI,GTX INC,484
GTY,GETTY REALTY CORP,481
GVA,GRANITE CONSTR INC,511
GWB,GREAT WESTERN BANCORP,526
GWRS,GLOBAL WATER RESOURCES,493
HA,HAWAIIAN HOLDINGS INC,509
HABT,HABIT RESTAURANTS,491
HAE,HAEMONETICS CORP,493
HAFC,HANMI FINANCIAL CORP,502
HALL,HALLMARK FINL SVCS INC,496
HALO,HALOZYME THERAPEUTICS,497
HASI,HANNON ARMSTRONG SUSTAIN,503
HAYN,HAYNES INTERNATIONAL INC,512
HBB,HAMILTON BEACH BRANDS,499
HBCP,HOME BANCORP INC,557
HBIO,HARVARD BIOSCIENCE INC,507
HBMD,HOWARD BANCORP INC,581
HBNC,HORIZON BANCORP INC,565
HCC,WARRIOR MET COAL INC,1168
HCCI,HERITAGE CRYL CLEAN INC,540
HCHC,HC2 HLDGS INC,523
HCI,HCI GROUP INC,524
HCKT,HACKETT GROUP INC,492
HCOM,HAWAIIAN TELCOM HOLDCO,510
HCSG,HEALTHCARE SVCS GRP INC,527
HDP,HORTONWORKS INC,567
HEAR,TURTLE BEACH CORP,1115
HEES,H&E EQUIPMENT SERVICES,490
HELE,HELEN OF TROY LTD,534
HF,HFF INC,548
HFWA,HERITAGE FINANCIAL CORP,541
HI,HILLENBRAND INC,552
HIBB,HIBBETT SPORTS INC,549
HIFR,INFRAREIT INC,557
HIFS,HINGHAM INSTN SVGS MASS,554
HIIQ,HEALTH INS INNOVATIONS,525
HIL,HILL INTERNATIONAL INC,551
HIVE,AEROHIVE NETWORKS INC,15
HK,HALCON RESOURCES CORP,494
HL,HECLA MINING CO,532
HLI,HOULIHAN LOKEY INC,570
HLIT,HARMONIC INC,505
HLNE,HAMILTON LANE INC,500
HLX,HELIX ENERGY SOLUTIONS,536
HMHC,HOUGHTON MIFFLIN HARCOUR,569
HMN,HORACE MANN EDUCATORS,564
HMST,HOMESTREET INC,559
HMSY,HMS HOLDINGS CORP,555
HMTV,HEMISPHERE MEDIA GROUP,537
HNI,HNI CORPORATION,556
HNRG,HALLADOR ENERGY CO,495
HOFT,HOOKER FURNITURE CORP,562
HOMB,HOME BANCSHARES INC,558
HOME,AT HOME GROUP INC,100
HONE,HARBORONE BANCORP INC,504
HOPE,HOPE BANCORP INC,563
HOV,HOVNANIAN ENTERPRISES,580
HPR,HIGH POINT RESOURCES,550
HQY,HEALTHEQUITY INC,528
HR,HEALTHCARE REALTY TRUST,526
HRG,HRG GROUP INC,582
HRI,HERC HOLDING INC,538
HRTG,HERITAGE INS HLDGS INC,542
HRTX,HERON THERAPEUTICS INC,544
HSC,HARSCO CORP,506
HSDT,HELIUS MEDICAL TECH,535
HSII,HEIDRICK & STRUGGLES,533
HSKA,HESKA CORP,547
HSTM,HEALTHSTREAM INC,529
HT,HERSHA HOSPITALITY TRUST,545
HTBI,HOMETRUST BANCSHARES INC,560
HTBK,HERITAGE COMMERCE CORP,539
HTH,HILLTOP HOLDINGS INC,553
HTLD,HEARTLAND EXPRESS INC,530
HTLF,HEARTLAND FINANCIAL USA,531
HTZ,HERTZ GLOBAL HOLDINGS,546
HUBG,HUB GROUP INC,583
HUBS,HUBSPOT INC,584
HUD,HUDSON LTD,585
HURC,HURCO COMPANIES INC,586
HURN,HURON CONSULTING GROUP,587
HVT,HAVERTY FURNITURE INC,508
HWC,HANCOCK WHITNEY CORP,501
HWKN,HAWKINS INC,511
HY,HYSTER-YALE MATERIALS,588
HYH,HALYARD HEALTH INC,498
HZNP,HORIZON PHARMA PLC,566
HZO,MARINEMAX INC,672
I,INTELSAT SA,590
IBCP,INDEPENDENT BANK CORP,550
IBKC,IBERIABANK CORP,531
IBOC,INTERNATIONAL BANCSHARES,596
IBP,INSTALLED BLDNG PRODUCTS,583
IBTX,INDEPENDENT BK GROUP INC,552
ICBK,COUNTY BANCORP INC,297
ICD,IND CONTRACT DRILLING,547
ICFI,ICF INTERNATIONAL INC,532
ICHR,ICHOR HOLDINGS INC,533
ICPT,INTERCEPT PHARMA INC,592
IDA,IDACORP INC,534
IDCC,INTERDIGITAL INC,593
IDRA,IDERA PHARMACEUTICALS,535
IDTI,INTEGRATED DEVICE TECH,588
IEA,INFRASTRUCTURE & ENERGY,558
IESC,IES HOLDINGS INC,536
IHC,INDEPENDENCE HOLDING CO,548
III,INFORMATION SERVICES GRP,556
IIIN,INSTEEL INDUSTRIES INC,584
IIN,INTRICON CORP,604
IIPR,INNOVATIVE INDUSTRIAL,564
IIVI,II VI INC,537
ILG,ILG INC,538
ILPT,INDUSTRIAL LOGISTICS,553
IMAX,IMAX CORP,539
IMDZ,IMMUNE DESIGN CORP,541
IMGN,IMMUNOGEN INC,542
IMH,IMPAC MTG HLDGS INC,544
IMKTA,INGLES MARKETS INC,560
IMMR,IMMERSION CORP,540
IMMU,IMMUNOMEDICS INC,543
IMPV,IMPERVA INC,545
INAP,INTERNAP CORPORATION,595
INBK,FIRST INTERNET BANCORP,440
INDB,INDEPENDENT BANK MA,551
INFN,INFINERA CORP,554
INGN,INOGEN INC,566
INN,SUMMIT HOTEL PPTYS,1037
INNT,MONSTER DIGITAL INC,713
INO,INOVIO PHARMACEUTICALS,568
INOV,INOVALON HOLDINGS INC,567
INSM,INSMED INC,580
INSP,INSPIRE MEDICAL SYSTEMS,582
INST,INSTRUCTURE INC,585
INSW,INTERNATIONAL SEAWAYS,597
INSY,INSYS THERAPEUTICS INC,586
INT,WORLD FUEL SVCS CORP,1216
INTL,INTL FCSTONE INC,600
INVA,INNOVIVA INC,565
INWK,INNERWORKINGS INC,561
IO,ION GEOPHYSICAL CORP,613
IOSP,INNOSPEC INC,563
IOTS,ADESTO TECHNOLOGIES CORP,49
IOVA,IOVANCE BIOTHERAPEUTICS,614
IPAR,INTER PARFUMS INC,591
IPCC,INFINITY PPTY & CAS CORP,555
IPHI,INPHI CORP,569
IPHS,INNOPHOS HOLDINGS INC,562
IPI,INTREPID POTASH INC,602
IRBT,IROBOT CORP,618
IRDM,IRIDIUM COMMUNICATIONS,617
IRET,INVESTORS REAL ESTATE TR,610
IRMD,IRADIMED CORPORATION,615
IRT,INDEPENDENCE RLTY TRUST,549
IRTC,IRHYTHM TECHNOLOGIES INC,616
IRWD,IRONWOOD PHARMACEUTICALS,619
ISBC,INVESTORS BANCORP INC,609
ISCA,INTERNATIONAL SPEEDWAY,598
ISRL,ISRAMCO INC,620
ISTR,INVESTAR HOLDING CORP,607
ITCI,INTRA CELLULAR THERAPIES,601
ITG,INVESTMENT TECHNOLOGY,608
ITGR,INTEGER HOLDINGS CORP,587
ITI,ITERIS INC,622
ITIC,INVESTORS TITLE CO,611
ITRI,ITRON INC,623
IVC,INVACARE CORP,605
IVR,INVESCO MORTGAGE CAP,606
JACK,JACK IN THE BOX INC,627
JAG,JAGGED PEAK ENERGY INC,637
JAX,J ALEXANDERS HOLDINGS,625
JBSS,SANFILIPPO JOHN B & SON,938
JBT,JOHN BEAN TECH CORP,642
JCAP,JERNIGAN CAP INC,640
JCOM,J2 GLOBAL INC,626
JCP,PENNEY J C INC,834
JELD,JELD-WEN HOLDING INC,639
JILL,JJILL INC,641
JJSF,J & J SNACK FOODS CO,624
JNCE,JOUNCE THERAPEUTICS INC,644
JOE,ST JOE CO,1006
JOUT,JOHNSON OUTDOORS INC,643
JRVR,JAMES RIVER GROUP HLDG,638
KAI,KADANT INC,589
KALA,KALA PHARMACEUTICALS,592
KALU,KAISER ALUMINUM CORP,591
KAMN,KAMAN CORP,593
KBAL,KIMBALL INTERNATIONAL,610
KBH,KB HOME,596
KBR,KBR INC,597
KDMN,KADMON HOLIDINGS INC,590
KE,KIMBALL ELECTRONICS INC,609
KEG,KEY ENERGY SERVICES INC,606
KELYA,KELLY SERVICES INC,600
KEM,KEMET CORP,601
KERX,KERYX BIOPHARMACEUTICALS,605
KEYW,KEYW HOLDING CORP,607
KFRC,KFORCE INC,608
KFY,KORN FERRY INTERNATIONAL,625
KIDS,ORTHOPEDIATRICS CORP,840
KIN,KINDRED BIOSCIENCES INC,611
KINS,KINGSTONE COS INC,613
KIRK,KIRKLANDS INC,615
KLDX,KLONDEX MINES LTD,618
KLXI,KLX INC,619
KMG,KMG CHEMICALS INC,620
KMPR,KEMPER CORPORATION,602
KMT,KENNAMETAL INC,603
KN,KNOWLES CORPORATION,622
KND,KINDRED HEALTHCARE INC,612
KNL,KNOLL INC,621
KNSL,KINSALE CAPITAL GROUP,614
KODK,EASTMAN KODAK CO,340
KOP,KOPPERS HOLDINGS INC,624
KOPN,KOPIN CORP,623
KPTI,KARYOPHARM THERAPEUTICS,595
KRA,KRATON CORPORATION,626
KREF,KKR REAL ESTATE FINANCE,617
KRG,KITE REALTY GROUP TRUST,616
KRNY,KEARNY FINANCIAL CORP,599
KRO,KRONOS WORLDWIDE INC,637
KS,KAPSTONE PAPER AND PACK,594
KTOS,KRATOS DEFENSE & SEC SOL,627
KTWO,K2M GROUP HLDGS INC,646
KURA,KURA ONCOLOGY INC,638
KVHI,KVH INDUSTRIES INC,639
KW,KENNEDY-WILSON HLDGS INC,604
KWR,QUAKER CHEMICAL CORP,935
LABL,MULTI COLOR CORP,724
LAD,LITHIA MOTORS INC,684
LADR,LADDER CAPITAL CORP,642
LANC,LANCASTER COLONY CORP,646
LAND,GLADSTONE LAND INC,485
LASR,NLIGHT,815
LAUR,LAUREATE EDUCATION INC,654
LAWS,LAWSON PRODUCTS INC,655
LBAI,LAKELAND BANCORP INC,644
LBC,LUTHER BURBANK CORP,649
LBRT,LIBERTY OILFIELD SERVICE,673
LC,LENDINGCLUB CORPORATION,661
LCI,LANNETT CO INC,649
LCII,LCI INDUSTRIES,656
LCNB,LCNB CORP,657
LCUT,LIFETIME BRANDS INC,676
LDL,LYDALL INC,650
LE,LANDS END INC,648
LEVL,LEVEL ONE BANCORP INC,663
LEXEA,LIBERTY EXPEDIA HOLDINGS,670
LFGR,LEAF GROUP LTD,658
LGIH,LGI HOMES INC,666
LGND,LIGAND PHARMACEUTICALS,677
LHCG,LHC GROUP INC,667
LHO,LASALLE HOTEL PROPERTIES,652
LILA,LIBERTY LATIN AMERICA A,671
LILAK,LIBERTY LATIN AMERICA C,672
LIND,LINDBLAD EXPEDITIONS INC,681
LION,FIDELITY SOUTHERN CORP,415
LITE,LUMENTUM HOLDINGS INC,647
LIVN,LIVANOVA PLC,694
LIVX,LIVEXLIVE MEDIA,697
LJPC,LA JOLLA PHARMACEUTICAL,640
LKFN,LAKELAND FINANCIAL CORP,645
LKSD,LSC COMMUNICATIONS,702
LL,LUMBER LIQUIDATORS HLDGS,704
LLEX,LILIS ENERGY INC,678
LLNW,LIMELIGHT NETWORKS INC,679
LMAT,LEMAITRE VASCULAR INC,660
LMNR,LIMONEIRA CO,680
LMNX,LUMINEX CORP,648
LNDC,LANDEC CORP,647
LNN,LINDSAY CORP,682
LNTH,LANTHEUS HOLDINGS INC,650
LOB,LIVE OAK BANCSHARES INC,695
LOCO,EL POLLO LOCO HLDGS INC,359
LORL,LORAL SPACE & COMM,698
LOXO,LOXO ONCOLOGY INC,700
LPG,DORIAN LPG LTD,319
LPI,LAREDO PETROLEUM INC,651
LPNT,LIFEPOINT HEALTH INC,675
LPSN,LIVEPERSON INC,696
LPX,LOUISIANA PACIFIC CORP,699
LQDT,LIQUIDITY SERVICES INC,683
LRN,K12 INC,645
LSCC,LATTICE SEMICONDUCTOR,653
LTC,LTC PROPERTIES INC,703
LTRPA,LIBERTY TRIPADVISOR HLDG,674
LTS,LADENBURG THALMAN FIN,643
LTXB,LEGACYTEXAS FIN GROUP,659
LXP,LEXINGTON REALTY TRUST,665
LXRX,LEXICON PHARMACEUTICALS,664
LXU,LSB INDUSTRIES INC,701
LZB,LA Z BOY INC,641
MANT,MANTECH INTERNATIONAL,668
MARK,REMARK HOLDINGS INC,927
MATW,MATTHEWS INTERNATIONAL,684
MATX,MATSON INC,683
MAXR,MAXAR TECHNOLOGIES,695
MB,MINDBODY INC,752
MBCN,MIDDLEFIELD BANC CORP,734
MBFI,MB FINANCIAL INC,699
MBI,MBIA INC,700
MBII,MARRONE BIO INNOVATIONS,676
MBIN,MERCHANTS BANCORP,716
MBIO,MUSTANG BIO,726
MBTF,MBT FINL CORP,701
MBUU,MALIBU BOATS INC,661
MBWM,MERCANTILE BANK CORP,715
MC,MOELIS & CO,705
MCB,METROPOLITAN BANK HOLDIN,728
MCBC,MACATAWA BANK CORP,652
MCFT,MCBC HOLDINGS INC,702
MCRB,SERES THERAPEUTICS INC,983
MCRI,MONARCH CASINO & RESORT,708
MCRN,MILACRON HOLDINGS CORP,740
MCS,MARCUS CORP,670
MDC,MDC HOLDINGS INC,706
MDCA,MDC CORP,705
MDCO,MEDICINES CO,708
MDGL,MADRIGAL PHARMACEUTICALS,657
MDP,MEREDITH CORP,718
MDR,MCDERMOTT INTL INC,703
MDRX,ALLSCRIPTS HEALTHCARE,46
MDSO,MEDIDATA SOLUTIONS INC,710
MDXG,MIMEDX GROUP INC,751
MED,MEDIFAST INC,711
MEDP,MEDPACE HOLDINGS INC,712
MEET,THE MEET GROUP,1108
MEI,METHODE ELECTRS INC,727
METC,RAMACO RESOURCES INC,895
MFSF,MUTUALFIRST FINL INC,727
MG,MISTRAS GROUP INC,757
MGEE,MGE ENERGY INC,729
MGEN,MIRAGEN THERAPEUTICS INC,755
MGI,MONEYGRAM INTERNATIONAL,709
MGLN,MAGELLAN HEALTH INC,658
MGNX,MACROGENICS INC,655
MGPI,MGP INGREDIENTS INC,731
MGRC,MCGRATH RENTCORP,704
MHLD,MAIDEN HOLDINGS LTD,659
MHO,M/I HOMES INC,651
MINI,MOBILE MINI INC,759
MITK,MITEK SYS INC,758
MITT,AG MORTGAGE INVT TR INC,18
MJCO,MAJESCO,660
MLAB,MESA LABS INC,725
MLHR,HERMAN MILLER INC,543
MLI,MUELLER INDUSTRIES INC,722
MLNT,MELINTA THERAPEUTICS INC,713
MLP,MAUI LAND & PINEAPPLE CO,694
MLR,MILLER INDUSTRIES INC,741
MLVF,MALVERN BANCORP INC,663
MMI,MARCUS & MILLICHAP,669
MMS,MAXIMUS INC,696
MMSI,MERIT MED SYSTEMS INC,721
MNK,MALLINCKRODT PLC,662
MNKD,MANNKIND CORP,667
MNLO,MENLO THERAPEUTICS INC,714
MNOV,MEDICINOVA INC,709
MNR,MONMOUTH REAL ESTATE,710
MNRO,MONRO INC,712
MNTA,MOMENTA PHARMACEUTICALS,707
MNTX,MANITEX INTL INC,665
MOBL,MOBILEIRON INC,760
MOD,MODINE MANUFACTURING CO,762
MODN,MODEL N INC,761
MOFG,MIDWESTONE FINL GROUP,739
MOG.A,MOOG INC,714
MOV,MOVADO GROUP INC,716
MPAA,MOTORCAR PTS AMERICA INC,715
MPB,MID PENN BANCORP INC,733
MPO,MIDSTATES PETROLEUM CO,738
MPX,MARINE PRODUCTS CORP,671
MRC,MRC GLOBAL INC,717
MRCY,MERCURY SYSTEMS INC,717
MRLN,MARLIN BUSINESS SVCS,674
MRNS,MARINUS PHARMACEUTICALS,673
MRSN,MERSANA THERAPEUTICS,724
MRT,MEDEQUITIES REALTY TRUST,707
MRTN,MARTEN TRANS LTD,677
MRTX,MIRATI THERAPEUTICS INC,756
MSA,MSA SAFETY INC,718
MSBI,MIDLAND STATES BANCORP,736
MSEX,MIDDLESEX WATER CO,735
MSGN,MSG NETWORKS INC,719
MSL,MIDSOUTH BANCORP INC,737
MSTR,MICROSTRATEGY INC,732
MTDR,MATADOR RES CO,680
MTEM,MOLECULAR TEMPLATES,706
MTG,MGIC INVESTMENT CORP,730
MTGE,MTGE INVESTMENT CORP,720
MTH,MERITAGE HOMES CORP,722
MTOR,MERITOR INC,723
MTRN,MATERION CORPORATION,681
MTRX,MATRIX SERVICE CO,682
MTSC,MTS SYSTEMS CORP,721
MTSI,MACOM TECH SOLUTIONS,654
MTW,MANITOWOC CO INC,666
MTX,MINERALS TECHNOLOGIES,753
MTZ,MASTEC INC,679
MUSA,MURPHY USA INC,725
MVBF,MVB FINANCIAL CORP,728
MWA,MUELLER WTR PRODS INC,723
MXL,MAXLINEAR INC,697
MXWL,MAXWELL TECHNOLOGIES INC,698
MYE,MYERS INDUSTRIES INC,729
MYGN,MYRIAD GENETICS INC,732
MYOK,MYOKARDIA INC,730
MYRG,MYR GROUP INC,731
NANO,NANOMETRICS INC,734
NAT,NORDIC AMERICAN TANKER,820
NATH,NATHANS FAMOUS INC,740
NATR,NATURES SUNSHINE PRODS,767
NAV,NAVISTAR INTL CORP,772
NAVG,NAVIGATORS GROUP INC,771
NBHC,NATIONAL BANK HOLDINGS,741
NBN,NORTHEAST BANCORP,763
NBTB,NBT BANCORP INC,773
NC,NACCO INDUSTRIES INC,733
NCBS,NICOLET BANKSHARES INC,811
NCI,NAVIGANT CONSULTING INC,770
NCMI,NATIONAL CINEMEDIA INC,753
NCOM,NATIONAL COMM CORP,754
NCS,NCI BUILDING SYSTEMS INC,774
NCSM,NCS MULTISTAGE HOLD,775
NDLS,NOODLES & COMPANY,819
NE,NOBLE CORPORATION PLC,818
NEO,NEOGENOMICS INC,779
NEOG,NEOGEN CORP,778
NEOS,NEOS THERAPEUTICS INC,781
NERV,MINERVA NEUROSCIENCES,754
NES,NUVERRA ENVTL SOLUTIONS,782
NEWM,NEW MEDIA INVT GROUP INC,787
NEWR,NEW RELIC INC,788
NEXT,NEXTDECADE,808
NFBK,NORTHFIELD BANCORP INC,765
NGHC,NATIONAL GEN HLDGS CORP,755
NGS,NATURAL GAS SERVICES GRP,764
NGVC,NATURAL GROCERS VITA CTG,765
NGVT,INGEVITY CORPORATION,559
NH,NANTHEALTH INC,736
NHC,NATIONAL HEALTHCARE CORP,757
NHI,NATIONAL HEALTH INVS INC,756
NHTC,NATURAL HEALTH TRENDS CO,766
NIHD,NII HOLDINGS INC,812
NINE,NINE ENERGY SERVICE INC,813
NJR,NEW JERSEY RESOURCES,786
NK,NANTKWEST INC,737
NKSH,NATIONAL BANKSHARES INC,751
NL,NL INDUSTRIES INC,814
NLNK,NEWLINK GENETICS CORP,793
NLS,NAUTILUS INC,769
NMIH,NMI HLDGS INC,816
NMRK,NEWMARK GROUP INC,794
NNBR,NN INC,817
NNI,NELNET INC,777
NODK,NI HOLDINGS INC,809
NOG,NORTHERN OIL & GAS INC,764
NOVT,NOVANTA INC,773
NP,NEENAH INC,776
NPK,NATIONAL PRESTO INDS INC,758
NPO,ENPRO INDUSTRIES INC,390
NPTN,NEOPHOTONICS CORP,780
NR,NEWPARK RESOURCES INC,795
NRC,NATIONAL RESEARCH CORP,759
NRE,NORTHSTAR REALTY EUROPE,767
NRIM,NORTHRIM BANCORP INC,766
NSA,NATIONAL STORAGE AFFIL,760
NSIT,INSIGHT ENTERPRISES INC,570
NSM,NATIONSTAR MTG HLDGS INC,763
NSP,INSPERITY INC,581
NSSC,NAPCO SEC TECHNOLOGIES,738
NSTG,NANOSTRING TECH INC,735
NTB,BANK OF NT BUTTERFIELD,147
NTCT,NETSCOUT SYSTEMS INC,783
NTGR,NETGEAR INC,782
NTLA,INTELLA THERAPEUTICS INC,589
NTRA,NATERA INC,739
NTRI,NUTRI SYSTEM INC,779
NUVA,NUVASIVE INC,780
NVAX,NOVAVAX INC,774
NVCR,NOVOCURE LTD,775
NVEC,NVE CORP,784
NVEE,NV5 GLOBAL INC,783
NVRO,NEVRO CORP,784
NVTA,INVITAE CORPORATION,612
NVTR,NUVECTRA CORPORATION,781
NWBI,NORTHWEST BANCSHARES INC,768
NWE,NORTHWESTERN CORP,771
NWFL,NORWOOD FINANCIAL CORP,772
NWHM,NEW HOME COMPANY INC,785
NWLI,NATIONAL WESTERN LIFE,762
NWN,NORTHWEST NATURAL GAS CO,769
NWPX,NORTHWEST PIPE CO,770
NWY,NEW YORK & CO INC,790
NX,QUANEX BUILDING PRODUCTS,881
NXEO,NEXEO SOLUTIONS INC,796
NXRT,NEXPOINT RESIDENTIAL TR,797
NXST,NEXSTAR MEDIA GROUP INC,798
NXTM,NXSTAGE MEDICAL INC,785
NYLD,NRG YIELD INC CL C,778
NYLD.A,NRG YIELD INC CL A,777
NYMT,NEW YORK MTG TR INC,791
NYMX,NYMOX PHARMACEUTICAL,786
NYNY,EMPIRE RESORTS INC,372
NYT,NEW YORK TIMES CO,792
OAS,OASIS PETE INC,788
OBNK,ORIGIN BANCORP,834
OCFC,OCEANFIRST FINANCIAL,791
OCLR,OCLARO INC,792
OCN,OCWEN FINANCIAL CORP,795
OCUL,OCULAR THERAPEUTIX INC,794
ODC,OIL DRI CORP OF AMERICA,809
ODP,OFFICE DEPOT INC,797
ODT,ODONATE THERAPEUTICS INC,796
OFED,OCONEE FEDERAL FINANCIAL,793
OFG,OFG BANCORP,798
OFIX,ORTHOFIX INTL NV,839
OFLX,OMEGA FLEX INC,816
OGS,ONE GAS INC,821
OII,OCEANEERING INTL INC,790
OIS,OIL STATES INTERNATIONAL,810
OLBK,OLD LINE BANCSHARES INC,811
OLLI,OLLIES BARGAIN OUTLET,814
OLP,ONE LIBERTY PROPERTIES,822
OMCL,OMNICELL INC,818
OMER,OMEROS CORP,817
OMI,OWENS & MINOR INC,846
OMN,OMNOVA SOLUTIONS INC,819
ONB,OLD NATIONAL BANCORP,812
ONCE,SPARK THERAPEUTICS INC,1046
ONDK,ON DECK CAPITAL INC,820
ONVO,ORGANOVO HLDGS INC,833
OOMA,OOMA INC,824
OPB,OPUS BK IRVINE CALIF,829
OPBK,OP BANCORP,825
OPK,OPKO HEALTH INC,826
OPTN,OPTINOSE INC,828
OPY,OPPENHEIMER HOLDINGS INC,827
ORA,ORMAT TECHNOLOGIES INC,837
ORBC,ORBCOMM INC,831
ORC,ORCHID ISLAND CAPITAL,832
ORIG,OCEAN RIG UDW INC,789
ORIT,ORITANI FINANCIAL CORP,836
ORN,ORION GROUP HOLDINGS,835
ORRF,ORRSTOWN FINL SVCS INC,838
OSBC,OLD SECOND BANCORP INC,813
OSG,OVERSEAS SHIPHOLDING INC,843
OSIS,OSI SYSTEMS INC,841
OSPN,ONESPAN INC,823
OSTK,OVERSTOCK COM INC,844
OSUR,ORASURE TECHNOLOGIES INC,830
OTTR,OTTER TAIL CORP,842
OVBC,OHIO VY BANC CORP,808
OVID,OVID THERAPEUTICS INC,845
OVLY,OAK VALLEY BANCORP,787
OXFD,OXFORD IMMUNOTEC GLOBAL,847
OXM,OXFORD INDUSTRIES INC,848
P,PANDORA MEDIA INC,865
PACB,PACIFIC BIOSCIENCES CA,851
PAHC,PHIBRO ANIMAL HEALTH,853
PAR,PAR TECHNOLOGY CORP,869
PARR,PAR PACIFIC HOLDINGS INC,868
PATK,PATRICK INDS INC,877
PAY,VERIFONE SYSTEMS INC,1128
PBH,PRESTIGE BRANDS HOLDINGS,895
PBI,PITNEY BOWES INC,872
PBIP,PRUDENTIAL BANCORP INC,922
PBPB,POTBELLY CORPORATION,884
PBYI,PUMA BIOTECHNOLOGY INC,926
PCH,POTLATCHDELTIC CORP,885
PCRX,PACIRA PHARMACEUTICALS,854
PCSB,PCSB FINANCIAL CORP,823
PCTY,PAYLOCITY HLDG CORP,822
PCYG,PARK CITY GROUP INC,871
PCYO,PURECYCLE CORP,927
PDCE,PDC ENERGY INC,824
PDCO,PATTERSON COS INC,821
PDFS,PDF SOLUTIONS INC,825
PDLB,PDL COMMUNITY BANCORP,827
PDLI,PDL BIOPHARMA INC,826
PDM,PIEDMONT OFFICE RLTY TR,866
PDVW,PDVWIRELESS INC,828
PEB,PEBBLEBROOK HOTEL TRUST,831
PEBK,PEOPLES BANCORP N C INC,840
PEBO,PEOPLES BANCORP INC,839
PEGI,PATTERN ENERGY GROUP INC,878
PEI,PENNSYLVANIA REAL ESTATE,836
PENN,PENN NATIONAL GAMING INC,832
PERY,ELLIS PERRY INTL INC,366
PES,PIONEER ENERGY SERVICES,870
PETQ,PETIQ,846
PETS,PETMED EXPRESS INC,847
PETX,ARATANA THERAPEUTICS INC,124
PFBC,PREFERRED BANK,891
PFBI,PREMIER FINL BANCORP INC,893
PFGC,PERFORMANCE FOOD GROUP,844
PFIE,PROFIRE ENERGY INC,902
PFIS,PEOPLES FINL SVCS CORP,841
PFNX,PFENEX INC,848
PFS,PROVIDENT FINANCIAL SVCS,912
PFSI,PENNYMAC FINL SVCS INC,837
PFSW,PFSWEB INC,849
PGC,PEAPACK-GLADSTONE FINL,830
PGNX,PROGENICS PHARMACEUTICAL,903
PGTI,PGT INNOVATIONS INC,850
PHH,PHH CORPORATION,851
PHIIK,PHI INC,852
PHX,PANHANDLE OIL AND GAS,866
PI,IMPINJ INC,546
PICO,PICO HOLDINGS INC,865
PIR,PIER 1 IMPORTS INC,867
PIRS,PIERIS PHARMACEUTICALS,868
PJC,PIPER JAFFRAY COMPANIES,871
PJT,PJT PARTNERS INC,873
PKBK,PARKE BANCORP INC,875
PKE,PARK ELECTROCHEMICAL,872
PKOH,PARK OHIO HOLDINGS CORP,874
PLAB,PHOTRONICS INC,854
PLAY,DAVE & BUSTERS ENTMT INC,337
PLCE,CHILDRENS PLACE INC,250
PLNT,PLANET FITNESS INC,874
PLOW,DOUGLAS DYNAMICS INC,321
PLPC,PREFORMED LINE PRODUCTS,892
PLSE,PULSE BIOSCIENCES INC,925
PLT,PLANTRONICS INC,875
PLUG,PLUG POWER INC,878
PLUS,EPLUS INC,413
PLXS,PLEXUS CORP,877
PMBC,PACIFIC MERCANTILE BANCO,852
PMT,PENNYMAC MORTGAGE INV,838
PNK,PINNACLE ENTERTAINMENT,869
PNM,PNM RESOURCES INC,879
POL,POLYONE CORP,881
POR,PORTLAND GEN ELEC CO,882
POWI,POWER INTEGRATIONS INC,887
POWL,POWELL INDUSTRIES INC,886
PPBI,PACIFIC PREMIER BANCORP,853
PQG,PQ GROUP HOLDINGS INC,888
PRA,PROASSURANCE CORP,901
PRAA,PRA GROUP INC,889
PRFT,PERFICIENT INC,843
PRGS,PROGRESS SOFTWARE CORP,904
PRGX,PRGX GLOBAL INC,896
PRI,PRIMERICA INC,898
PRIM,PRIMORIS SVCS CORP,900
PRK,PARK NATIONAL CORP,873
PRLB,PROTO LABS INC,909
PRMW,PRIMO WTR CORP,899
PRO,PROS HOLDINGS INC,906
PRPL,PURPLE INNOVATION INC,928
PRSC,PROVIDENCE SERVICE CORP,910
PRSP,PERSPECTA,845
PRTA,PROTHENA CORP PLC,908
PRTK,PARATEK PHARMACEUTICALS,870
PRTY,PARTY CITY HOLDCO INC,876
PSB,PS BUSINESS PARKS INC,923
PSDO,PRESIDIO INC,894
PSMT,PRICESMART INC,897
PTCT,PTC THERAPEUTICS INC,924
PTI,PROTEOSTASIS THERA INC,907
PTLA,PORTOLA PHARMACEUTICALS,883
PTN,PALATIN TECHNOLOGIES INC,855
PTSI,P A M TRANSN SVCS INC,849
PUB,PEOPLES UTAH BANCORP,842
PUMP,PROPETRO HOLDING CO,905
PVAC,PENN VIRGINIA CORP,833
PVBC,PROVIDENT BANCORP INC,911
PWOD,PENNS WOODS BANCORP INC,835
PZN,PZENA INVESTMENT MGMT,929
PZZA,PAPA JOHNS INTERNATIONAL,867
QADA,QAD INC,931
QCP,QUALITY CARE PROPERTIES,936
QCRH,QCR HOLDINGS INC,932
QDEL,QUIDEL CORP,884
QES,QUINTANA ENERGY SERVICES,886
QHC,QUORUM HEALTH CORP,887
QLYS,QUALYS INC,880
QNST,QUINSTREET INC,885
QSII,QUALITY SYSTEMS INC,879
QTNA,QUANTENNA COMMUNICATIONS,882
QTRX,QUANTERIX CORPORATION,883
QTS,QTS REALTY TRUST INC,933
QTWO,Q2 HLDGS INC,930
QUAD,QUAD / GRAPHICS INC,934
QUOT,QUOTIENT TECHNOLOGY INC,888
RAD,RITE AID CORP,953
RAIL,FREIGHTCAR AMERICA INC,434
RARE,ULTRAGENYX PHARMA,1125
RARX,RA PHARMACEUTICALS INC,890
RAVN,RAVEN INDUSTRIES INC,899
RBB,RBB BANCORP,901
RBBN,RIBBON COMMUNICATIONS,948
RBCAA,REPUBLIC BANCORP INC KY,932
RBNC,RELIANT BANCORP INC,926
RCII,RENT A CENTER INC,930
RCKT,ROCKET PHARMACEUTICALS,958
RCKY,ROCKY BRANDS INC,960
RCM,R1 RCM INC,889
RCUS,ARCUS BIOSCIENCES,72
RDC,ROWAN COMPANIES PLC,965
RDFN,REDFIN CORP,911
RDI,READING INTERNATIONAL,905
RDN,RADIAN GROUP INC,891
RDNT,RADNET INC,894
RDUS,RADIUS HEALTH INC,893
RECN,RESOURCES CONNECTION,935
REGI,RENEWABLE ENER GROUP INC,929
REI,RING ENERGY INC,952
REIS,REIS INC,925
REN,RESOLUTE ENERGY CORP,934
REPH,RECRO PHARMA INC,907
RESI,FRONT YARD RESIDENTIAL,437
RETA,REATE PHARMACEUTICALS,906
REV,REVLON INC,941
REVG,REV GROUP INC,939
REX,REX AMERICAN RESOURCES,942
REXR,REXFORD INDUSTRIAL RLTY,943
RGCO,RGC RES INC,945
RGEN,REPLIGEN CORP,931
RGNX,REGENXBIO INC,922
RGR,STURM RUGER & CO INC,1026
RGS,REGIS CORP,924
RH,RH,946
RHP,RYMAN HOSPITALITY PPTYS,981
RICK,RCI HOSPITALITY HLDGS,903
RIGL,RIGEL PHARMACEUTICALS,949
RILY,B. RILEY FINANCIAL INC,135
RLGT,RADIANT LOGISTICS INC,892
RLH,RED LION HOTELS CORP,908
RLI,RLI CORP,955
RLJ,RLJ LODGING TR,956
RM,REGIONAL MGMT CORP,923
RMAX,RE/MAX HOLDINGS INC,904
RMBS,RAMBUS INC,896
RMNI,RIMINI STREET INC,951
RMR,RMR GROUP INC,957
RMTI,ROCKWELL MEDICAL INC,959
RNET,RIGNET INC,950
RNST,RENASANT CORP,928
ROCK,GIBRALTAR INDUSTRIES INC,482
ROG,ROGERS CORP,961
ROIC,RETAIL OPPORTUNITY INVTS,937
ROKU,ROKU INC,962
ROLL,RBC BEARINGS INC,902
ROSE,ROSEHILL RESOURCES INC,963
ROX,CASTLE BRANDS INC,197
RPD,RAPID7 INC,898
RPT,RAMCO-GERSHENSON PPTYS,897
RRD,DONNELLEY R R & SONS CO,318
RRGB,RED ROBIN GOURMET BURGER,909
RRR,RED ROCKS RESORTS INC,910
RST,ROSETTA STONE INC,964
RTEC,RUDOLPH TECHNOLOGIES INC,967
RTIX,RTI SURGICAL INC,966
RTRX,RETROPHIN INC,938
RUN,SUNRUN INC,1042
RUSHA,RUSH ENTERPRISES INC,968
RUSHB,RUSH ENTERPRISES INC,969
RUTH,RUTH'S HOSPITALITY GROUP,979
RVNC,REVANCE THERAPEUTICS INC,940
RVSB,RIVERVIEW BANCORP INC,954
RWT,REDWOOD TRUST INC,912
RXN,REXNORD CORP,944
RYAM,RAYONIER ADV MATERIALS,900
RYI,RYERSON HOLDING CORP,980
RYTM,RHYTHM PHARMACEUTICALS,947
SAFE,SAFTEY INCOME & GROWTH,987
SAFM,SANDERSON FARMS INC,993
SAFT,SAFETY INSURANCE GRP INC,986
SAH,SONIC AUTOMOTIVE INC,1023
SAIA,SAIA INC,989
SAIC,SCIENCE APPLICATIONS INT,949
SAIL,SAILPOINT TECHNOLOGIES,990
SALT,SCORPIO BULKERS INC,951
SAM,BOSTON BEER INC,156
SAMG,SILVERCREST ASSET MNGMT,1006
SANM,SANMINA CORPORATION,940
SASR,SANDY SPRING BANCORP,937
SAVE,SPIRIT AIRLS INC,996
SB,SAFE BULKERS INC,984
SBBX,SB ONE BANCORP,943
SBCF,SEACOAST BANKING CORP FL,955
SBGI,SINCLAIR BROADCAST GROUP,1011
SBH,SALLY BEAUTY HOLDINGS,991
SBOW,SILVERBOW RESOURCES,1005
SBPH,SPRING BANK PHARMA,1001
SBRA,SABRA HEALTH CARE REIT,983
SBSI,SOUTHSIDE BANCSHARES INC,1041
SBT,STERLING BANCORP INC,1017
SCHL,SCHOLASTIC CORP,946
SCHN,SCHNITZER STEEL INDS,945
SCL,STEPAN CO,1016
SCPH,SCPHARMACEUTICALS INC,953
SCS,STEELCASE INC,1014
SCSC,SCANSOURCE INC,944
SCVL,SHOE CARNIVAL INC,991
SCWX,SECUREWORKS CORP,961
SD,SANDRIDGE ENERGY INC,994
SEAS,SEAWORLD ENTMT INC,960
SELB,SELECTA BIOSCIENCES INC,966
SEM,SELECT MEDICAL HOLDINGS,965
SEMG,SEMGROUP CORP,968
SEND,SENDGRID INC,979
SENEA,SENECA FOODS CORP,980
SENS,SENSEONICS HOLDINGS INC,981
SF,STIFEL FINANCIAL CORP,1020
SFBS,SERVISFIRST BANCSHARES,986
SFE,SAFEGUARD SCIENTIFICS,985
SFL,SHIP FINANCE INTL,990
SFLY,SHUTTERFLY INC,994
SFNC,SIMMONS FIRST NATIONAL,1007
SFS,SMART & FINAL STORES INC,1017
SFST,SOUTHERN FIRST BANCSHARE,1038
SGA,SAGA COMMUNICATIONS INC,988
SGC,SUPERIOR GROUP OF CO,1046
SGH,SMART GLOBAL HOLDINGS,1018
SGMO,SANGAMO THERAPEUTICS INC,939
SGMS,SCIENTIFIC GAMES CORP,950
SGRY,SURGERY PARTNERS INC,1051
SGYP,SYNERGY PHARMACEUTICALS,1059
SHAK,SHAKE SHACK INC,987
SHBI,SHORE BANCSHARES INC,992
SHEN,SHENANDOAH TELECOMM CO,988
SHLD,SEARS HOLDINGS CORP,958
SHLM,SCHULMAN A INC,947
SHLO,SHILOH INDUSTRIES INC,989
SHO,SUNSTONE HOTEL INVS INC,1043
SHOO,MADDEN STEVEN LTD,656
SIEB,SIEBERT FINANCIAL CORP,997
SIEN,SIENTRA INC,999
SIFI,SI FINANCIAL GROUP,996
SIG,SIGNET JEWELERS LTD,1003
SIGA,SIGA TECHNOLOGIES INC,1001
SIGI,SELECTIVE INSURANCE GRP,967
SIGM,SIGMA DESIGNS INC,1002
SIR,SELECT INCOME REIT,964
SITE,SITEONE LANDSCAPE SUPPLY,1012
SJI,SOUTH JERSEY INDUSTRIES,1036
SJW,SJW GROUP,1013
SKT,TANGER FACTORY OUTLET,1072
SKY,SKYLINE CHAMPION CORP,1014
SKYW,SKYWEST INC,1015
SLAB,SILICON LABORATORIES INC,1004
SLCA,U S SILICA HLDGS INC,1121
SLCT,SELECT BANCORP INC,962
SLD,SUTHERLAND ASSET MGMT,1053
SLDB,SOLID BIOSCIENCES INC,1022
SLP,SIMULATIONS PLUS INC,1010
SMBC,SOUTHERN MO BANCORP INC,1039
SMBK,SMARTFINANCIAL INC,1020
SMCI,SUPER MICRO COMPUTER INC,1044
SMHI,SEACOR MARINE HOLDINGS,957
SMMF,SUMMIT FINANCIAL GROUP,1036
SMP,STANDARD MOTOR PRODUCTS,1010
SMPL,SIMPLY GOOD FOODS,1008
SMTA,SPIRIT MTA REIT,997
SMTC,SEMTECH CORP,969
SN,SANCHEZ ENERGY CORP,992
SNBR,SLEEP NUMBER CORPORATION,1016
SND,SMART SAND INC,1019
SNDX,SYNDAX PHARMACEUTICALS,1057
SNHY,SUN HYDRAULICS CORP,1039
SNNA,SIENNA BIOPHARMA,998
SNR,NEW SR INVT GROUP INC,789
SNX,SYNNEX CORP,1061
SOI,SOLARIS OILFIELD,1021
SONA,SOUTHERN NATL BANCORP,1040
SONC,SONIC CORP,1024
SP,SP PLUS CORPORATION,1044
SPA,SPARTON CORP,1049
SPAR,SPARTAN MOTORS INC,1047
SPKE,SPARK ENERGY INC,1045
SPN,SUPERIOR ENERGY SERVICES,1045
SPNE,SEASPINE HOLDINGS CORP,959
SPOK,SPOK HOLDINGS INC,999
SPPI,SPECTRUM PHARMACEUTICALS,1050
SPRO,SPERO THERAPEUTICS INC,1052
SPSC,SPS COMM INC,1002
SPTN,SPARTANNASH COMPANY,1048
SPWH,SPORTSMANS WHSE HLDGS,1000
SPWR,SUNPOWER CORP,1041
SPXC,SPX CORP,1003
SR,SPIRE INC,995
SRCE,1ST SOURCE CORP,12
SRCI,SRC ENERGY INC,1005
SRDX,SURMODICS INC,1052
SREV,SERVICESOURCE INTL,985
SRG,SERITAGE GROWTH PROP,984
SRI,STONERIDGE INC,1022
SRNE,SORRENTO THERAPEUTICS,1025
SSB,SOUTH STATE CORPORATION,1037
SSD,SIMPSON MANUFACTURING,1009
SSP,SCRIPPS E W CO,954
SSTI,SHOTSPOTTER,993
SSTK,SHUTTERSTOCK INC,995
SSYS,STRATASYS LTD,1023
STAA,STAAR SURGICAL CO,1007
STAG,STAG INDL INC,1008
STAR,ISTAR INC,621
STBA,S & T BANCORP INC,982
STBZ,STATE BK FINL CORP,1013
STC,STEWART INFORMATION,1019
STFC,STATE AUTO FINANCIAL,1012
STML,STEMLINE THERAPEUTICS,1015
STMP,STAMPS COM INC,1009
STNG,SCORPIO TANKERS INC,952
STRA,STRAYER EDUCATION INC,1025
STRL,STERLING CONSTRUCTION CO,1018
STRS,STRATUS PPTYS INC,1024
STXB,SPIRIT OF TEXAS BNCSHRES,998
SUM,SUMMIT MATLS INC,1038
SUP,SUPERIOR INDUSTRIES INTL,1047
SUPN,SUPERNUS PHARMACEUTICALS,1048
SURF,SURFACE ONCOLOGY,1050
SVRA,SAVARA INC,942
SVU,SUPERVALU INC,1049
SWM,SCHWEITZER-MAUDUIT INTL,948
SWN,SOUTHWESTERN ENERGY CO,1043
SWX,SOUTHWEST GAS HOLDINGS,1042
SXC,SUNCOKE ENERGY INC,1040
SXI,STANDEX INTERNATIONAL,1011
SXT,SENSIENT TECHNOLOGIES,982
SYBT,STOCK YARDS BANCORP INC,1021
SYBX,SYNLOGIC INC,1060
SYKE,SYKES ENTERPRISES INC,1054
SYNA,SYNAPTICS INC,1056
SYNH,SYNEOS HEALTH INC,1058
SYNL,SYNALLOY CORP,1055
SYNT,SYNTEL INC,1062
SYRS,SYROS PHARMACEUTICALS,1063
SYX,SYSTEMAX INC,1064
TACO,DEL TACO RESTAURANTS INC,352
TAHO,TAHOE RES INC,1068
TALO,TALOS ENERGY INC,1070
TAST,CARROLS RESTAURANT GRP,190
TBBK,BANCORP INC,143
TBI,TRUEBLUE INC,1105
TBK,TRIUMPH BANCORP INC,1101
TBNK,TERRITORIAL BANCORP INC,1100
TBPH,THERAVANCE BIOPHARMA INC,1053
TCBK,TRICO BANCSHARES,1093
TCFC,COMMUNITY FINL CORP MD,252
TCI,TRANSCONTINENTAL REALTY,1076
TCMD,TACTILE SYSTEMS TECH,1067
TCS,THE CONTAINER STORE GRP,1107
TCX,TUCOWS INC,1112
TDOC,TELADOC INC,1081
TDW,TIDEWATER INC,1056
TECD,TECH DATA CORP,1075
TELL,TELLURIAN INC,1094
TEN,TENNECO INC,1097
TERP,TERRAFORM POWER INC,1098
TG,TREDEGAR CORP,1081
TGH,TEXTAINER GROUP HLDGS,1105
TGI,TRIUMPH GROUP INC,1102
TGNA,TEGNA INC,1079
TGTX,TG THERAPEUTICS INC,1106
THC,TENET HEALTHCARE CORP,1095
THFF,FIRST FINANCIAL CORP,434
THR,THERMON GROUP HLDGS INC,1054
THRM,GENTHERM INC,476
TIER,TIER REIT INC,1057
TILE,INTERFACE INC,594
TIPT,TIPTREE INC,1062
TISI,TEAM INC,1074
TITN,TITAN MACHINERY INC,1064
TIVO,TIVO CORPORATION,1066
TK,TEEKAY CORP,1077
TLGT,TELIGENT INC,1093
TLRA,TELARIA INC,1082
TLRD,TAILORED BRANDS INC,1069
TLYS,TILLYS INC,1059
TMHC,TAYLOR MORRISON HOME,1073
TMP,TOMPKINS FINANCIAL CORP,1068
TMST,TIMKENSTEEL CORPORATION,1061
TNAV,TELENAV INC,1083
TNC,TENNANT CO,1096
TNDM,TANDEM DIABETES CARE INC,1071
TNET,TRINET GROUP INC,1095
TNK,TEEKAY TANKERS LTD,1078
TOCA,TOCAGEN INC,1067
TORC,RESTORBIO INC,936
TOWN,TOWNEBANK PORTSMOUTH VA,1073
TOWR,TOWER INTERNATIONAL INC,1071
TPB,TURNING POINT BRANDS INC,1114
TPC,TUTOR PERINI CORP,1116
TPH,TRI POINTE GROUP INC,1083
TPHS,TRINITY PLACE HOLDINGS,1096
TPIC,TPI COMPOSITES INC,1075
TPRE,THIRD POINT REINSURANCE,1055
TR,TOOTSIE ROLL INDUSTRIES,1069
TRC,TEJON RANCH CO,1080
TREC,TRECORA RESOURCES,1080
TREE,LENDINGTREE INC,662
TREX,TREX INC,1082
TRHC,TABULA RASA HEALTHCARE,1066
TRK,SPEEDWAY MOTORSPORTS INC,1051
TRMK,TRUSTMARK CORP,1109
TRNC,TRONC INC,1103
TRNO,TERRENO REALTY CORP,1099
TROX,TRONOX LTD,1104
TRS,TRIMAS CORP,1094
TRST,TRUSTCO BANK CORP NY,1108
TRTN,TRITON INTERNATIONAL LTD,1100
TRTX,TPG RE FINANCE TRUST,1074
TRUE,TRUECAR INC,1106
TRUP,TRUPANION INC,1107
TRXC,TRANSENTERIX INC,1077
TSBK,TIMBERLAND BANCORP INC,1060
TSC,TRISTATE CAP HLDGS INC,1099
TSE,TRINSEO SA,1097
TTD,THE TRADE DESK INC,1109
TTEC,TTEC HOLDINGS INC,1110
TTEK,TETRA TECH INC,1101
TTGT,TECHTARGET INC,1076
TTI,TETRA TECHNOLOGIES INC,1102
TTMI,TTM TECHNOLOGIES INC,1111
TTOO,T2 BIOSYSTEMS INC,1065
TTPH,TETRAPHASE PHARMA INC,1103
TTS,TILE SHOP HLDGS INC,1058
TUP,TUPPERWARE BRANDS CORP,1113
TUSK,MAMMOTH ENERGY SERVICES,664
TVPT,TRAVELPORT WORLDWIDE LTD,1078
TVTY,TIVITY HEALTH INC,1065
TWI,TITAN INTERNATIONAL INC,1063
TWIN,TWIN DISC INC,1117
TWNK,HOSTESS BRANDS INC,568
TXMD,THERAPEUTICSMD INC,1110
TXRH,TEXAS ROADHOUSE INC,1104
TYME,TYME,1118
TYPE,MONOTYPE IMAGING HLDG,711
TZOO,TRAVELZOO,1079
UBA,URSTADT BIDDLE PPTYS INS,1167
UBFO,UNITED SECURITY BANC,1150
UBNK,UNITED FINANCIAL BANCORP,1137
UBSH,UNION BANKSHARES CORP,1130
UBSI,UNITED BANKSHARES INC,1134
UBX,UNITY BIOTECHNOLOGY,1154
UCBI,UNITED COMMUNITY BANKS,1136
UCFC,UNITED CMNTY FINL CO,1135
UCTT,ULTRA CLEAN HOLDINGS INC,1123
UE,URBAN EDGE PROPERTIES,1166
UEC,URANIUM ENERGY CORP,1165
UEIC,UNIVERSAL ELECTRONICS,1157
UFCS,UNITED FIRE GROUP INC,1138
UFI,UNIFI INC,1128
UFPI,UNIVERSAL FOREST PRODS,1158
UFPT,UFP TECHNOLOGIES INC,1122
UHT,UNIVERSAL HEALTH REALTY,1159
UIHC,UNITED INS HLDGS CORP,1139
UIS,UNISYS CORP,1132
ULH,UNIVERSAL LOGISTICS HLDG,1161
UMBF,UMB FINANCIAL CORP,1126
UMH,UMH PROPERTIES INC,1127
UMRX,UNUM THERAPEUTICS,1163
UNB,UNION BANKSHARES INC,1131
UNF,UNIFIRST CORP MASS,1129
UNFI,UNITED NATURAL FOODS INC,1140
UNT,UNIT CORP,1133
UNTY,UNITY BANCORP INC,1153
UPL,ULTRA PETROLEUM CORP,1124
UPLD,UPLAND SOFTWARE INC,1164
USAK,USA TRUCK INC,1112
USAP,UNIV STAINLESS AND ALLOY,1155
USAT,USA TECHNOLOGIES INC,1111
USCR,U S CONCRETE INC,1119
USLM,UNITED STATES LIME & MIN,1151
USNA,USANA HEALTH SCIENCES,1113
USPH,U S PHYSICAL THERAPY INC,1120
UTL,UNITIL CORP,1152
UTMD,UTAH MED PRODS INC,1114
UUUU,ENERGY FUELS INC,382
UVE,UNIVERSAL INSURANCE,1160
UVSP,UNIVEST CORP OF PENN,1162
UVV,UNIVERSAL CORP,1156
VAC,MARRIOTT VAC WORLD CORP,675
VALU,VALUE LINE INC,1117
VBTX,VERITEX HOLDINGS,1130
VCEL,VERICEL CORP,1127
VCRA,VOCERA COMMUNICATIONS,1158
VCYT,VERACYTE INC,1125
VEC,VECTRUS INC,1122
VECO,VEECO INSTRUMENTS INC,1123
VERI,VERITONE INC,1132
VG,VONAGE HLDGS CORP,1159
VGR,VECTOR GROUP LTD,1121
VHC,VIRNETX HOLDING CORP,1150
VHI,VALHI INC,1115
VIAV,VIAVI SOLUTIONS INC,1136
VICR,VICOR CORP,1137
VIVO,MERIDIAN BIOSCIENCE INC,720
VKTX,VIKING THERAPEUTICS INC,1139
VLGEA,VILLAGE SUPER MARKET INC,1140
VLY,VALLEY NATIONAL BANCORP,1116
VNDA,VANDA PHARMACEUTICALS,1118
VPG,VISHAY PRECISION GROUP,1154
VRA,VERA BRADLEY INC,1124
VRAY,VIEWRAY INC,1138
VREX,VAREX IMAGING,1119
VRNS,VARONIS SYSTEMS INC,1120
VRNT,VERINT SYS INC,1129
VRS,VERSO CORPORATION,1133
VRTS,VIRTUS INVESTMENT PTNRS,1151
VRTU,VIRTUSA CORP,1152
VRTV,VERITIV CORPORATION,1131
VSAT,VIASAT INC,1135
VSEC,VSE CORP,1161
VSH,VISHAY INTERTECHNOLOGY,1153
VSLR,VIVINT SOLAR INC,1157
VSTM,VERASTEM INC,1126
VSTO,VISTA OUTDOOR INC,1155
VTL,VITAL THERAPIES INC,1156
VUZI,VUZIX CORP,1162
VVI,VIAD CORP,1134
VYGR,VOYAGER THERAPEUTICS INC,1160
WAAS,AQUAVENTURE HOLDINGS LTD,114
WABC,WESTAMERICA BANCORP,1184
WAFD,WASHINGTON FED INC,1169
WAGE,WAGEWORKS INC,1166
WAIR,WESCO AIRCRAFT HLDGS INC,1182
WASH,WASHINGTON TRUST BANCORP,1172
WATT,ENERGOUS CORP,381
WD,WALKER & DUNLOP INC,1167
WDFC,WD-40 CO,1176
WDR,WADDELL & REED FINANCIAL,1165
WEB,WEB.COM GROUP INC,1177
WERN,WERNER ENTERPRISES INC,1180
WETF,WISDOMTREE INVTS INC,1210
WEYS,WEYCO GROUP INC,1188
WGL,WGL HOLDINGS INC,1189
WGO,WINNEBAGO INDUSTRIES INC,1209
WHD,CACTUS INC,195
WHG,WESTWOOD HOLDINGS GROUP,1187
WIFI,BOINGO WIRELESS INC,151
WIN,WINDSTREAM HOLDINGS INC,1197
WINA,WINMARK CORP,1208
WING,WINGSTOP INC,1207
WIRE,ENCORE WIRE CORP,376
WK,WORKIVA INC,1214
WLDN,WILLDAN GROUP INC,1193
WLFC,WILLIS LEASE FINANCE,1195
WLH,WILLIAM LYON HOMES,1194
WMC,WESTERN ASSET MTG CAP,1185
WMGI,WRIGHT MEDICAL GROUP N V,1219
WMIH,WMIH CORP,1211
WMK,WEIS MARKETS INC,1179
WMS,ADVANCED DRAINAGE SYSTEM,55
WNC,WABASH NATIONAL CORP,1164
WNEB,WESTERN NEW ENGLAND,1186
WOR,WORTHINGTON INDUSTRIES,1218
WOW,WIDEOPENWEST,1191
WPG,WASHINGTON PRIME GROUP,1170
WRD,WILDHORSE RESOURCE DEV,1192
WRE,WASHINGTON REAL ESTATE,1171
WRLD,WORLD ACCEPTANCE CORP,1215
WSBC,WESBANCO INC,1181
WSBF,WATERSTONE FINANCIAL INC,1173
WSC,WILLSCOT CORPORATION,1196
WSFS,WSFS FINANCIAL CORP,1220
WSR,WHITESTONE REIT,1190
WTBA,WEST BANCORPORATION INC,1183
WTI,W&T OFFSHORE INC,1163
WTS,WATTS WATER TECH INC,1174
WTTR,SELECT ENERGY SERVICES,963
WTW,WEIGHT WATCHERS INTL INC,1178
WVE,WAVE LIFE SCIENCES LTD,1175
WWD,WOODWARD INC,1213
WWE,WORLD WRESTLING ENTMNT,1217
WWW,WOLVERINE WORLD WIDE,1212
XAN,EXANTAS CAPITAL CORP,378
XCRA,XCERRA CORPORATION,1221
XELA,EXELA TECHNOLOGIES,379
XENT,INTERSECT ENT INC,599
XHR,XENIA HOTELS & RESORTS,1223
XLRN,ACCELERON PHARMA INC,32
XNCR,XENCOR INC,1222
XOMA,XOMA CORP,1225
XON,INTREXON CORP,603
XOXO,XO GROUP INC,1224
XPER,XPERI CORPORATION,1226
XXII,22ND CENTURY GROUP INC,13
YELP,YELP INC,1169
YEXT,YEXT INC,1170
YORW,YORK WATER COMPANY,1171
YRCW,YRC WORLDWIDE INC,1172
ZAGG,ZAGG INC,1174
ZEUS,OLYMPIC STEEL INC,815
ZFGN,ZAFGEN INC,1173
ZGNX,ZOGENIX INC,1179
ZIOP,ZIOPHARM ONCOLOGY INC,1176
ZIXI,ZIX CORP,1177
ZN,ZION OIL & GAS INC,1175
ZOES,ZOES KITCHEN INC,1178
ZOM,ZOMEDICA PHARMACEUTICALS,1180
ZS,ZSCALER,1181
ZUMZ,ZUMIEZ INC,1182
