symbol,company,side
A,AGILENT TECHNOLOGIES INC,right
AA,ALCOA INC,right
AAC,AAC HOLDINGS INC,left_offset_2
AAL,N AIRLINES GROUP,right
AAN,AARONS INC,left_offset_2
AAOI,APPLIED OPTOELECTRONICS,left_offset_2
AAON,AAON INC,left_offset_2
AAP,ADVANCE AUTO PARTS INC,right
AAPL,APPLE INC,left_offset_2
AAT,AMERICAN ASSETS TRST INC,right
AAWW,ATLAS AIR WORLDWIDE HLDG,right
ABAX,ABAXIS INC,left_offset_2
ABBV,ABBVIE INC,left_offset_2
ABC,AMERISOURCEBERGEN CORP,right
ABCB,AMERIS BANCORP,right
ABCD,CAMBIUM LEARNING GRP INC,right
ABCO,ADVISORY BOARD CO,right
ABG,ASBURY AUTOMOTIVE GROUP,right
ABM,ABM INDUSTRIES INC,left_offset_2
ABMD,ABIOMED INC,left_offset_2
ABT,ABBOTT LABORATORIES,left_offset_2
ABTL,AUTOBYTEL INC,right
ABTX,ALLEGIANCE BANCSHARES,left_offset_2
ABY,ATLANTICA YIELD PLC,right
AC,ASSOCIATED CAPITAL GROUP,right
ACAD,ACADIA PHARMACEUTICALS,left_offset_2
ACAT,ARCTIC CAT INC,left_offset_2
ACBI,ATLANTIC CAPITAL INC,right
ACC,AMERICAN CAMPUS COMMUN,right
ACCO,ACCO BRANDS CORP,left_offset_2
ACET,ACETO CORP,left_offset_2
ACGL,ARCH CAP GROUP LTD,left_offset_2
ACHC,ACADIA HEALTHCARE CO,left_offset_2
ACHN,ACHILLION PHARM,left_offset_2
ACIA,ACACIA COMMUNICATIONS,left_offset_2
ACIW,ACI WORLDWIDE INC,left_offset_2
ACLS,AXCELIS TECHNOLOGIES INC,left_offset_2
ACM,AECOM,right
ACN,ACCENTURE PLC IRELAND,left_offset_2
ACNB,ACNB CORP,left_offset_2
ACOR,ACORDA THERAPEUTICS INC,left_offset_2
ACRE,ARES COML REAL ESTATE,left_offset_2
ACRS,ACLARIS THERAPEUTICS,left_offset_2
ACRX,ACELRX PHARMACEUTICALS,left_offset_2
ACTA,ACTUA CORPORATION,left_offset_2
ACTG,ACACIA RESEARCH CORP,left_offset_2
ACXM,ACXIOM CORP,left_offset_2
ADBE,YSTEMS INC,right
ADC,AGREE REALTY CORP,right
ADI,ANALOG DEVICES INC,right
ADM,ARCHER DANIELS MIDLAND,left_offset_2
ADMS,ADAMAS PHARMACEUTICALS,left_offset_2
ADP,AUTOMATIC DATA PROCESS,right
ADPT,ADEPTUS HEALTH INC,left_offset_2
ADRO,ADURO BIOTECH INC,right
ADS,ALLIANCE DATA SYSTEMS,left_offset_2
ADSK,AUTODESK INC,right
ADTN,ADTRAN INC,right
ADUS,ADDUS HOMECARE CORP,left_offset_2
ADVM,ADVERUM BIOTECH INC,right
ADXS,ADVAXIS INC,right
AE,ADAMS RESOURCES & ENERGY,left_offset_2
AEE,AMEREN CORP,left_offset_2
AEGN,AEGION CORP,right
AEIS,ADVANCED ENERGY INDS INC,right
AEL,AMERICAN EQUITY INVST,right
AEO,AMERICAN EAGLE OUTFITTER,right
AEP,AMERICAN ELECTRIC POWER,right
AEPI,AEP INDUSTRIES INC,right
AERI,AERIE PHARMACEUTICALS,right
AES,AES CORP,right
AET,AETNA INC,right
AF,ASTORIA FINANCIAL CORP,right
AFAM,ALMOST FAMILY INC,left_offset_2
AFG,AMERICAN FINANCIAL GROUP,right
AFH,ATLAS FINANCIAL HOLDINGS,right
AFI,ARMSTRONG FLOORING INC,right
AFL,AFLAC INC,right
AFSI,AMTRUST FINL SVCS,right
AGCO,AGCO CORP,right
AGEN,AGENUS INC,right
AGFS,AGROFRESH SOLUTIONS INC,right
AGII,ARGO GROUP INTL,left_offset_2
AGIO,AGIOS PHARMACEUTICALS,right
AGM,FEDERAL AGRIC MTG CO,left_offset_2
AGN,ALLERGAN PLC,left_offset_2
AGNC,AMERICAN CAPITAL AGENCY,right
AGO,ASSURED GUARANTY LTD,right
AGR,D INC,right
AGRX,AGILE THERAPEUTICS INC,right
AGTC,APPLIED GENETIC TECH,left_offset_2
AGX,ARGAN INC,left_offset_2
AGYS,AGILYSYS INC,right
AHL,ASPEN INSURANCE HOLDINGS,right
AHP,ASHFORD HOSP PRIME,right
AHS,AMN HEALTHCARE SERVICES,right
AHT,ASHFORD HOSPITALITY,right
AI,ARLINGTON ASSET INVT,left_offset_2
AIG,AMERICAN INTL GROUP,right
AIMC,ALTRA INDUSTRIAL MOTION,left_offset_2
AIMT,AIMMUNE THERAPEUTICS INC,right
AIN,ALBANY INTERNATIONAL,right
AIR,AAR CORP,left_offset_2
AIRM,AIR METHODS CORP,right
AIT,APPLIED INDUSTRIAL TECH,left_offset_2
AIV,APARTMENT INVT & MGMT,left_offset_2
AIZ,ASSURANT INC,right
AJG,GALLAGHER ARTHUR J & CO,right
AJRD,AEROJET ROCKETDYNE HLDGS,right
AJX,GREAT AJAX CORP,right
AKAM,AKAMAI TECHNOLOGIES,right
AKBA,AKEBIA THERAPEUTICS INC,right
AKR,ACADIA REALTY TRUST,left_offset_2
AKRX,AKORN INC,right
AKS,AK STEEL HOLDING CORP,right
AL,AIR LEASE CORP,right
ALB,ALBEMARLE CORP,right
ALCO,ALICO INC,left_offset_2
ALE,ALLETE INC,left_offset_2
ALEX,ALEXANDER & BALDWIN INC,left_offset_2
ALG,ALAMO GROUP INC,right
ALGN,ALIGN TECHNOLOGY INC,left_offset_2
ALGT,ALLEGIANT TRAVEL CO,left_offset_2
ALJ,ALON USA ENERGY INC,left_offset_2
ALJJ,ALJ REGIONAL HOLDINGS,left_offset_2
ALK,ALASKA AIR GROUP INC,right
ALKS,ALKERMES PLC,left_offset_2
ALL,ALLSTATE CORP,left_offset_2
ALLE,ALLEGION PLC,left_offset_2
ALLY,ALLY FINL INC,left_offset_2
ALNY,ALNYLAM PHARMACEUTICALS,left_offset_2
ALOG,ANALOGIC CORP,right
ALR,ALERE INC,left_offset_2
ALRM,ALARM.COM HOLDINGS INC,right
ALSN,ALLISON TRANSMISSION,left_offset_2
ALX,ALEXANDERS INC,left_offset_2
ALXN,ALEXION PHARMACEUTICALS,left_offset_2
AMAG,AMAG PHARMACEUTICALS INC,left_offset_2
AMAT,APPLIED MATLS INC,left_offset_2
AMBA,AMBARELLA INC,left_offset_2
AMBC,AMBAC FINL GROUP INC,left_offset_2
AMBR,AMBER RD INC,left_offset_2
AMC,AMC ENTERTAINMENT,left_offset_2
AMCC,APPLIED MICRO CIRCUITS,left_offset_2
AMCX,AMC NETWORKS INC,left_offset_2
AMD,ADVANCED MICRO DEVICES,right
AME,AMETEK INC,right
AMED,AMEDISYS INC,left_offset_2
AMERICA,ALDER BIOPHARMACEUTICALS,left_offset_2
AMG,AFFILIATED MANAGERS GRP,right
AMGN,AMGEN INC,right
AMH,AMERICAN HOMES 4 RENT,right
AMIC,AMERICAN INDEPENDENCE,right
AMKR,AMKOR TECHNOLOGY INC,right
AMNB,AMERICAN NATL BANKSHARES,right
AMOT,ALLIED MOTION TECH,left_offset_2
AMP,AMERIPRISE FINANCIAL INC,right
AMPE,AMPIO PHARMACEUTICALS,right
AMPH,AMPHASTAR PHARMA INC,right
AMRI,ALBANY MOLECULAR RESRCH,right
AMSC,AMERICAN SUPERCONDUCTOR,right
AMSF,AMERISAFE INC,right
AMSG,AMSURG CORP,right
AMSWA,AMERICAN SOFTWARE INC,right
AMT,AMERICAN TOWER CORP,right
AMTD,TD AMERITRADE HOLDING,right
AMTG,APOLLO RESIDENTIAL MTG,left_offset_2
AMWD,AMERICAN WOODMARK CORP,right
AMZN,AMAZON COM INC,left_offset_2
AN,AUTONATION INC,right
ANAT,AMERICAN NATIONAL INS CO,right
ANCX,ACCESS NATL CORP,left_offset_2
ANDE,NS INC,right
ANDERSO,AMERESCO INC,left_offset_2
ANET,ARTISTA NETWORKS INC,right
ANF,ABERCROMBIE & FITCH,left_offset_2
ANGI,ANGIES LIST INC,left_offset_2
ANGO,ANGIODYNAMICS INC,left_offset_2
ANH,ANWORTH MORTGAGE ASSET,left_offset_2
ANIK,ANIKA THERAPEUTICS INC,left_offset_2
ANIP,ANI PHARMACEUTICALS INC,left_offset_2
ANSS,ANSYS INC,left_offset_2
ANTH,ANTHERA PHARMACEUTICALS,left_offset_2
ANTM,ANTHEM INC,left_offset_2
AOI,ALLIANCE ONE INTL INC,left_offset_2
AON,AON PLC,left_offset_2
AOS,SMITH A O CORP,left_offset_2
AOSL,ALPHA & OMEGA SEMICON,left_offset_2
AP,AMPCO-PITTSBURGH CORP,right
APA,APACHE CORP,left_offset_2
APAM,ARTISAN PARTNERS ASSET,right
APC,ANADARKO PETROLEUM CORP,right
APD,AIR PRODS & CHEMS INC,right
APEI,AMER PUBLIC EDUCATION,left_offset_2
APH,AMPHENOL CORP,right
APIC,APIGEE CORP,left_offset_2
APLE,APPLE HOSPITALITY REIT,left_offset_2
APOG,APOGEE ENTERPRISES INC,left_offset_2
APOL,APOLLO EDUCATION GROUP,left_offset_2
APPF,APPFOLIO INC,left_offset_2
APTS,PREFERRED APT CMNTYS INC,left_offset_2
AQMS,AQUA METALS INC,left_offset_2
AR,ANTERO RESOURCES CO,left_offset_2
ARA,AMERICAN RENAL ASSOC HLD,right
ARAY,ACCURAY INC,left_offset_2
ARC,ARC DOCUMENT SOLUTIONS,left_offset_2
ARCB,ARCBEST CORPORATION,left_offset_2
ARDX,ARDELYX INC,left_offset_2
ARE,ALEXANDRIA REAL ESTATE,left_offset_2
ARGS,ARGOS THERAPEUTICS,left_offset_2
ARI,APOLLO COMMERCIAL RE,left_offset_2
ARIA,ARIAD PHARMACEUTICALS,left_offset_2
ARII,AMERICAN RAILCAR IND,right
ARMK,ARAMARK,left_offset_2
ARNA,ARENA PHARMACEUTICALS,left_offset_2
AROC,ARCHROCK INC,left_offset_2
AROW,ARROW FINANCIAL CORP,right
ARR,ARMOUR RESIDENTIAL REIT,left_offset_2
ARRS,ARRIS INTERNATIONAL PLC,right
ARRY,ARRAY BIOPHARMA INC,right
ARTNA,ARTESIAN RESOURCES CORP,right
ARW,ARROW ELECTRONICS INC,right
ARWR,ARROWHEAD PHARMACEUTICAL,right
ASB,ASSOCIATED BANC CORP,right
ASC,ARDMORE SHIPPING CORP,left_offset_2
ASCMA,ASCENT CAPITAL GROUP INC,right
ASEI,AMERICAN SCIENCE & ENGR,right
ASGN,ON ASSIGNMENT INC,right
ASH,ASHLAND INC,right
ASNA,ASCENA RETAIL GROUP INC,right
ASPS,ALTISOURCE PORTFOLIO,left_offset_2
AST,ASTERIAS BIOTHERAPEUTICS,right
ASTE,ASTEC INDUSTRIES INC,right
AT,ATLANTIC PWR CORP,right
ATEN,A10 NETWORKS INC,left_offset_2
ATHN,ATHENAHEALTH INC,right
ATHX,ATHERSYS INC,right
ATI,ALLEGHENY TECHNOLOGIES,left_offset_2
ATLO,AMES NATL CORP,right
ATNI,ATN INTERNATIONAL INC,right
ATO,ATMOS ENERGY CORP,right
ATR,APTARGROUP INC,left_offset_2
ATRA,ATARA BIOTHERAPEUTICS,right
ATRC,ATRICURE INC,right
ATRI,ATRION CORP,right
ATRO,ASTRONICS CORP,right
ATSG,AIR TRANSPORT SERVICES,right
ATU,ACTUANT CORP,left_offset_2
ATVI,ACTIVISION BLIZZARD INC,left_offset_2
ATW,ATWOOD OCEANICS INC,right
AVA,AVISTA CORP,left_offset_2
AVANGRI,ARMADA HOFFLER PPTYS INC,left_offset_2
AVAV,AEROVIRONMENT INC,right
AVB,AVALONBAY CMNTYS INC,right
AVD,AMERICAN VANGUARD CORP,right
AVG,AVG TECHNOLOGIES NV,left_offset_2
AVGO,BROADCOM LIMITED,left_offset_2
AVGR,AVINGER INC,left_offset_2
AVHI,A V HOMES INC,left_offset_2
AVID,AVID TECHNOLOGY INC,left_offset_2
AVNU,AVENUE FINANCIAL HLDGS,right
AVP,AVON PRODUCTS INC,left_offset_2
AVT,AVNET INC,left_offset_2
AVX,AVX CORP,left_offset_2
AVXL,ANAVEX LIFE SCIENCES,right
AVXS,AVEXIS INC,left_offset_2
AVY,AVERY DENNISON CORP,left_offset_2
AWH,ALLIED WRLD ASSUR COM,left_offset_2
AWI,ARMSTRONG WORLD INDS INC,right
AWK,AMERICAN WTR WKS CO INC,right
AWR,AMERICAN STATES WATER CO,right
AXAS,ABRAXAS PETE CORP,left_offset_2
AXDX,ACCELERATE DIAGNOSTICS,left_offset_2
AXE,ANIXTER INTERNATIONAL,left_offset_2
AXGN,AXOGEN INC,left_offset_2
AXL,AMERICAN AXLE & MFG,right
AXLL,AXIALL CORP,left_offset_2
AXON,AXOVANT SCIENCES LTD,left_offset_2
AXP,AMERICAN EXPRESS CO,right
AXS,AXIS CAPITAL HOLDINGS,left_offset_2
AXSM,AXSOME THERAPEUTICS INC,left_offset_2
AXTA,AXALTA COATING SYSTEMS,left_offset_2
AYI,ACUITY BRANDS INC,left_offset_2
AYR,AIRCASTLE LTD,right
AZO,AUTOZONE INC,right
AZPN,ASPEN TECHNOLOGY INC,right
AZZ,AZZ INC,left_offset_2
B,BARNES GROUP INC,left_offset_2
BA,BOEING CO,left_offset_2
BABY,NATUS MEDICAL INC,left_offset_2
BAC,BANK OF AMERICA CORP,left_offset_2
BAH,BOOZ ALLEN HAMILTON HLDG,left_offset_2
BANC,BANC OF CALIFORNIA INC,left_offset_2
BANF,BANCFIRST CORP,left_offset_2
BANR,BANNER CORP,left_offset_2
BATRA,LIBERTY BRAVES SERIES A,right
BATRK,LIBERTY BRAVES SERIES C,right
BAX,BAXTER INTERNATIONAL INC,right
BBBY,BED BATH & BEYOND INC,right
BBCN,BBCN BANCORP INC,right
BBG,BILL BARRETT CORP,right
BBOX,BLACK BOX CORP,right
BBSI,BARRETT BUSINESS SERVICE,left_offset_2
BBT,BB&T CORP,right
BBW,BUILD A BEAR WORKSHOP,right
BBX,BBX CAPITAL CORPORATION,right
BBY,BEST BUY INC,right
BC,BRUNSWICK CORP,right
BCC,BOISE CASCADE COMPANY,left_offset_2
BCO,BRINKS CO,left_offset_2
BCOR,BLUCORA INC,right
BCOV,BRIGHTCOVE INC,left_offset_2
BCPC,BALCHEM CORP,left_offset_2
BCRH,BLUE CAPITAL REINSURANCE,left_offset_2
BCRX,BIOCRYST PHARMACEUTICALS,right
BDC,BELDEN INC,right
BDGE,BRIDGE BANCORP INC,left_offset_2
BDN,BRANDYWINE REALTY TRUST,left_offset_2
BDX,BECTON DICKINSON & CO,right
BEAT,BIOTELEMETRY INC,right
BEAV,BE AEROSPACE INC,right
BECN,BEACON ROOFING SUPPLY,right
BEL,BELMOND LTD,right
BELFB,BEL FUSE INC,right
BEN,FRANKLIN RESOURCES INC,right
BERY,BERRY PLASTICS GROUP,right
BETR,AMPLIFY SNACK BRANDS INC,right
BF.A,BROWN FORMAN CORP CL A,left_offset_2
BF.B,BROWN FORMAN CORP CL B,left_offset_2
BFAM,BRIGHT HORIZON FAMILY,left_offset_2
BFIN,BANKFINANCIAL CORP,left_offset_2
BFS,SAUL CENTERS INC,left_offset_2
BG,BUNGE LIMITED,right
BGC,GENERAL CABLE CORP,right
BGCP,BGC PARTNERS INC,right
BGFV,BIG 5 SPORTING GOODS,right
BGG,BRIGGS & STRATTON CO,left_offset_2
BGS,B & G FOODS INC,left_offset_2
BH,BIGLARI HOLDINGS INC,right
BHB,BAR HBR BANKSHARES,left_offset_2
BHBK,BLUE HILLS BANCORP INC,left_offset_2
BHE,BENCHMARK ELECTRONICS,right
BHI,BAKER HUGHES INC,left_offset_2
BHLB,BERKSHIRE HILLS BANCORP,right
BID,SOTHEBYS,left_offset_2
BIG,BIG LOTS INC,right
BIIB,BIOGEN INC,right
BIO,BIO-RAD LABORATORIES INC,right
BIOS,BIOSCRIP INC,right
BJRI,BJS RESTAURANTS INC,right
BK,BANK OF NEW YORK MELLON,left_offset_2
BKD,BROOKDALE SENIOR LIVING,left_offset_2
BKE,BUCKLE INC,right
BKFS,BLACK KNIGHT FINL SVCS,right
BKH,BLACK HILLS CORP,right
BKMU,BANK MUTUAL CORP,left_offset_2
BKS,BARNES & NOBLE INC,left_offset_2
BKU,BANKUNITED INC,left_offset_2
BLBD,BLUE BIRD CORP,left_offset_2
BLCM,BELLICUM PHARMACEUTICALS,right
BLD,TOPBUILD CORP,left_offset_2
BLDR,BUILDERS FIRSTSOURCE INC,right
BLK,BLACKROCK INC,right
BLKB,BLACKBAUD INC,right
BLL,BALL CORP,left_offset_2
BLMN,BLOOMIN' BRANDS INC,right
BLMT,BSB BANCORP INC MD,right
BLOX,INFOBLOX INC,left_offset_2
BLUE,BLUEBIRD BIO INC,left_offset_2
BLX,BANCO LATINOAMERICANO,left_offset_2
BMCH,BMC STOCK HOLDINGS INC,left_offset_2
BMI,BADGER METER INC,left_offset_2
BMRC,BANK OF MARIN BANCORP,left_offset_2
BMRN,BIOMARIN PHARMACEUTICAL,right
BMS,BEMIS INC,right
BMTC,BRYN MAWR BANK CORP,right
BMY,BRISTOL MYERS SQUIBB,left_offset_2
BNCL,BENEFICIAL BANCORP INC,right
BNCN,BNC BANCORP,left_offset_2
BNED,BARNES & NOBLE EDUCATION,left_offset_2
BNFT,BENEFITFOCUS INC,right
BNK,C1 FINANCIAL INC,right
BOBE,BOB EVANS FARMS INC,left_offset_2
BOFI,BOFI HLDG INC,left_offset_2
BOH,BANK OF HAWAII CORP,left_offset_2
BOJA,BOJANGLES INC,left_offset_2
BOKF,BOK FINANCIAL CORP,left_offset_2
BOOM,DYNAMIC MATERIALS CORP,right
BOOT,BOOT BARN HOLDINGS,left_offset_2
BOX,BOX INC,left_offset_2
BPFH,BOSTON PRIVATE FINANCIAL,left_offset_2
BPI,BRIDGEPOINT ED INC,left_offset_2
BPMC,BLUEPRINT MEDICINES CORP,left_offset_2
BPOP,POPULAR INC,left_offset_2
BPTH,BIO PATH HOLDINGS INC,right
BR,BROADRIDGE FINANCIAL INC,left_offset_2
BRC,BRADY CORP,left_offset_2
BRCD,BROCADE COMMUNICATIONS,left_offset_2
BREW,CRAFT BREW ALLIANCE,left_offset_2
BRG,BLUEROCK RESIDENT REIT,left_offset_2
BRK.B,BERKSHIRE HATHAWAY INC,right
BRKL,BROOKLINE BANCORP INC,left_offset_2
BRKR,BRUKER CORP,right
BRO,BROWN & BROWN INC,left_offset_2
BRS,BRISTOW GROUP INC,left_offset_2
BRSS,GLOBAL BRASS & COPPR HLD,left_offset_2
BRX,BRIXMOR PROPERTY GROUP,left_offset_2
BSET,BASSETT FURNITURE INDS,left_offset_2
BSF,BEAR STATE FINL INC,right
BSFT,BROADSOFT INC,left_offset_2
BSRR,SIERRA BANCORP,right
BSTC,BIOSPECIFICS TECHNO CORP,right
BSX,BOSTON SCIENTIFIC CO,left_offset_2
BTX,BIOTIME INC,right
BUFF,BLUE BUFFALO PET PROD,left_offset_2
BURL,BURLINGTON STORES INC,right
BUSE,FIRST BUSEY CORP,right
BV,BAZAARVOICE INC,right
BW,BABCOCK & WILCOX ENT,left_offset_2
BWA,BORG WARNER INC,left_offset_2
BWFG,BANKWELL FINL GROUP INC,left_offset_2
BWINB,BALDWIN & LYONS INC,left_offset_2
BWLD,BUFFALO WILD WINGS INC,right
BWXT,BWX TECHNOLOGIES INC,right
BXP,BOSTON PROPERTIES INC,left_offset_2
BXS,BANCORPSOUTH INC,left_offset_2
BYD,BOYD GAMING CORP,left_offset_2
BZH,BEAZER HOMES USA INC,right
C,CITIGROUP INC,left_offset_2
CA,CA INC,right
CAA,CALATLANTIC GROUP INC,right
CAB,CABELAS INC,right
CABO,CABLE ONE INC,right
CAC,CAMDEN NATIONAL CORP,right
CACB,CASCADE BANCORP,left_offset_2
CACC,CREDIT ACCEP CORP MICH,right
CACI,CACI INTERNATIONAL INC,right
CACQ,CAESARS ACQUISITION CO,right
CAG,CONAGRA FOODS INC,right
CAH,CARDINAL HEALTH INC,left_offset_2
CAI,CAI INTERNATIONAL INC,right
CAKE,CHEESECAKE FACTORY INC,right
CAL,CALERES INC,right
CALD,CALLIDUS SOFTWARE INC,right
CALM,CAL MAINE FOODS INC,right
CALX,CALIX INC,right
CAMP,CALAMP CORP,right
CAMPBEL,BROOKS AUTOMATION INC,left_offset_2
CAR,AVIS BUDGET GROUP INC,left_offset_2
CARA,CARA THERAPEUTICS INC,left_offset_2
CARB,CARBONITE INC,left_offset_2
CARO,CAROLINA FINL CORP,left_offset_2
CASH,META FINANCIAL GROUP INC,left_offset_2
CASS,CASS INFORMATION SYSTEMS,left_offset_2
CASY,CASEYS GENERAL STORES,left_offset_2
CAT,CATERPILLAR INC,left_offset_2
CATM,CARDTRONICS INC,left_offset_2
CATO,CATO CORP,left_offset_2
CATY,CATHAY GENERAL BANCORP,left_offset_2
CAVM,CAVIUM INC,left_offset_2
CB,CHUBB LIMITED,left_offset_2
CBB,CINCINNATI BELL INC,left_offset_2
CBF,CAPITAL BANK FINANCIAL,right
CBG,CBRE GROUP INC,left_offset_2
CBI,CHICAGO BRIDGE & IRON,right
CBL,CBL & ASSOC PPTYS INC,left_offset_2
CBM,CAMBREX CORP,right
CBMG,CELLULAR BIOMEDICINE GRP,right
CBOE,CBOE HLDGS INC,left_offset_2
CBPX,CONTINENTAL BLDG PRODS,left_offset_2
CBRL,CRACKER BARREL STORE,left_offset_2
CBSH,COMMERCE BANCSHARES INC,right
CBT,CABOT CORP,right
CBU,COMMUNITY BANK SYSTEMS,right
CBZ,CBIZ INC,left_offset_2
CC,THE CHEMOURS COMPANY,left_offset_2
CCBG,CAPITAL CITY BANK GROUP,left_offset_2
CCC,CALGON CARBON CORP,right
CCF,CHASE CORP,right
CCI,CROWN CASTLE INTL CORP,right
CCK,CROWN HOLDINGS INC,right
CCL,CARNIVAL CORP,left_offset_2
CCMP,CABOT MICROELECTRONICS,right
CCNE,CNB FINL CORP PA,left_offset_2
CCO,CLEAR CHANNEL OUTDOOR,left_offset_2
CCOI,COGENT COMM HOLDINGS,right
CCP,CARE CAPITAL PROPERTIES,left_offset_2
CCRN,CROSS COUNTRY HEALTHCARE,right
CCS,CENTURY COMMUNITIES INC,right
CCXI,CHEMOCENTRYX INC,right
CDE,COEUR MINING INC,right
CDK,CDK GLOBAL INC,left_offset_2
CDNS,CADENCE DESIGN SYSTEMS,right
CDR,CEDAR REALTY TRUST INC,right
CDTX,CIDARA THERAPEUTICS INC,left_offset_2
CDW,CDW CORPORATION,left_offset_2
CDXC,CHROMADEX CORP,left_offset_2
CDXS,CODEXIS INC,right
CE,CELANESE CORP,right
CEB,CEB INC,left_offset_2
CECE,CECO ENVIRONMENTAL CORP,left_offset_2
CECO,CAREER EDUCATION CORP,left_offset_2
CELG,CELGENE CORP,right
CEMP,CEMPRA INC,right
CENT,CENTRAL GARDEN & PET CO,right
CENX,CENTURY ALUMINUM CO,right
CERN,CERNER CORP,right
CERS,CERUS CORP,right
CETV,CENTRAL EUROPEAN MEDIA,right
CEVA,CEVA INC,right
CF,CF INDUSTRIES HOLDINGS,right
CFFI,C & F FINANCIAL CORP,right
CFFN,CAPITOL FEDERAL FINL INC,left_offset_2
CFG,CITIZENS FINANCIAL INC,left_offset_2
CFI,CULP INC,right
CFMS,CONFORMIS INC,right
CFNB,CALIFORNIA FIRST NATL,right
CFNL,CARDINAL FINANCIAL CORP,left_offset_2
CFR,CULLEN FROST BANKERS,right
CFX,COLFAX CORP,right
CGI,CELADON GROUP INC,right
CGNX,COGNEX CORP,right
CHCO,CITY HOLDING CO,left_offset_2
CHCT,COMMUNITY HEALTHCARE TR,right
CHD,CHURCH & DWIGHT INC,left_offset_2
CHDN,CHURCHILL DOWNS INC,left_offset_2
CHE,CHEMED CORPORATION,right
CHEF,CHEFS' WHAREHOUSE INC,right
CHEVRON,CBS CORPORATION,left_offset_2
CHFC,CHEMICAL FINANCIAL CORP,right
CHFN,CHARTER FINL CORP WEST,right
CHGG,CHEGG INC,right
CHH,CHOICE HOTELS INTL INC,left_offset_2
CHK,CHESAPEAKE ENERGY CORP,right
CHMG,CHEMUNG FINL CORP,right
CHMT,CHEMTURA CORP,right
CHRS,COHERUS BIOSCIENCES,right
CHRW,C H ROBINSON WORLDWIDE,right
CHS,CHICOS FAS INC,right
CHSP,CHESAPEAKE LODGING TRUST,right
CHTR,CHARTER COMM INC,right
CHUY,CHUY'S HOLDINGS INC,left_offset_2
CI,CIGNA CORP,left_offset_2
CIA,CITIZENS INC,left_offset_2
CIE,COBALT INTL ENERGY,left_offset_2
CIEN,CIENA CORP,left_offset_2
CIM,CHIMERA INVESTMENT CORP,left_offset_2
CINF,CINCINNATI FINANCIAL,left_offset_2
CIO,CITY OFFICE REIT INC,left_offset_2
CIR,CIRCOR INTERNATIONAL INC,left_offset_2
CIT,CIT GROUP INC,left_offset_2
CIVI,CIVITAS SOLUTIONS,left_offset_2
CIX,COMPX INTERNATIONAL INC,right
CKEC,CARMIKE CINEMAS INC,left_offset_2
CKH,SEACOR HOLDINGS INC,left_offset_2
CL,COLGATE PALMOLIVE CO,right
CLC,CLARCOR INC,left_offset_2
CLCT,COLLECTORS UNIVERSE INC,right
CLDT,CHATHAM LODGING TR,right
CLDX,CELLDEX THERAPEUTICS INC,right
CLF,CLIFFS NATURAL RESOURCES,left_offset_2
CLFD,CLEARFIELD INC,left_offset_2
CLGX,CORELOGIC INC,left_offset_2
CLH,CLEAN HARBORS INC,left_offset_2
CLI,MACK CALI REALTY CORP,left_offset_2
CLMS,CALAMOS ASSET MGMT INC,right
CLNE,CLEAN ENERGY FUELS CORP,left_offset_2
CLNY,COLONY CAPITAL INC,right
CLR,CONTINENTAL RESOURCES,left_offset_2
CLVS,CLOVIS ONCOLOGY INC,left_offset_2
CLW,CLEARWATER PAPER CORP,left_offset_2
CLX,CLOROX CO,left_offset_2
CMA,COMERICA INC,right
CMC,COMMERCIAL METALS CO,right
CMCO,COLUMBUS MCKINNON CORP,right
CMCSA,COMCAST CORP CL A,right
CME,CME GROUP INC,left_offset_2
CMG,CHIPOTLE MEXICAN GRILL,left_offset_2
CMI,CUMMINS INC,right
CMN,CANTEL MEDICAL CORP,right
CMO,CAPSTEAD MORTGAGE CORP,left_offset_2
CMP,COMPASS MINERALS INTL,right
CMPR,CIMPRESS NV,left_offset_2
CMRE,COSTAMARE INC,left_offset_2
CMRX,CHIMERIX INC,left_offset_2
CMTL,COMTECH TELECOMM,right
CNA,CNA FINANCIAL CORP,left_offset_2
CNBKA,CENTURY BANCORP INC,right
CNC,CENTENE CORP,right
CNCE,PHARMACEUTICALS,right
CNK,CINEMARK HOLDINGS INC,left_offset_2
CNMD,CONMED CORP,right
CNO,CNO FINANCIAL GROUP,left_offset_2
CNOB,CONNECTONE BANCORP INC,left_offset_2
CNP,CENTERPOINT ENERGY INC,right
CNS,COHEN & STEERS INC,right
CNSL,CONSOLIDATED COMM,left_offset_2
CNTY,CENTURY CASINOS INC,right
CNX,CONSOL ENERGY INC,left_offset_2
COB,COMMUNITYONE BANCORP,right
COBZ,COBIZ FINANCIAL INC,right
COF,CAPITAL ONE FINANCIAL,left_offset_2
COG,CABOT OIL & GAS CORP,right
COH,COACH INC,left_offset_2
COHR,COHERENT INC,right
COHU,COHU INC,right
COKE,COCA COLA BOTTLING,right
COL,ROCKWELL COLLINS INC,right
COLB,COLUMBIA BKG SYSTEM INC,right
COLL,COLLEGIUM PHARMACEUTICAL,right
COLM,COLUMBIA SPORTSWEAR CO,right
COMM,COMMSCOPE HOLDING CO,right
CONCERT,CMS ENERGY CORP,left_offset_2
CONE,CYRUSONE INC,right
CONN,CONNS INC,left_offset_2
COO,COOPER COMPANIES INC,left_offset_2
COP,CONOCOPHILLIPS,left_offset_2
COR,CORESITE REALTY CORP,left_offset_2
CORE,CORE MARK HOLDING CO INC,left_offset_2
CORR,CORENERGY INFRASTRUCT,left_offset_2
CORT,CORCEPT THERAPEUTICS INC,left_offset_2
COST,COSTCO WHOLESALE CORP,left_offset_2
COTV,COTIVITI HOLDINGS INC,left_offset_2
COTY,COTY INC,left_offset_2
COWN,COWEN GROUP INC,left_offset_2
CPA,COPA HOLDINGS SA,left_offset_2
CPB,L SOUP CO,right
CPE,CALLON PETROLEUM CO,right
CPF,CENTRAL PACIFIC FINL,right
CPGX,COLUMBIA PIPELINE GROUP,right
CPHD,CEPHEID INC,right
CPK,CHESAPEAKE UTILITIES,right
CPLA,CAPELLA EDUCATION CO,right
CPN,CALPINE CORP,right
CPRT,COPART INC,left_offset_2
CPS,COOPER STD HLDGS INC,left_offset_2
CPSI,COMPUTER PROGRAMS & SYS,right
CPT,CAMDEN PROPERTY TRUST,right
CPXX,CELATOR PHARMACEUTICALS,right
CR,CRANE CO,left_offset_2
CRAI,CRA INTERNATIONAL INC,left_offset_2
CRAY,CRAY INC,left_offset_2
CRC,CALIFORNIA RESOURCES,right
CRCM,CARE.COM INC,left_offset_2
CRD.B,CRAWFORD & CO,left_offset_2
CREE,CREE INC,right
CRI,CARTER INC,left_offset_2
CRIS,CURIS INC,right
CRL,CHARLES RIVER LABS INTL,right
CRM,SALESFORCE COM INC,left_offset_2
CRMT,AMERICAS CAR-MART INC,right
CROX,CROCS INC,right
CRR,CARBO CERAMICS INC,left_offset_2
CRS,CARPENTER TECHNOLOGY,left_offset_2
CRUS,CIRRUS LOGIC INC,left_offset_2
CRVL,CORVEL CORP,left_offset_2
CRVS,CORVUS PHARMACEUTICALS,left_offset_2
CRY,CRYOLIFE INC,right
CRZO,CARRIZO OIL & GAS INC,left_offset_2
CSAL,COMM & SALES LEASING,right
CSBK,CLIFTON BANCORP INC,left_offset_2
CSC,COMPUTER SCIENCES CORP,right
CSCD,CASCADE MICROTECH INC,left_offset_2
CSCO,CISCO SYSTEMS INC,left_offset_2
CSFL,CENTERSTATE BANKS INC,right
CSGP,COSTAR GROUP INC,left_offset_2
CSGS,CSG SYSTEMS INTL INC,right
CSH,CASH AMERICA INTL INC,left_offset_2
CSII,CARDIOVASCULAR SYS INC,left_offset_2
CSL,CARLISLE COS INC,left_offset_2
CSLT,CASTLIGHT HEALTH INC,left_offset_2
CSOD,CORNERSTONE ONDEMAND INC,left_offset_2
CSRA,CSRA INC,right
CSS,CSS INDUSTRIES INC,right
CST,CST BRANDS INC,right
CSTE,CAESARSTONE LTD,right
CSU,CAPITAL SENIOR LIVING,left_offset_2
CSV,CARRIAGE SERVICES INC,left_offset_2
CSWI,CSW INDUSTRIALS INC,right
CSX,CSX CORP,right
CTAS,CINTAS CORP,left_offset_2
CTB,COOPER TIRE & RUBBER CO,left_offset_2
CTBI,COMMUNITY TRUST BANCORP,right
CTL,CENTURYLINK INC,right
CTLT,CATALENT INC,left_offset_2
CTMX,CYTOMX THERAPEUTICS INC,right
CTO,CONSOLIDATED TOMOKA LAND,left_offset_2
CTRE,CARETRUST REIT INC,left_offset_2
CTRL,CONTROL4 CORPORATION,left_offset_2
CTRN,CITI TRENDS INC,left_offset_2
CTS,CTS CORP,right
CTSH,COGNIZANT TECH SOLUTIONS,right
CTT,CATCHMARK TIMBER TRUST,left_offset_2
CTWS,CONNECTICUT WATER SVC,right
CTXS,CITRIX SYSTEMS INC,left_offset_2
CUB,CUBIC CORP,right
CUBE,CUBESMART,right
CUBI,CUSTOMERS BANCORP INC,right
CUNB,CU BANCORP CALIF,right
CUTR,CUTERA INC,right
CUZ,COUSINS PROPERTIES INC,left_offset_2
CVA,COVANTA HOLDING CORP,left_offset_2
CVBF,CVB FINANCIAL CORP,right
CVCO,CAVCO INDUSTRIES INC,left_offset_2
CVCY,CENTRAL VALLEY CMNTY,right
CVG,CONVERGYS CORP,left_offset_2
CVGW,CALAVO GROWERS INC,right
CVI,CVR ENERGY INC,right
CVLT,COMMVAULT SYSTEMS INC,right
CVLY,CODORUS VY BANCORP INC,right
CVRS,CORINDUS VASC ROBOTICS,left_offset_2
CVS,CVS HEALTH CORPORATION,right
CVT,CVENT INC,right
CVTI,COVENANT TRANS GRP INC,left_offset_2
CVX,CORP,right
CW,CURTISS WRIGHT CORP,right
CWCO,CONSOLIDATED WATER CO,left_offset_2
CWEI,WILLIAMS CLAYTON ENERGY,left_offset_2
CWST,CASELLA WASTE SYSTEMS,left_offset_2
CWT,CALIFORNIA WTR SVC GRP,right
CXO,CONCHO RESOURCES INC,right
CXP,COLUMBIA PPTY TR INC,right
CXW,CORRECTIONS CORP OF AMER,left_offset_2
CY,CYPRESS SEMICONDUCTOR,right
CYH,COMMUNITY HEALTH SYSTEMS,right
CYNO,CYNOSURE INC,right
CYS,CYS INVESTMENTS INC,right
CYTK,CYTOKINETICS INC,right
CYTR,CYTRX CORP,right
CZNC,CITIZENS & NORTHERN CORP,left_offset_2
CZR,CAESARS ENTMT CORP,right
D,DOMINION RESOURCES INC,left_offset_2
DAKT,DAKTRONICS INC,right
DAL,DELTA AIR LINES INC,left_offset_2
DAN,DANA HOLDING CORP,right
DAR,DARLING INGREDIENTS INC,right
DATA,TABLEAU SOFTWARE INC,left_offset_2
DBD,DIEBOLD INC,left_offset_2
DCI,DONALDSON INC,right
DCO,DUCOMMUN INC,right
DCOM,DIME CMNTY BANCSHARES,left_offset_2
DCT,DCT INDUSTRIAL TRUST INC,right
DD,DU PONT E I DE NEMOURS,right
DDD,3D SYSTEMS CORP,left_offset_2
DDR,DDR CORP,right
DDS,DILLARDS INC,left_offset_2
DE,DEERE & CO,left_offset_2
DEA,Y GOVERNMENT PPTY,right
DECK,DECKERS OUTDOOR CORP,left_offset_2
DEI,DOUGLAS EMMETT INC,right
DEL,DELTIC TIMBER CORP,left_offset_2
DENN,DENNYS CORP,left_offset_2
DEPO,DEPOMED INC,left_offset_2
DERM,DERMIRA INC,left_offset_2
DF,DEAN FOODS COMPANY,right
DFRG,DEL FRISCOS RESTAURANT,left_offset_2
DFS,DISCOVER FINANCIAL SRVC,left_offset_2
DFT,DUPONT FABROS TECHNOLOGY,right
DG,DOLLAR GENERAL CORP,left_offset_2
DGAS,DELTA NATURAL GAS INC,left_offset_2
DGI,DIGITALGLOBE INC,left_offset_2
DGICA,DONEGAL GROUP INC,right
DGII,DIGI INTL INC,left_offset_2
DGX,QUEST DIAGNOSTICS INC,right
DHI,D R HORTON INC,right
DHIL,DIAMOND HILL INVESTMENT,left_offset_2
DHR,DANAHER CORP,right
DHT,DHT HOLDINGS INC,left_offset_2
DHX,DHI GROUP INC,left_offset_2
DIN,DINEEQUITY INC,left_offset_2
DIOD,DIODES INC,left_offset_2
DIS,DISNEY WALT CO,left_offset_2
DISCK,DISCOVERY COMM CL C,left_offset_2
DISH,DISH NETWORK CORP,left_offset_2
DJCO,DAILY JOURNAL CORP,right
DK,DELEK US HLDGS INC,left_offset_2
DKS,DICKS SPORTING GOODS INC,left_offset_2
DLA,DELTA APPAREL INC,left_offset_2
DLB,DOLBY LABORATORIES INC,left_offset_2
DLPH,DELPHI AUTOMOTIVE PLC,left_offset_2
DLR,DIGITAL REALTY TRUST INC,left_offset_2
DLTH,DULUTH HOLDINGS INC,right
DLTR,DOLLAR TREE INC,left_offset_2
DLX,DELUXE CORP,left_offset_2
DMRC,DIGIMARC CORPORATION,left_offset_2
DMTX,DIMENSION THERAPEUTICS,left_offset_2
DNB,DUN & BRADSTREET CORP,right
DNKN,DUNKIN BRANDS GROUP INC,right
DNOW,NOW INC,left_offset_2
DNR,DENBURY RESOURCES INC,left_offset_2
DO,DIAMOND OFFSHR DRILLING,left_offset_2
DOC,PHYSICIANS REALTY TRUST,right
DOOR,MASONITE INTL CORP,right
DORM,DORMAN PRODUCTS INC,right
DOV,DOVER CORP,right
DOW,DOW CHEMICAL CO,right
DOX,AMDOCS LTD,left_offset_2
DPLO,DIPLOMAT PHARMACY INC,left_offset_2
DPS,DR PEPPER SNAPPLE GROUP,right
DPZ,DOMINOS PIZZA INC,right
DRE,DUKE REALTY CORP,right
DRH,DIAMONDROCK HOSPITALITY,left_offset_2
DRI,DARDEN RESTAURANTS INC,right
DRII,DIAMOND RESORTS INT INC,left_offset_2
DRQ,DRIL-QUIP INC,right
DRRX,DURECT CORP,right
DSPG,DSP GROUP INC,right
DST,DST SYSTEMS INC,right
DSW,DSW INC,right
DTE,DTE ENERGY CO,right
DTLK,DATALINK CORP,right
DTSI,DTS INC,right
DUK,DUKE ENERGY CORP,right
DV,DEVRY EDUCATION GROUP,left_offset_2
DVA,DAVITA HEALTHCARE PTNRS,right
DVAX,DYNAVAX TECHNOLOGIES,right
DVN,DEVON ENERGY CORP,left_offset_2
DW,DREW INDUSTRIES INC,right
DWA,DREAMWORKS ANIMATION SKG,right
DWRE,DEMANDWARE INC,left_offset_2
DWSN,DAWSON GEOPHYSICAL CO,right
DX,DYNEX CAPITAL INC,right
DXCM,DEXCOM INC,left_offset_2
DXLG,DESTINATION XL GRP INC,left_offset_2
DXPE,DXP ENTERPRISES INC,right
DY,DYCOM INDUSTRIES INC,right
DYN,DYNEGY INC,right
EA,ELECTRONIC ARTS INC,left_offset_2
EASTERL,DISCOVERY COMM CL A,left_offset_2
EAT,BRINKER INTERNATIONAL,left_offset_2
EBAY,EBAY INC,right
EBF,ENNIS INC,right
EBIX,EBIX INC,left_offset_2
EBS,EMERGENT BIOSOLUTIONS,left_offset_2
EBSB,MERIDIAN BANCORP INC,left_offset_2
EBTC,ENTERPRISE BANCORP INC,right
ECHO,ECHO GLOBAL LOGISTICS,left_offset_2
ECL,ECOLAB INC,left_offset_2
ECOL,US ECOLOGY INC,right
ECOM,CHANNELADVISOR CORP,right
ECPG,ENCORE CAPITAL GROUP INC,left_offset_2
ECR,ECLIPSE RESOURCES CORP,left_offset_2
ECYT,ENDOCYTE INC,left_offset_2
ED,CONSOLIDATED EDISON INC,left_offset_2
EDE,EMPIRE DISTRICT ELECTRIC,left_offset_2
EDGE,EDGE THERAPEUTICS INC,left_offset_2
EDIT,EDITAS MEDICINE INC,left_offset_2
EDR,EDUCATION REALTY TRUST,left_offset_2
EE,EL PASO ELECTRIC CO,left_offset_2
EEFT,EURONET WORLDWIDE INC,right
EFII,ELECTRONICS FOR IMAGING,left_offset_2
EFSC,ENTERPRISE FINL SERVICES,right
EFX,EQUIFAX INC,right
EGBN,EAGLE BANCORP INC,right
EGHT,8X8 INC NEW,left_offset_2
EGL,ENGILITY HOLDINGS INC,left_offset_2
EGLT,EGALET CORPORATION,left_offset_2
EGN,ENERGEN CORP,left_offset_2
EGOV,NIC INC,right
EGP,EASTGROUP PROPERTIES INC,right
EGRX,EAGLE PHARMACEUTICALS,right
EHTH,EHEALTH INC,left_offset_2
EIG,EMPLOYERS HOLDINGS INC,left_offset_2
EIGR,EIGER BIOPHARMACEUTICALS,left_offset_2
EIX,EDISON INTERNATIONAL,left_offset_2
EL,ESTEE LAUDER COMPANIES,right
ELGX,ENDOLOGIX INC,left_offset_2
ELLI,ELLIE MAE INC,left_offset_2
ELNK,EARTHLINK HOLDINGS CORP,right
ELRC,ELECTRO RENT CORP,left_offset_2
ELS,EQUITY LIFESTYLE PROP,right
ELY,CALLAWAY GOLF CO,right
EMC,EMC CORPORATION,left_offset_2
EMCI,EMC INS GROUP INC,left_offset_2
EME,EMCOR GROUP INC,left_offset_2
EMKR,EMCORE CORP,left_offset_2
EMN,EASTMAN CHEMICAL CO,right
EMR,EMERSON ELECTRIC CO,left_offset_2
ENDP,ENDO INTERNATIONAL PLC,left_offset_2
ENH,ENDURANCE SPECIALTY HLDG,left_offset_2
ENOC,ENERNOC INC,left_offset_2
ENR,ENERGIZER HOLDINGS INC,left_offset_2
ENS,ENERSYS INC,left_offset_2
ENSG,ENSIGN GROUP INC,right
ENT,GLOBAL EAGLE ENTMT INC,left_offset_2
ENTA,ENANTA PHARMACEUTICALS,left_offset_2
ENTG,ENTEGRIS INC,right
ENTL,ENTELLUS MEDICAL INC,right
ENV,ENVESTNET INC,right
ENVA,ENOVA INTERNATIONAL INC,right
ENZ,ENZO BIOCHEM INC,right
EOG,EOG RESOURCES INC,right
EPAM,EPAM SYSTEMS INC,right
EPAY,BOTTOMLINE TECHNOLOGIES,left_offset_2
EPC,EDGEWELL PERSONAL CARE,left_offset_2
EPE,EP ENERGY CORPORATION,right
EPIQ,EPIQ SYSTEMS INC,right
EPM,EVOLUTION PETROLEUM CORP,left_offset_2
EPR,EPR PROPERTIES,right
EPZM,EPIZYME INC,right
EQBK,EQUITY BANCSHARE INC,right
EQC,EQUITY COMMONWEALTH,right
EQIX,EQUINIX INC,right
EQR,EQUITY RESIDENTIAL,right
EQT,EQT CORPORATION,right
EQY,EQUITY ONE INC,right
ERA,ERA GROUP INC,right
ERI,ELDORADO RESORTS INC,left_offset_2
ERIE,ERIE INDEMNITY CO,right
ERII,ENERGY RECOVERY INC,left_offset_2
ERN,ERIN ENERGY CORPORATION,right
EROS,EROS INTL PLC,right
ES,EVERSOURCE ENERGY,left_offset_2
ESCA,ESCALADE INC,right
ESE,ESCO TECHNOLOGIES INC,right
ESGR,ENSTAR GROUP LIMITED,right
ESIO,ELECTRO SCIENTIFIC INDS,left_offset_2
ESL,ESTERLINE TECHNOLOGIES,right
ESND,ESSENDANT INC,right
ESNT,ESSENT GROUP LTD,right
ESPR,ESPERION THERAPEUTICS,right
ESRT,EMPIRE STATE REALTY,left_offset_2
ESRX,EXPRESS SCRIPTS HOLD CO,left_offset_2
ESS,ROPERTY TRUST INC,right
ESSA,ESSA BANCORP INC,right
ESTE,EARTHSTONE ENERGY INC,right
ESV,ENSCO PLC,right
ETFC,E TRADE FINANCIAL CORP,right
ETH,ETHAN ALLEN INTERIORS,right
ETM,ENTERCOM COMMUNICATIONS,right
ETN,EATON CORP PLC,right
ETR,ENTERGY CORP,right
ETSY,ETSY INC,right
EV,EATON VANCE CORP,right
EVC,ENTRAVISION COMM,right
EVDY,EVERYDAY HEALTH INC,left_offset_2
EVER,EVERBANK FINL CORP,right
EVH,EVOLENT HEALTH INC,left_offset_2
EVHC,ENVISION HEALTHCARE INC,right
EVR,EVERCORE PARTNERS,right
EVTC,EVERTEC INC,left_offset_2
EW,EDWARDS LIFESCIENCES,left_offset_2
EWBC,EAST WEST BANCORP INC,right
EXA,EXA CORP,left_offset_2
EXAC,EXACTECH INC,left_offset_2
EXAM,EXAMWORKS GROUP INC,left_offset_2
EXAR,EXAR CORP,left_offset_2
EXAS,EXACT SCIENCES CORP,left_offset_2
EXC,EXELON CORP,left_offset_2
EXEL,EXELIXIS INC,left_offset_2
EXLS,EXLSERVICE HOLDINGS INC,left_offset_2
EXP,EAGLE MATERIALS INC,right
EXPD,EXPEDITORS INTL OF WASH,left_offset_2
EXPE,EXPEDIA INC,left_offset_2
EXPO,EXPONENT INC,left_offset_2
EXPR,EXPRESS INC,left_offset_2
EXR,EXTRA SPACE STORAGE INC,left_offset_2
EXTN,EXTERRAN CORPORATION,left_offset_2
EXTR,EXTREME NETWORKS INC,left_offset_2
EYES,SECOND SIGHT MEDICAL,right
EZPW,EZCORP INC,left_offset_2
F,FORD MOTOR CO,left_offset_2
FAF,FIRST AMERICAN FINL CORP,right
FANG,DIAMONDBACK ENERGY INC,left_offset_2
FARM,FARMER BROS CO,left_offset_2
FAST,FASTENAL CO,left_offset_2
FB,FACEBOOK INC,left_offset_2
FBC,FLAGSTAR BANCORP INC,left_offset_2
FBHS,FORTUNE BRDS HOME & SEC,left_offset_2
FBIO,FORTRESS BIOTECH INC,left_offset_2
FBIZ,FIRST BUSINESS FINL SVCS,right
FBNC,FIRST BANCORP NC,right
FBNK,FIRST CONN BANCORP INC,right
FBP,FIRST BANCORP PR,right
FBRC,FBR & CO,left_offset_2
FC,FRANKLIN COVEY CO,left_offset_2
FCB,FCB FINANCIAL HOLDINGS,left_offset_2
FCBC,FIRST CMNTY BANCSHAR,right
FCE.A,FOREST CITY REALTY TRUST,left_offset_2
FCEL,FUELCELL ENERGY INC,right
FCF,FIRST COMMONWLTH FINL,right
FCFP,FIRST COMMUNITY FINL INC,right
FCFS,FIRST CASH FINANCIAL,right
FCH,FELCOR LODGING TRUST INC,right
FCN,FTI CONSULTING INC,right
FCNCA,FIRST CITIZENS BANCSHRS,right
FCPT,FOUR CORNERS PPTY TRUST,left_offset_2
FCS,FAIRCHILD SEMICONDUCTOR,left_offset_2
FCX,FREEPORT-MCMORAN INC,right
FDC,FIRST DATA CORPORATION,right
FDEF,FIRST DEFIANCE FINANCIAL,right
FDML,FEDERAL MOGUL HOLDINGS,left_offset_2
FDP,FRESH DEL MONTE PRODUCE,right
FDS,FACTSET RESEARCH SYSTEMS,left_offset_2
FDX,FEDEX CORP,right
FE,FIRSTENERGY CORP,left_offset_2
FEIC,FEI CO,right
FELE,FRANKLIN ELECTRIC CO,left_offset_2
FET,FORUM ENERGY TECH,left_offset_2
FEYE,FIREEYE INC,right
FF,FUTUREFUEL CORPORATION,right
FFBC,FIRST FINANCIAL BANCORP,right
FFG,FBL FINANCIAL GROUP INC,left_offset_2
FFIC,FLUSHING FINANCIAL CORP,left_offset_2
FFIN,FIRST FINL BANKSHARES,right
FFIV,F5 NETWORKS INC,left_offset_2
FFKT,FARMERS CAPITAL BK CORP,left_offset_2
FFNW,FIRST FINL NORTHWEST,right
FFWM,FIRST FNDTN INC,right
FGEN,FIBROGEN INC,right
FGL,FIDELITY & GUARANTY,right
FHN,FIRST HORIZON NATL CORP,right
FI,FRANK'S INTERNATIONAL,left_offset_2
FIBK,NTST BANCSYSTEM,right
FICO,FAIR ISAAC CORP,left_offset_2
FII,FEDERATED INVESTORS INC,left_offset_2
FINL,FINISH LINE INC,right
FIS,FIDELITY NATL INFO SVCS,right
FISI,FINANCIAL INSTNS INC,right
FISV,FISERV INC,left_offset_2
FIT,FITBIT INC,left_offset_2
FITB,FIFTH THIRD BANCORP,right
FIVE,FIVE BELOW,left_offset_2
FIVN,FIVE9 INC,left_offset_2
FIX,COMFORT SYSTEMS USA INC,right
FIZZ,NATIONAL BEVERAGE CORP,left_offset_2
FL,FOOT LOCKER INC,left_offset_2
FLDM,FLUIDIGM CORP,left_offset_2
FLIC,FIRST LONG ISLAND CORP,right
FLIR,FLIR SYSTEMS INC,left_offset_2
FLKS,FLEX PHARMA INC,left_offset_2
FLO,FLOWERS FOODS INC,left_offset_2
FLOW,SPX FLOW INC,right
FLR,FLUOR CORP,left_offset_2
FLS,FLOWSERVE CORP,left_offset_2
FLT,FLEETCOR TECHNOLOGIES,left_offset_2
FLTX,FLEETMATICS GROUP PLC,left_offset_2
FLXN,FLEXION THERAPEUTICS INC,left_offset_2
FLXS,FLEXSTEEL INDUSTRIES INC,left_offset_2
FMBH,FIRST MID ILL BANCSHARES,right
FMBI,FIRST MIDWEST BANCORP,right
FMC,FMC CORP,left_offset_2
FMER,FIRSTMERIT CORP,left_offset_2
FMI,FOUNDATION MEDICINE INC,left_offset_2
FMNB,FARMERS NATL BANC CORP,left_offset_2
FMSA,FAIRMOUNT SANTROL HLDGS,left_offset_2
FN,FABRINET,left_offset_2
FNB,FNB CORP,left_offset_2
FNBC,FIRST NBC BK HLDG CO,right
FNF,FNF GROUP,left_offset_2
FNFG,FIRST NIAGARA FINL GRP,right
FNFV,FNFV GROUP,left_offset_2
FNGN,FINANCIAL ENGINES INC,right
FNHC,FEDERATED NATL HOLDING,right
FNLC,FIRST BANCORP INC,right
FNSR,FINISAR CORP,right
FNWB,FIRST NORTHWEST BANCORP,right
FOE,FERRO CORP,right
FOGO,FOGO DE CHAI INC,left_offset_2
FOLD,AMICUS THERAPEUTICS INC,right
FOR,FORESTAR GROUP INC,left_offset_2
FORM,FORMFACTOR INC,left_offset_2
FORR,FORRESTER RESEARCH INC,left_offset_2
FOSL,FOSSIL GROUP INC,left_offset_2
FOX,21ST CENTURY FOX CL B,left_offset_2
FOXA,21ST CENTURY FOX CL A,left_offset_2
FOXF,FOX FACTORY HOLDING CORP,left_offset_2
FPI,FARMLAND PARTNERS INC,left_offset_2
FPO,FIRST POTOMAC REALTY TR,right
FPRX,FIVE PRIME THERAPEUTICS,left_offset_2
FR,FIRST INDUSTRIAL RLTY TR,right
FRAN,FRANCESCAS HOLDINGS CORP,left_offset_2
FRBK,REPUBLIC FIRST BANCORP,left_offset_2
FRC,FIRST REP BK SAN FRAN,left_offset_2
FRED,FREDS INC,right
FRGI,FIESTA RESTAURANT GROUP,right
FRME,FIRST MERCHANTS CORP,right
FRO,FRONTLINE LTD,right
FRP,FAIRPOINT COMMUNICATIONS,left_offset_2
FRPH,FRP HOLDINGS INC,right
FRPT,FRESHPET INC,right
FRT,FEDERAL REALTY INVT,left_offset_2
FSAM,FIFTH STREET ASSET MGMT,right
FSB,FRANKLIN FINANCIAL NTWK,left_offset_2
FSLR,FIRST SOLAR INC,left_offset_2
FSP,FRANKLIN STREET PPTYS CO,right
FSS,FEDERAL SIGNAL CORP,left_offset_2
FTD,FTD COMPANIES INC,right
FTI,FMC TECHNOLOGIES INC,left_offset_2
FTK,FLOTEK INDUSTRIES INC,left_offset_2
FTNT,FORTINET INC,left_offset_2
FTR,FRONTIER COMMUNICATIONS,right
FUL,HB FULLER COMPANY,left_offset_2
FULT,FULTON FINANCIAL CORP,right
FXCB,FOX CHASE BANCORP,left_offset_2
G,GENPACT LTD,right
GABC,GERMAN AMERICAN BANCORP,left_offset_2
GAIA,GAIAM INC,right
GALE,GALENA BIOPHARMA INC,right
GAS,AGL RESOURCES INC,right
GB,GREATBATCH INC,right
GBCI,GLACIER BANCORP INC,left_offset_2
GBL,GAMCO INVESTORS INC,right
GBLI,GLOBAL INDEMNITY PLC,left_offset_2
GBNK,GUARANTY BANCORP,right
GBT,GLOBAL BLOOD THERA,left_offset_2
GBX,GREENBRIER COMPANIES INC,right
GCAP,GAIN CAPITAL HLDNGS INC,right
GCBC,GREENE COUNTY BANCORP,right
GCI,GANNETT CO INC,right
GCO,GENESCO INC,right
GCP,GCP APPLIED TECHNOLOGIES,right
GD,GENERAL DYNAMICS CORP,right
GDDY,GODADDY INC,left_offset_2
GDEN,GOLDEN ENTERTAINMENT INC,left_offset_2
GDOT,GREEN DOT CORP,right
GE,GENERAL ELECTRIC CO,right
GEF,GREIF INC,right
GEN,GENESIS HEALTHCARE INC,right
GENC,GENCOR INDUSTRIES INC,right
GENERAL,FORWARD AIR CORP,left_offset_2
GEO,GEO GROUP INC,left_offset_2
GEOS,GEOSPACE TECHNOLOGIES,left_offset_2
GERN,GERON CORP,left_offset_2
GES,GUESS INC,right
GFF,GRIFFON CORP,right
GGG,GRACO INC,left_offset_2
GGP,GENERAL GROWTH PPTYS INC,right
GHC,GRAHAM HOLDINGS COMPANY,left_offset_2
GHDX,GENOMIC HEALTH INC,right
GHL,GREENHILL & CO INC,right
GHM,GRAHAM CORP,left_offset_2
GIG,GIGPEAK INC,left_offset_2
GIII,G-III APPAREL GROUP LTD,right
GILD,GILEAD SCIENCES INC,left_offset_2
GIMO,GIGAMON INC,left_offset_2
GIS,GENERAL MILLS INC,right
GK,G&K SERVICES INC,right
GKOS,GLAUKOS CORPORATION,left_offset_2
GLBL,TERRAFORM GLOBAL INC,right
GLDD,GREAT LAKES DREDGE & DOC,right
GLNG,GOLAR LNG LTD BERMUDA,left_offset_2
GLOB,GLOBANT SA,left_offset_2
GLOG,GASLOG LTD,right
GLPI,GAMING AND LEISURE PPTYS,right
GLRE,GREENLIGHT CAPITAL RE LT,right
GLT,GLATFELTER,left_offset_2
GLUU,GLU MOBILE INC,left_offset_2
GLW,CORNING INC,left_offset_2
GLYC,GLYCOMIMETICS INC,left_offset_2
GM,MTRS CO,right
GME,GAMESTOP CORP,right
GMED,GLOBUS MEDICAL INC,left_offset_2
GMS,GMS INC,left_offset_2
GMT,GATX CORP,right
GNBC,GREEN BANCORP INC,right
GNC,GNC HLDGS INC,left_offset_2
GNCMA,GENERAL COMMUNICATION,right
GNE,GENIE ENERGY LTD,right
GNL,GLOBAL NET LEASE INC,left_offset_2
GNMK,GENMARK DIAGNOSTICS INC,right
GNRC,GENERAC HOLDINGS INC,right
GNRT,GENER8 MARITIME INC,right
GNTX,GENTEX CORP,right
GNW,GENWORTH FINANCIAL INC,left_offset_2
GOGO,GOGO INC,left_offset_2
GOOD,GLADSTONE COMMERCIAL,left_offset_2
GOOG,ALPHABET INC CL C,left_offset_2
GOOGL,ALPHABET INC CL A,left_offset_2
GORO,GOLD RESOURCE CORP,left_offset_2
GOV,GOVERNMENT PPTY INCOME,left_offset_2
GPC,GENUINE PARTS CO,left_offset_2
GPI,GROUP 1 AUTOMOTIVE INC,right
GPK,GRAPHIC PACKAGING HLDG,right
GPN,GLOBAL PAYMENTS INC,left_offset_2
GPOR,GULFPORT ENERGY CORP,right
GPRE,GREEN PLAINS INC,right
GPRO,GOPRO INC,left_offset_2
GPS,GAP INC,right
GPT,GRAMERCY PROPERTY TRUST,left_offset_2
GPX,GP STRATEGIES CORP,left_offset_2
GRA,GRACE W R & CO,left_offset_2
GRBK,GREEN BRICK PARTNERS INC,right
GRC,GORMAN RUPP CO,left_offset_2
GRIF,GRIFFIN INDUSTRIAL RLTY,right
GRMN,GARMIN LTD,right
GRPN,GROUPON INC,right
GRUB,GRUBHUB INC,right
GS,GOLDMAN SACHS GROUP INC,left_offset_2
GSAT,GLOBALSTAR INC,left_offset_2
GSBC,GREAT SOUTHERN BANCORP,right
GSM,FERROGLOBE PLC,right
GSOL,GLOBAL SOURCES LTD,left_offset_2
GTLS,CHART INDUSTRIES INC,right
GTN,GRAY TELEVISION INC,right
GTS,TRIPLE-S MANAGEMENT CORP,right
GTT,GTT COMMUNICATIONS INC,right
GTY,GETTY REALTY CORP,left_offset_2
GUID,GUIDANCE SOFTWARE INC,right
GVA,GRANITE CONSTR INC,right
GWB,GREAT WESTERN BANCORP,right
GWR,GENESEE & WYOMING INC,right
GWRE,GUIDEWIRE SOFTWARE INC,right
GWRS,GLOBAL WATER RESOURCES,left_offset_2
GWW,GRAINGER WW INC,left_offset_2
GXP,GREAT PLAINS ENERGY INC,right
H,HYATT HOTELS CORP,left_offset_2
HA,HAWAIIAN HOLDINGS INC,left_offset_2
HABT,HABIT RESTAURANTS,right
HAE,HAEMONETICS CORP,right
HAFC,HANMI FINANCIAL CORP,right
HAIN,HAIN CELESTIAL GROUP,right
HAL,HALLIBURTON CO,right
HALL,HALLMARK FINL SVCS INC,right
HALO,HALOZYME THERAPEUTICS,right
HAMPTON,GOODYEAR TIRE & RUBBER,left_offset_2
HAR,HARMAN INTERNATIONAL IND,right
HAS,HASBRO INC,left_offset_2
HASI,HANNON ARMSTRONG SUSTAIN,right
HAWK,BLACKHAWK NETWORK HLDGS,right
HAYN,HAYNES INTERNATIONAL INC,left_offset_2
HBAN,HUNTINGTON BANCSHARES,right
HBCP,HOME BANCORP INC,right
HBHC,HANCOCK HOLDING CO,right
HBI,HANESBRAND INC,right
HBNC,HORIZON BANCORP IND,right
HCA,HCA HOLDINGS INC,left_offset_2
HCCI,HERITAGE CRYL CLEAN INC,left_offset_2
HCHC,HC2 HLDGS INC,left_offset_2
HCI,HCI GROUP INC,left_offset_2
HCKT,HACKETT GROUP INC,right
HCN,WELLTOWER INC,right
HCOM,HAWAIIAN TELCOM HOLDCO,left_offset_2
HCP,HCP INC,left_offset_2
HCSG,HEALTHCARE SVCS GRP INC,left_offset_2
HD,HOME DEPOT INC,right
HDNG,HARDINGE INC,right
HDP,HORTONWORKS INC,right
HDS,HD SUPPLY HOLDINGS INC,left_offset_2
HE,HAWAIIAN ELECTRIC INDS,left_offset_2
HEES,H&E EQUIPMENT SERVICES,right
HEI,HEICO CORP COMMON,left_offset_2
HEI.A,HEICO CORP CL A,left_offset_2
HELE,HELEN OF TROY LTD,left_offset_2
HEOP,HERITAGE OAKS BANCORP,left_offset_2
HES,HESS CORP,right
HF,HFF INC,right
HFC,HOLLYFRONTIER CORP,right
HFWA,HERITAGE FINANCIAL CORP,left_offset_2
HHC,HUGHES CORP,right
HI,HILLENBRAND INC,right
HIBB,HIBBETT SPORTS INC,right
HIFR,INFRAREIT INC,left_offset_2
HIFS,HINGHAM INSTN SVGS MASS,right
HIG,HARTFORD FINL SVCS GRP,left_offset_2
HII,HUNTINGTON INGALLS IND,right
HIL,HILL INTERNATIONAL INC,right
HIVE,AEROHIVE NETWORKS INC,right
HIW,HIGHWOODS PROPERTIES INC,right
HL,HECLA MINING CO,left_offset_2
HLF,HERBALIFE LTD,left_offset_2
HLI,HOULIHAN LOKEY INC,right
HLIT,HARMONIC INC,left_offset_2
HLS,HEALTHSOUTH CORP,left_offset_2
HLT,HILTON WORLDWIDE HOLDING,right
HLTH,NOBILIS HEALTH CORP,right
HLX,HELIX ENERGY SOLUTIONS,left_offset_2
HMHC,HOUGHTON MIFFLIN HARCOUR,right
HMN,HORACE MANN EDUCATORS,right
HMPR,ROADS BANKSHARES,right
HMST,HOMESTREET INC,right
HMSY,HMS HOLDINGS CORP,right
HNH,HANDY & HARMAN HLDGS LTD,right
HNI,HNI CORPORATION,right
HNNA,HENNESSY ADVISORS INC,left_offset_2
HOFT,HOOKER FURNITURE CORP,right
HOG,HARLEY DAVIDSON INC,right
HOLX,HOLOGIC INC,right
HOMB,HOME BANCSHARES INC,right
HON,HONEYWELL INTERNATIONAL,right
HOS,HORNBECK OFFSHORE SVCS,right
HOT,STARWOOD HOTELS & RESRTS,right
HOV,HOVNANIAN ENTERPRISES,right
HOWARD,HEMISPHERE MEDIA GROUP,left_offset_2
HP,HELMERICH & PAYNE INC,left_offset_2
HPE,HEWLETT PACKARD ENT,right
HPP,HUDSON PAC PPTYS INC,right
HPQ,HP INC,right
HPT,HOSPITALITY PPTYS TRUST,right
HQY,HEALTHEQUITY INC,left_offset_2
HR,HEALTHCARE REALTY TRUST,left_offset_2
HRB,& R INC,right
HRC,HILL-ROM HOLDINGS INC,right
HRG,HRG GROUP INC,right
HRL,HORMEL FOODS CORP,right
HRS,HARRIS CORP,left_offset_2
HRTG,HERITAGE INS HLDGS INC,left_offset_2
HRTX,HERON THERAPEUTICS INC,left_offset_2
HSC,HARSCO CORP,left_offset_2
HSIC,SCHEIN HENRY INC,left_offset_2
HSII,HEIDRICK & STRUGGLES,left_offset_2
HSKA,HESKA CORP,right
HSNI,HSN INC,right
HST,HOST HOTELS & RESORTS,right
HSTM,HEALTHSTREAM INC,left_offset_2
HSY,HERSHEY COMPANY,left_offset_2
HT,HERSHA HOSPITALITY TRUST,left_offset_2
HTA,HEALTHCARE TR AMER INC,left_offset_2
HTBI,HOMETRUST BANCSHARES INC,right
HTBK,HERITAGE COMMERCE CORP,left_offset_2
HTH,HILLTOP HOLDINGS INC,right
HTLD,HEARTLAND EXPRESS INC,left_offset_2
HTLF,HEARTLAND FINANCIAL USA,left_offset_2
HTS,HATTERAS FINL CORP,left_offset_2
HTWR,HEARTWARE INTL INC,left_offset_2
HTZ,HERTZ GLOBAL HOLDINGS,right
HUBB,HUBBELL INC,right
HUBG,HUB GROUP INC,right
HUBS,HUBSPOT INC,right
HUM,HUMANA INC,right
HUN,HUNTSMAN CORP,left_offset_2
HURC,HURCO COMPANIES INC,left_offset_2
HURN,HURON CONSULTING GROUP,left_offset_2
HVT,HAVERTY FURNITURE INC,left_offset_2
HW,HEADWATERS INC,left_offset_2
HWAY,HEALTHWAYS INC,left_offset_2
HWKN,HAWKINS INC,left_offset_2
HXL,HEXCEL CORP,right
HY,HYSTER-YALE MATERIALS,left_offset_2
HYH,HALYARD HEALTH INC,right
HZN,HORIZON GLOBAL CORP,right
HZNP,HORIZON PHARMA PLC,right
HZO,MARINEMAX INC,left_offset_2
I,INTELSAT SA,right
IAC,IAC INTERACTIVECORP,left_offset_2
IART,INTEGRA LIFESCIENCES,right
IBCP,INDEPENDENT BANK CORP,left_offset_2
IBKC,IBERIABANK CORP,left_offset_2
IBKR,INTERACTIVE BROKERS GRP,right
IBM,INTL BUSINESS MACHINES,right
IBOC,INTERNATIONAL BANCSHARES,right
IBP,INSTALLED BLDNG PRODUCTS,right
IBTX,INDEPENDENT BK GROUP INC,left_offset_2
ICBK,COUNTY BANCORP INC,left_offset_2
ICE,INTERCONTINENTAL EXCH,right
ICFI,ICF INTERNATIONAL INC,left_offset_2
ICON,ICONIX BRAND GROUP INC,left_offset_2
ICPT,INTERCEPT PHARMA INC,right
ICUI,ICU MEDICAL INC,left_offset_2
IDA,IDACORP INC,left_offset_2
IDCC,INTERDIGITAL INC,right
IDI,IDI INC,left_offset_2
IDRA,IDERA PHARMACEUTICALS,left_offset_2
IDT,IDT CORP,left_offset_2
IDTI,INTEGRATED DEVICE TECH,right
IDXX,IDEXX LABS INC,left_offset_2
IESC,IES HOLDINGS INC,left_offset_2
IEX,IDEX CORP,left_offset_2
IFF,INTL FLAVORS & FRAGRANCE,right
IGT,INTERNATIONAL GAME TECH,right
IHC,INDEPENDENCE HOLDING CO,left_offset_2
IHS,IHS INC,left_offset_2
III,INFORMATION SERVICES GRP,left_offset_2
IIIN,INSTEEL INDUSTRIES INC,right
IILG,INTERVAL LEISURE GRP INC,right
IIVI,II VI INC,left_offset_2
IL,INTRALINKS HLDGS INC,right
ILMN,ILLUMINA INC,left_offset_2
IM,INGRAM MICRO INC,right
IMAX,IMAX CORP,left_offset_2
IMDZ,IMMUNE DESIGN CORP,left_offset_2
IMGN,IMMUNOGEN INC,left_offset_2
IMH,IMPAC MTG HLDGS INC,left_offset_2
IMKTA,INGLES MARKETS INC,right
IMMR,IMMERSION CORP,left_offset_2
IMMU,IMMUNOMEDICS INC,left_offset_2
IMPR,IMPRIVATA INC,left_offset_2
IMPV,IMPERVA INC,left_offset_2
IMS,IMS HEALTH HLDGS INC,left_offset_2
INBK,FIRST INTERNET BANCORP,right
INCR,INC RESEARCH HOLDINGS,left_offset_2
INCY,INCYTE CORP,left_offset_2
INDB,INDEPENDENT BANK MA,left_offset_2
INFI,INFINITY PHARMACEUTICALS,left_offset_2
INFN,INFINERA CORP,left_offset_2
INGN,INOGEN INC,right
INGR,INGREDION INC,right
ININ,INTERACTIVE INTELLIGENCE,right
INN,SUMMIT HOTEL PPTYS,left_offset_2
INO,INOVIO PHARMACEUTICALS,right
INOV,INOVALON HOLDINGS INC,right
INSM,INSMED INC,right
INST,INSTRUCTURE INC,right
INSY,INSYS THERAPEUTICS INC,right
INT,WORLD FUEL SVCS CORP,left_offset_2
INTC,INTEL CORP,right
INTERPU,IND CONTRACT DRILLING,left_offset_2
INTL,INTL FCSTONE INC,right
INTU,INTUIT,right
INVA,INNOVIVA INC,right
INVN,INVENSENSE INC,left_offset_2
INWK,INNERWORKINGS INC,right
IONS,IONIS PHARMACEUTICALS,left_offset_2
IOSP,INNOSPEC INC,right
IP,INTERNATIONAL PAPER CO,right
IPAR,INTER PARFUMS INC,right
IPCC,INFINITY PPTY & CAS CORP,left_offset_2
IPG,BLIC GROUP OF COS,right
IPGP,IPG PHOTONICS CORP,left_offset_2
IPHI,INPHI CORP,right
IPHS,INNOPHOS HOLDINGS INC,right
IPXL,IMPAX LABORATORIES INC,left_offset_2
IQNT,INTELIQUENT INC,right
IR,INGERSOLL-RAND PLC,left_offset_2
IRBT,IROBOT CORP,left_offset_2
IRDM,IRIDIUM COMMUNICATIONS,left_offset_2
IRET,INVESTORS REAL ESTATE TR,left_offset_2
IRIX,IRIDEX CORP,left_offset_2
IRM,IRON MOUNTAIN INC,left_offset_2
IRMD,IRADIMED CORPORATION,left_offset_2
IRT,INDEPENDENCE RLTY TRUST,left_offset_2
IRWD,IRONWOOD PHARMACEUTICALS,left_offset_2
ISBC,INVESTORS BANCORP INC,left_offset_2
ISCA,INTERNATIONAL SPEEDWAY,right
ISIL,INTERSIL CORP,right
ISLE,ISLE OF CAPRI CASINOS,left_offset_2
ISRG,INTUITIVE SURGICAL INC,left_offset_2
ISRL,ISRAMCO INC,left_offset_2
IT,GARTNER INC,right
ITC,ITC HOLDINGS CORP,left_offset_2
ITCI,INTRA CELLULAR THERAPIES,right
ITEK,INOTEK PHARMACEUTICALS,right
ITG,INVESTMENT TECHNOLOGY,left_offset_2
ITIC,INVESTORS TITLE CO,left_offset_2
ITRI,ITRON INC,left_offset_2
ITT,ITT INC,left_offset_2
ITW,ILLINOIS TOOL WORKS INC,left_offset_2
IVC,INVACARE CORP,left_offset_2
IVR,INVESCO MORTGAGE CAP,left_offset_2
IVZ,INVESCO LTD,left_offset_2
IXYS,IXYS CORP,left_offset_2
JACK,JACK IN THE BOX INC,left_offset_2
JAX,J ALEXANDERS HOLDINGS,left_offset_2
JBHT,JB HUNT TRANS SVCS INC,left_offset_2
JBL,JABIL CIRCUIT INC,left_offset_2
JBLU,JETBLUE AIRWAYS CORP,left_offset_2
JBSS,SANFILIPPO JOHN B & SON,left_offset_2
JBT,JOHN BEAN TECH CORP,left_offset_2
JCI,JOHNSON CONTROLS INC,left_offset_2
JCOM,J2 GLOBAL INC,left_offset_2
JCP,PENNEY J C INC,left_offset_2
JEC,JACOBS ENGINEERING GRP,left_offset_2
JIVE,JIVE SOFTWARE INC,left_offset_2
JJSF,J & J SNACK FOODS CO,left_offset_2
JKHY,HENRY JACK & ASSOCIATES,left_offset_2
JLL,JONES LANG LASALLE INC,left_offset_2
JMBA,JAMBA INC,left_offset_2
JNJ,JOHNSON & JOHNSON,left_offset_2
JNPR,JUNIPER NETWORKS INC,right
JNS,JANUS CAPITAL GROUP INC,left_offset_2
JOE,ST JOE CO,right
JONE,JONES ENERGY INC,left_offset_2
JOUT,JOHNSON OUTDOORS INC,left_offset_2
JOY,JOY GLOBAL INC,left_offset_2
JPM,JPMORGAN CHASE & CO,left_offset_2
JRVR,JAMES RIVER GROUP HLDG,left_offset_2
JUNO,JUNO THERAPEUTICS INC,right
JW.A,WILEY JOHN & SONS INC,left_offset_2
JWN,NORDSTROM INC,right
K,KELLOGG CO,right
KAI,KADANT INC,right
KALU,KAISER ALUMINUM CORP,right
KAMN,KAMAN CORP,right
KAR,KAR AUCTION SERVICES INC,right
KATE,KATE SPADE & CO,right
KBAL,KIMBALL INTERNATIONAL,right
KBH,KB HOME,right
KBR,KBR INC,right
KCG,KCG HOLDINGS INC,right
KE,KIMBALL ELECTRONICS INC,right
KELYA,KELLY SERVICES INC,right
KERX,KERYX BIOPHARMACEUTICALS,right
KEX,KIRBY CORP,right
KEY,KEYCORP,right
KEYS,KEYSIGHT TECHNOLOGIES,right
KEYW,KEYW HOLDING CORP,right
KFRC,KFORCE INC,right
KFY,KORN FERRY INTERNATIONAL,right
KHC,THE KRAFT HEINZ COMPANY,left_offset_2
KIM,KIMCO REALTY CORP,right
KIRK,KIRKLANDS INC,right
KITE,KITE PHARMA INC,right
KKD,KRISPY KREME DOUGHNUTS,left_offset_2
KLAC,KLA-TENCOR CORP,right
KLXI,KLX INC,right
KMB,KIMBERLY CLARK CORP,right
KMG,KMG CHEMICALS INC,right
KMI,KINDER MORGAN INC,right
KMPR,KEMPER CORPORATION,right
KMT,KENNAMETAL INC,right
KMX,CARMAX INC,left_offset_2
KN,KNOWLES CORPORATION,right
KND,KINDRED HEALTHCARE INC,right
KNL,KNOLL INC,right
KNX,KNIGHT TRANSPORTATION,right
KO,COCA COLA CO,right
KODK,EASTMAN KODAK CO,right
KONA,KONA GRILL INC,right
KOP,KOPPERS HOLDINGS INC,right
KOPN,KOPIN CORP,right
KORS,MICHAEL KORS HLDGS LTD,left_offset_2
KOS,KOSMOS ENERGY LTD,right
KPTI,KARYOPHARM THERAPEUTICS,right
KR,KROGER CO,left_offset_2
KRA,KRATON PERF POLYMERS,left_offset_2
KRC,KILROY REALTY CORP,right
KRG,ALTY GROUP TRUST,right
KRNY,KEARNY FINANCIAL CORP,right
KRO,KRONOS WORLDWIDE INC,left_offset_2
KS,KAPSTONE PAPER AND PACK,right
KSS,KOHLS CORP,right
KSU,KANSAS CITY SOUTHERN,right
KTOS,KRATOS DEFENSE & SEC SOL,left_offset_2
KTWO,K2M GROUP HLDGS INC,right
KVHI,KVH INDUSTRIES INC,left_offset_2
KW,KENNEDY-WILSON HLDGS INC,right
KWR,QUAKER CHEMICAL CORP,right
L,LOEWS CORP,right
LABL,OLOR CORP,right
LAD,LITHIA MOTORS INC,right
LADR,LADDER CAPITAL CORP,left_offset_2
LAMR,LAMAR ADVERTISING CO,left_offset_2
LANC,LANCASTER COLONY CORP,left_offset_2
LAWS,LAWSON PRODUCTS INC,left_offset_2
LAYN,LAYNE CHRISTENSEN CO,left_offset_2
LAZ,LAZARD LTD,left_offset_2
LB,L BRANDS INC,left_offset_2
LBAI,LAKELAND BANCORP INC,left_offset_2
LBIO,LION BIOTECHNOLOGIES INC,right
LBRDA,LIBERTY BROADBAND CL A,right
LBRDK,LIBERTY BROADBAND CL C,right
LBY,LIBBEY INC,right
LC,LENDINGCLUB CORPORATION,left_offset_2
LCI,LANNETT CO INC,left_offset_2
LCNB,LCNB CORP,left_offset_2
LCUT,LIFETIME BRANDS INC,right
LDL,LYDALL INC,left_offset_2
LDOS,LEIDOS HOLDINGS INC,left_offset_2
LDR,LANDAUER INC,left_offset_2
LE,LANDS END INC,left_offset_2
LEA,LEAR CORP,left_offset_2
LECO,LINCOLN ELECTRIC HLDGS,right
LEG,LEGGETT & PLATT INC,left_offset_2
LEN,LENNAR CORP CL A,left_offset_2
LEN.B,LENNAR CORP CL B,left_offset_2
LFUS,LITTELFUSE INC,right
LFVN,LIFEVANTAGE CORP,right
LGF,LIONS GATE ENTMNT CORP,right
LGIH,LGI HOMES INC,right
LGND,LIGAND PHARMACEUTICALS,right
LH,LABORATORY CORP OF AMER,left_offset_2
LHCG,LHC GROUP INC,right
LHO,LASALLE HOTEL PROPERTIES,left_offset_2
LII,LENNOX INTERNATIONAL INC,left_offset_2
LIND,LINDBLAD EXPEDITIONS INC,right
LION,FIDELITY SOUTHERN CORP,right
LIOX,LIONBRIDGE TECHNOLOGIES,right
LIPOCIN,LDR HOLDING CORPORATION,left_offset_2
LITE,LUMENTUM HOLDINGS INC,left_offset_2
LJPC,LA JOLLA PHARMACEUTICAL,left_offset_2
LKFN,LAKELAND FINANCIAL CORP,left_offset_2
LKQ,LKQ CORP,right
LL,LUMBER LIQUIDATORS HLDGS,left_offset_2
LLL,L-3 COMMUNICATIONS HLDGS,left_offset_2
LLNW,LIMELIGHT NETWORKS INC,right
LLTC,LINEAR TECHNOLOGY CO,right
LLY,LILLY ELI & CO,right
LM,LEGG MASON INC,left_offset_2
LMAT,LEMAITRE VASCULAR INC,left_offset_2
LMCA,LIBERTY MEDIA CORP CL A,right
LMCK,LIBERTY MEDIA CORP CL C,right
LMNR,LIMONEIRA CO,right
LMNX,LUMINEX CORP,left_offset_2
LMOS,LUMOS NETWORKS CORP,left_offset_2
LMT,LOCKHEED MARTIN CORP,right
LNC,LINCOLN NATIONAL CORP,right
LNCE,SNYDER'S-LANCE INC,left_offset_2
LNDC,LANDEC CORP,left_offset_2
LNG,CHENIERE ENERGY INC,right
LNKD,LINKEDIN CORP,right
LNN,LINDSAY CORP,right
LNT,ALLIANT ENERGY CORP,left_offset_2
LOB,LIVE OAK BANCSHARES INC,right
LOCK,LIFELOCK INC,right
LOCO,EL POLLO LOCO HLDGS INC,left_offset_2
LOGM,LOGMEIN INC,right
LOPE,GRAND CANYON EDUCATION,left_offset_2
LORL,LORAL SPACE & COMM,right
LOW,LOWES COS INC,right
LOXO,LOXO ONCOLOGY INC,left_offset_2
LPCN,E INC,right
LPG,DORIAN LPG LTD,right
LPI,LAREDO PETROLEUM INC,left_offset_2
LPLA,LPL FINANCIAL HOLDINGS,left_offset_2
LPNT,LIFEPOINT HEALTH INC,right
LPSN,LIVEPERSON INC,right
LPT,LIBERTY PROPERTY TRUST,right
LPX,LOUISIANA PACIFIC CORP,right
LQ,LA QUINTA HLDGS INC,left_offset_2
LQDT,LIQUIDITY SERVICES INC,right
LRCX,LAM RESEARCH CORP,left_offset_2
LRN,K12 INC,right
LSBG,LAKE SUNAPEE BANK GROUP,left_offset_2
LSCC,LATTICE SEMICONDUCTOR,left_offset_2
LSE,"se,without prior written permission of the applicable member of the LSE Group. Use and distribution of the",right
LSTR,LANDSTAR SYSTEMS INC,left_offset_2
LSXMA,LIBERTY SIRIUSXM SER A,right
LSXMK,LIBERTY SIRIUSXM SER C,right
LTC,LTC PROPERTIES INC,left_offset_2
LTRPA,LIBERTY TRIPADVISOR HLDG,right
LTS,LADENBURG THALMAN FIN,left_offset_2
LTXB,LEGACYTEXAS FIN GROUP,left_offset_2
LUB,LUBYS INC,left_offset_2
LUK,LEUCADIA NATIONAL CORP,left_offset_2
LULU,LULULEMON ATHLETICA INC,left_offset_2
LUV,SOUTHWEST AIRLINES CO,left_offset_2
LVLT,LEVEL 3 COMMUNICATIONS,left_offset_2
LVNTA,LIBERTY VENTURES,right
LVS,LAS VEGAS SANDS CORP,left_offset_2
LWAY,LIFEWAY FOODS INC,right
LXK,LEXMARK INTERNATIONAL,right
LXP,LEXINGTON REALTY TRUST,left_offset_2
LXRX,LEXICON PHARMACEUTICALS,left_offset_2
LXU,LSB INDUSTRIES INC,left_offset_2
LYB,LYONDELLBASELL INDS,left_offset_2
LYTS,LSI INDUSTRIES INC,left_offset_2
LYV,LIVE NATION ENT INC,right
LZB,LA Z BOY INC,left_offset_2
M,MACYS INC,left_offset_2
MA,MASTERCARD INC,right
MAA,MID-AMER APT CMNTYS,left_offset_2
MAC,MACERICH CO,left_offset_2
MACK,MERRIMACK PHARMACEUTICAL,left_offset_2
MAN,MANPOWERGROUP,left_offset_2
MANH,MANHATTAN ASSOCS INC,left_offset_2
MANT,MANTECH INTERNATIONAL,left_offset_2
MAR,MARRIOTT INTL INC,left_offset_2
MAS,MASCO CORP,right
MASI,MASIMO CORPORATION,right
MAT,MATTEL INC,right
MATW,MATTHEWS INTERNATIONAL,right
MATX,MATSON INC,right
MB,MINDBODY INC,left_offset_2
MBFI,MB FINANCIAL INC,right
MBI,MBIA INC,right
MBTF,MBT FINL CORP,right
MBUU,MALIBU BOATS INC,left_offset_2
MBVT,MERCHANTS BANCSHARES,left_offset_2
MBWM,MERCANTILE BANK CORP,left_offset_2
MC,MOELIS & CO,right
MCBC,MACATAWA BANK CORP,left_offset_2
MCD,MCDONALDS CORP,right
MCF,CONTANGO OIL & GAS CO,left_offset_2
MCFT,MCBC HOLDINGS INC,right
MCHP,MICROCHIP TECHNOLOGY,left_offset_2
MCHX,MARCHEX INC,left_offset_2
MCK,MCKESSON CORP,right
MCO,MOODYS CORP,right
MCRB,SERES THERAPEUTICS INC,right
MCRI,MONARCH CASINO & RESORT,right
MCRN,MILACRON HOLDINGS CORP,left_offset_2
MCS,MARCUS CORP,left_offset_2
MCY,MERCURY GENERAL CORP,left_offset_2
MD,MEDNAX INC,right
MDC,MDC HOLDINGS INC,right
MDCA,MDC CORP,right
MDCO,MEDICINES CO,right
MDGN,MEDGENICS INC,right
MDLY,MEDLEY MANAGEMENT INC,right
MDLZ,MONDELEZ INTERNATIONAL,right
MDP,MEREDITH CORP,left_offset_2
MDR,MCDERMOTT INTL INC,right
MDRX,ALLSCRIPTS HEALTHCARE,left_offset_2
MDSO,MEDIDATA SOLUTIONS INC,right
MDT,MEDTRONIC PLC,right
MDU,MDU RESOURCES GROUP INC,right
MDVN,MEDIVATION INC,right
MDXG,MIMEDX GROUP INC,left_offset_2
MED,MEDIFAST INC,right
MEET,MEETME INC,right
MEG,MEDIA GENERAL INC,right
MEI,METHODE ELECTRS INC,left_offset_2
MENT,MENTOR GRAPHICS CORP,right
MESG,XURA INC,left_offset_2
MET,METLIFE INC,left_offset_2
MFA,MFA FINANCIAL INC,left_offset_2
MFLX,MULTI-FINELINE ELECTRON,right
MFRM,MATTRESS FIRM HLDG CORP,right
MFSF,MUTUALFIRST FINL INC,right
MG,MISTRAS GROUP INC,left_offset_2
MGEE,MGE ENERGY INC,left_offset_2
MGI,MONEYGRAM INTERNATIONAL,right
MGLN,MAGELLAN HEALTH INC,left_offset_2
MGM,MGM RESORTS INTL,left_offset_2
MGNX,MACROGENICS INC,left_offset_2
MGPI,MGP INGREDIENTS INC,left_offset_2
MGRC,MCGRATH RENTCORP,right
MHK,MOHAWK INDUSTRIES INC,right
MHLD,MAIDEN HOLDINGS LTD,left_offset_2
MHO,M/I HOMES INC,left_offset_2
MIC,MACQUARIE INFRASTRUCTURE,left_offset_2
MIDD,MIDDLEBY CORP,left_offset_2
MIK,MICHAELS COS INC/THE,left_offset_2
MINI,MOBILE MINI INC,left_offset_2
MITK,MITEK SYS INC,left_offset_2
MITT,AG MORTGAGE INVT TR INC,right
MJCO,MAJESCO,left_offset_2
MJN,HNSON NUTRITION,right
MKC,MCCORMICK & CO INC,right
MKL,MARKEL CORP,left_offset_2
MKSI,MKS INSTRUMENTS INC,left_offset_2
MKTO,MARKETO INC,left_offset_2
MKTX,MARKETAXESS HOLDINGS INC,left_offset_2
MLAB,MESA LABS INC,left_offset_2
MLHR,HERMAN MILLER INC,left_offset_2
MLI,MUELLER INDUSTRIES INC,right
MLM,MARTIN MARIETTA MTLS,right
MLR,MILLER INDUSTRIES INC,left_offset_2
MMC,MARSH & MCLENNAN COS,right
MMI,MARCUS & MILLICHAP,left_offset_2
MMM,3M CO,left_offset_2
MMS,MAXIMUS INC,right
MMSI,MERIT MED SYSTEMS INC,left_offset_2
MN,MANNING & NAPIER INC,left_offset_2
MNK,MALLINCKRODT PLC,left_offset_2
MNKD,MANNKIND CORP,left_offset_2
MNOV,MEDICINOVA INC,right
MNR,MONMOUTH REAL ESTATE,right
MNRO,MONRO MUFFLER BRAKE INC,right
MNST,MONSTER BEVERAGE CORP,right
MNTA,MOMENTA PHARMACEUTICALS,right
MO,ALTRIA GROUP INC,left_offset_2
MOBL,MOBILEIRON INC,left_offset_2
MOD,MODINE MANUFACTURING CO,right
MODN,MODEL N INC,left_offset_2
MOFG,MIDWESTONE FINL GROUP,left_offset_2
MOG.A,MOOG INC,right
MOH,MOLINA HEALTHCARE INC,right
MON,MONSANTO CO,right
MORE,MONOGRAM RESIDENTIAL TR,right
MORN,MORNINGSTAR INC,right
MOS,MOSAIC COMPANY,right
MOV,MOVADO GROUP INC,right
MPAA,MOTORCAR PTS AMERICA INC,right
MPC,MARATHON PETROLEUM CORP,left_offset_2
MPG,METALDYNE PERFORM GROUP,left_offset_2
MPSX,MULTI PACKAGING SOLUTION,right
MPW,MEDICAL PROPERTIES TRUST,right
MPWR,MONOLITHIC POWER SYSTEMS,right
MPX,MARINE PRODUCTS CORP,left_offset_2
MRC,MRC GLOBAL INC,right
MRCY,MERCURY SYSTEMS INC,left_offset_2
MRD,MEMORIAL RESOURCE DEV,right
MRK,MERCK & CO INC,left_offset_2
MRLN,MARLIN BUSINESS SVCS,left_offset_2
MRO,MARATHON OIL CORP,left_offset_2
MRTN,MARTEN TRANS LTD,right
MRTX,MIRATI THERAPEUTICS INC,left_offset_2
MRVL,MARVELL TECHNOLOGY GROUP,right
MS,MORGAN STANLEY,right
MSA,MSA SAFETY INC,right
MSBI,MIDLAND STATES BANCORP,left_offset_2
MSCC,MICROSEMI CORP,left_offset_2
MSCI,MSCI INC,right
MSEX,MIDDLESEX WATER CO,left_offset_2
MSFG,MAINSOURCE FINANCIAL GRP,left_offset_2
MSFT,MICROSOFT CORP,left_offset_2
MSG,MADISON SQUARE GARDEN CO,left_offset_2
MSGN,MSG NETWORKS INC,right
MSI,MOTOROLA SOLUTIONS INC,right
MSM,MSC INDL DIRECT INC,right
MSTR,MICROSTRATEGY INC,left_offset_2
MTB,M & T BANK CORP,left_offset_2
MTCH,MATCH GROUP INC,right
MTD,METTLER TOLEDO INTL INC,left_offset_2
MTDR,MATADOR RES CO,right
MTG,MGIC INVESTMENT CORP,left_offset_2
MTGE,AMERICAN CAP MTG INVT,right
MTH,MERITAGE HOMES CORP,left_offset_2
MTN,VAIL RESORTS INC,right
MTOR,MERITOR INC,left_offset_2
MTRN,MATERION CORPORATION,right
MTRX,MATRIX SERVICE CO,right
MTSC,MTS SYSTEMS CORP,right
MTSI,MACOM TECH SOLUTIONS,left_offset_2
MTW,MANITOWOC CO INC,left_offset_2
MTX,MINERALS TECHNOLOGIES,left_offset_2
MTZ,MASTEC INC,right
MU,MICRON TECHNOLOGY INC,left_offset_2
MUR,MURPHY OIL CORP,right
MUSA,MURPHY USA INC,right
MWA,MUELLER WTR PRODS INC,right
MWW,MONSTER WORLDWIDE INC,right
MXIM,MAXIM INTEGRATED PRODS,right
MXL,MAXLINEAR INC,right
MXWL,MAXWELL TECHNOLOGIES INC,right
MYCC,CLUBCORP HOLDINGS,left_offset_2
MYE,MYERS INDUSTRIES INC,right
MYGN,MYRIAD GENETICS INC,right
MYL,MYLAN NV,right
MYOK,MYOKARDIA INC,right
MYRG,MYR GROUP INC,right
N,NETSUITE INC,left_offset_2
NAME,RIGHTSIDE GROUP LTD,right
NANO,NANOMETRICS INC,right
NAT,NORDIC AMERICAN TANKER,right
NATH,NATHANS FAMOUS INC,left_offset_2
NATI,NATIONAL INSTRS CORP,left_offset_2
NATL,NATIONAL INTERSTATE CORP,left_offset_2
NATR,NATURES SUNSHINE PRODS,left_offset_2
NAV,NAVISTAR INTL CORP,left_offset_2
NAVG,NAVIGATORS GROUP INC,left_offset_2
NAVI,NAVIENT CORPORATION,left_offset_2
NBHC,NATIONAL BANK HOLDINGS,left_offset_2
NBIX,NEUROCRINE BIOSCIENCES,right
NBL,NOBLE ENERGY INC,right
NBR,NABORS INDUSTRIES LTD,right
NBTB,NBT BANCORP INC,left_offset_2
NC,NACCO INDUSTRIES INC,right
NCBS,NICOLET BANKSHARES INC,right
NCI,NAVIGANT CONSULTING INC,left_offset_2
NCIT,NCI INC,left_offset_2
NCLH,NORWEGIAN CRUISE LINE,left_offset_2
NCMI,NATIONAL CINEMEDIA INC,left_offset_2
NCOM,NATIONAL COMM CORP,left_offset_2
NCR,NCR CORP,left_offset_2
NCS,NCI BUILDING SYSTEMS INC,left_offset_2
NDAQ,NASDAQ INC,left_offset_2
NDLS,NOODLES & COMPANY,right
NDSN,NORDSON CORP,right
NE,NOBLE CORPORATION PLC,right
NEE,NEXTERA ENERGY INC,right
NEFF,NEFF CORP,left_offset_2
NEM,NEWMONT MINING CORP,right
NEO,NEOGENOMICS INC,left_offset_2
NEOG,NEOGEN CORP,left_offset_2
NEOS,NEOS THERAPEUTICS INC,left_offset_2
NERV,MINERVA NEUROSCIENCES,left_offset_2
NEU,NEWMARKET CORPORATION,right
NEWM,NEW MEDIA INVT GROUP INC,right
NEWR,NEW RELIC INC,right
NEWS,NEWSTAR FINANCIAL INC,right
NFBK,NORTHFIELD BANCORP INC,right
NFG,NATIONAL FUEL GAS CO,left_offset_2
NFLX,NETFLIX INC,left_offset_2
NFX,NEWFIELD EXPLORATION CO,right
NGHC,NATIONAL GEN HLDGS CORP,left_offset_2
NGS,NATURAL GAS SERVICES GRP,left_offset_2
NGVC,NATURAL GROCERS VITA CTG,left_offset_2
NGVT,INGEVITY CORPORATION,left_offset_2
NHC,NATIONAL HEALTHCARE CORP,left_offset_2
NHI,NATIONAL HEALTH INVS INC,left_offset_2
NHTC,NATURAL HEALTH TRENDS CO,left_offset_2
NI,NISOURCE INC,right
NIHD,NII HOLDINGS INC,right
NILE,BLUE NILE INC,left_offset_2
NJR,NEW JERSEY RESOURCES,right
NK,NANTKWEST INC,right
NKE,NIKE INC,right
NKSH,NATIONAL BANKSHARES INC,left_offset_2
NKTR,NEKTAR THERAPEUTICS,left_offset_2
NL,STRIES INC,right
NLNK,NEWLINK GENETICS CORP,right
NLS,NAUTILUS INC,left_offset_2
NLSN,NIELSEN HOLDINGS PLC,right
NLY,ANNALY CAPITAL MGMT INC,left_offset_2
NMBL,NIMBLE STORAGE INC,right
NMIH,NMI HLDGS INC,right
NMRX,NUMEREX CORP,left_offset_2
NNBR,NN INC,right
NNI,NELNET INC,left_offset_2
NNN,NATIONAL RETAIL PPTYS,left_offset_2
NOC,NORTHROP GRUMMAN CORP,right
NOG,NORTHERN OIL & GAS INC,right
NOV,NATIONAL OILWELL VARCO,left_offset_2
NOVT,NOVANTA INC,left_offset_2
NOW,SERVICENOW INC,right
NP,NEENAH PAPER INC,left_offset_2
NPK,NATIONAL PRESTO INDS INC,left_offset_2
NPO,ENPRO INDUSTRIES INC,right
NPTN,NEOPHOTONICS CORP,left_offset_2
NR,NEWPARK RESOURCES INC,right
NRCIA,NATIONAL RESEARCH CORP,left_offset_2
NRE,NORTHSTAR REALTY EUROPE,left_offset_2
NRF,NORTHSTAR REALTY FINANCE,left_offset_2
NRG,NRG ENERGY INC,left_offset_2
NRIM,NORTHRIM BANCORP INC,right
NRZ,NEW RESIDENTIAL INVT,right
NSA,NATIONAL STORAGE AFFIL,left_offset_2
NSAM,NORTHSTAR ASSET MGMT GRP,left_offset_2
NSC,NORFOLK SOUTHERN CORP,right
NSIT,INSIGHT ENTERPRISES INC,right
NSM,NATIONSTAR MTG HLDGS INC,left_offset_2
NSP,INSPERITY INC,right
NSR,NEUSTAR INC,right
NSTG,NANOSTRING TECH INC,right
NTAP,NETAPP INC,left_offset_2
NTCT,NETSCOUT SYSTEMS INC,left_offset_2
NTGR,NETGEAR INC,left_offset_2
NTK,NORTEK INC,right
NTLA,INTELLA THERAPEUTICS INC,right
NTRA,NATERA INC,left_offset_2
NTRI,NUTRI SYSTEM INC,left_offset_2
NTRS,NORTHERN TRUST CORP,right
NUAN,NUANCE COMMUNICATIONS,left_offset_2
NUE,NUCOR CORP,left_offset_2
NUS,NU SKIN ENTERPRISES,left_offset_2
NUTR,NUTRACEUTICAL INTL CORP,left_offset_2
NUVA,NUVASIVE INC,left_offset_2
NVAX,NOVAVAX INC,left_offset_2
NVCR,NOVOCURE LTD,left_offset_2
NVDA,NVIDIA CORP,left_offset_2
NVEC,NVE CORP,left_offset_2
NVEE,NV5 GLOBAL INC,left_offset_2
NVIV,INVIVO THERAPEUTICS HLDG,left_offset_2
NVR,NVR INC,left_offset_2
NVRO,NEVRO CORP,right
NVTA,INVITAE CORPORATION,left_offset_2
NWBI,NORTHWEST BANCSHARES INC,left_offset_2
NWE,NORTHWESTERN CORP,left_offset_2
NWHM,NEW HOME COMPANY INC,right
NWL,NEWELL BRANDS INC,right
NWLI,NATIONAL WESTERN LIFE,left_offset_2
NWN,NORTHWEST NATURAL GAS CO,left_offset_2
NWS,NEWS CORP CL B,right
NWSA,NEWS CORP CL A,right
NX,QUANEX BUILDING PRODUCTS,right
NXRT,NEXPOINT RESIDENTIAL TR,right
NXST,NEXSTAR BROADCASTING GRP,right
NXTM,NXSTAGE MEDICAL INC,left_offset_2
NYCB,NEW YORK CMNTY BANCORP,right
NYLD,NRG YIELD INC CL C,left_offset_2
NYLD.A,NRG YIELD INC CL A,left_offset_2
NYMT,NEW YORK MTG TR INC,right
NYNY,EMPIRE RESORTS INC,left_offset_2
NYRT,NEW YORK REIT INC,right
NYT,NEW YORK TIMES CO,right
O,REALTY INCOME CORP,left_offset_2
OA,ORBITAL ATK INC,right
OAS,OASIS PETE INC,left_offset_2
OB,ONEBEACON INSURANCE GRP,right
OC,OWENS CORNING,right
OCFC,OCEANFIRST FINANCIAL,left_offset_2
OCLR,OCLARO INC,left_offset_2
OCN,OCWEN FINANCIAL CORP,left_offset_2
OCUL,OCULAR THERAPEUTIX INC,left_offset_2
ODC,OIL DRI CORP OF AMERICA,left_offset_2
ODFL,OLD DOMINION FREIGHT,left_offset_2
ODP,OFFICE DEPOT INC,left_offset_2
OFC,CORPORATE OFFICE PPTYS,left_offset_2
OFG,OFG BANCORP,left_offset_2
OFIX,ORTHOFIX INTL NV,right
OFLX,OMEGA FLEX INC,left_offset_2
OGE,OGE ENERGY CORP,left_offset_2
OGS,ONE GAS INC,right
OHI,OMEGA HEALTHCARE INVS,right
OI,OWENS ILLINOIS INC,right
OIS,OIL STATES INTERNATIONAL,left_offset_2
OKE,ONEOK INC,right
OKSB,SOUTHWEST BANCORP INC OK,left_offset_2
OLBK,OLD LINE BANCSHARES INC,left_offset_2
OLED,UNIVERSAL DISPLAY CORP,left_offset_2
OLLI,OLLIES BARGAIN OUTLET,left_offset_2
OLN,OLIN CORP,left_offset_2
OLP,ONE LIBERTY PROPERTIES,right
OMAM,OM ASSET MANAGEMENT,left_offset_2
OMC,OMNICOM GROUP INC,right
OMCL,OMNICELL INC,right
OME,OMEGA PROTEIN CORP,right
OMED,ONCOMED PHARMACEUTICALS,right
OMER,OMEROS CORP,right
OMF,ONEMAIN HOLDINGS INC,right
OMI,OWENS & MINOR INC,right
OMN,OMNOVA SOLUTIONS INC,right
ON,ON SEMICONDUCTOR CORP,right
ONB,OLD NATIONAL BANCORP,left_offset_2
ONCE,SPARK THERAPEUTICS INC,left_offset_2
ONDK,ON DECK CAPITAL INC,right
ONE,HIGHER ONE HLDGS INC,right
ONVO,ORGANOVO HLDGS INC,right
OPB,OPUS BK IRVINE CALIF,right
OPHT,OPHTHOTECH CORP,right
OPK,OPKO HEALTH INC,right
OPY,OPPENHEIMER HOLDINGS INC,right
ORA,ORMAT TECHNOLOGIES INC,right
ORBC,ORBCOMM INC,right
ORC,ORCHID ISLAND CAPITAL,right
ORCL,ORACLE CORP,right
ORI,OLD REPUBLIC INTL CORP,left_offset_2
ORIT,ORITANI FINANCIAL CORP,right
ORLY,O REILLY AUTOMOTIVE INC,left_offset_2
ORM,OWENS RLTY MTG INC,right
ORN,ORION GROUP HOLDINGS,right
ORRF,ORRSTOWN FINL SVCS INC,right
OSBC,OLD SECOND BANCORP INC,left_offset_2
OSG,OVERSEAS SHIPHOLDING INC,right
OSHKOSH,OCEANEERING INTL INC,left_offset_2
OSIR,OSIRIS THERAPEUTICS,right
OSIS,OSI SYSTEMS INC,right
OSK,CORP,right
OSTK,OVERSTOCK COM INC,right
OSUR,ORASURE TECHNOLOGIES INC,right
OTIC,OTONOMY INC,right
OTTR,OTTER TAIL CORP,right
OUT,OUTFRONT MEDIA INC,right
OUTR,OUTERWALL INC,right
OVAS,OVASCIENCE INC,right
OXFD,OXFORD IMMUNOTEC GLOBAL,right
OXM,OXFORD INDUSTRIES INC,right
OXY,OCCIDENTAL PETE CORP,left_offset_2
OZRK,BANK OF THE OZARKS INC,left_offset_2
P,PANDORA MEDIA INC,left_offset_2
PACB,PACIFIC BIOSCIENCES CA,left_offset_2
PACW,PACWEST BANCORP,left_offset_2
PAG,PENSKE AUTOMOTIVE GROUP,right
PAH,PLATFORM SPECIALTY PRODS,right
PAHC,PHIBRO ANIMAL HEALTH,right
PANW,PALO ALTO NETWORKS INC,left_offset_2
PARR,PAR PACIFIC HOLDINGS INC,left_offset_2
PAY,VERIFONE SYSTEMS INC,right
PAYC,PAYCOM SOFTWARE INC,left_offset_2
PAYX,PAYCHEX INC,left_offset_2
PB,PROSPERITY BANCSHARES,left_offset_2
PBCT,PEOPLES UNITED FINANCIAL,right
PBF,PBF ENERGY INC,left_offset_2
PBH,PRESTIGE BRANDS HOLDINGS,left_offset_2
PBI,PITNEY BOWES INC,right
PBPB,POTBELLY CORPORATION,left_offset_2
PBYI,PUMA BIOTECHNOLOGY INC,right
PCAR,PACCAR INC,left_offset_2
PCBK,PACIFIC CONTINENTAL CORP,left_offset_2
PCCC,P C CONNECTION,right
PCG,PG&E CORP,right
PCH,POTLATCH CORP,left_offset_2
PCLN,THE PRICELINE GROUP INC,left_offset_2
PCRX,PACIRA PHARMACEUTICALS,left_offset_2
PCTY,PAYLOCITY HLDG CORP,left_offset_2
PCYG,PARK CITY GROUP INC,left_offset_2
PDCE,PDC ENERGY INC,left_offset_2
PDCO,PATTERSON COS INC,left_offset_2
PDFS,PDF SOLUTIONS INC,left_offset_2
PDLI,PDL BIOPHARMA INC,left_offset_2
PDM,PIEDMONT OFFICE RLTY TR,right
PDVW,PDVWIRELESS INC,left_offset_2
PE,PARSLEY ENERGY INC,left_offset_2
PEB,PEBBLEBROOK HOTEL TRUST,left_offset_2
PEBO,PEOPLES BANCORP INC,right
PEG,PUBLIC SVC ENTERPRISE,right
PEGA,PEGASYSTEMS INC,left_offset_2
PEGI,PATTERN ENERGY GROUP INC,left_offset_2
PEI,PENNSYLVANIA REAL ESTATE,left_offset_2
PEIX,PACIFIC ETHANOL INC,left_offset_2
PEN,PENUMBRA INC,right
PENN,PENN NATIONAL GAMING INC,left_offset_2
PEP,PEPSICO INC,right
PERY,ELLIS PERRY INTL INC,left_offset_2
PES,PIONEER ENERGY SERVICES,right
PETS,PETMED EXPRESS INC,right
PETX,ARATANA THERAPEUTICS INC,left_offset_2
PF,PINNACLE FOODS INC,right
PFBC,PREFERRED BANK,left_offset_2
PFE,PFIZER INC,right
PFG,PRINCIPAL FINANCIAL GRP,left_offset_2
PFGC,PERFORMANCE FOOD GROUP,right
PFIS,PEOPLES FINL SVCS CORP,right
PFNX,PFENEX INC,right
PFPT,PROOFPOINT INC,left_offset_2
PFS,PROVIDENT FINANCIAL SVCS,right
PFSI,PENNYMAC FINL SVCS INC,right
PFSW,PFSWEB INC,right
PG,PROCTER & GAMBLE CO,left_offset_2
PGC,PEAPACK-GLADSTONE FINL,left_offset_2
PGEM,PLY GEM HLDGS INC,left_offset_2
PGND,PRESS GANEY HLDGS INC,left_offset_2
PGNX,PROGENICS PHARMACEUTICAL,left_offset_2
PGR,PROGRESSIVE CORP,left_offset_2
PGRE,PARAMOUNT GROUP INC,left_offset_2
PGTI,PGT INC,right
PH,PARKER HANNIFIN CORP,left_offset_2
PHH,PHH CORPORATION,right
PHIIK,PHI INC,right
PHM,PULTEGROUP INC,right
PHX,PANHANDLE OIL AND GAS,left_offset_2
PICO,LDINGS INC,right
PII,POLARIS INDUSTRIES INC,left_offset_2
PINC,PREMIER INC,left_offset_2
PIP,PHARMATHENE INC,right
PIR,PIER 1 IMPORTS INC,right
PJC,PIPER JAFFRAY COMPANIES,right
PJT,PJT PARTNERS INC,right
PKD,PARKER DRILLING CO,left_offset_2
PKE,PARK ELECTROCHEMICAL,left_offset_2
PKG,PACKAGING CORP OF AMER,left_offset_2
PKI,PERKINELMER INC,right
PKOH,PARK OHIO HOLDINGS CORP,left_offset_2
PKY,PARKWAY PROPERTIES INC,left_offset_2
PLAB,PHOTRONICS INC,right
PLAY,BUSTERS ENTMT INC,right
PLCE,CHILDRENS PLACE INC,right
PLCM,POLYCOM INC,left_offset_2
PLD,PROLOGIS INC,left_offset_2
PLKI,POPEYES LOU KITCHEN INC,left_offset_2
PLNT,PLANET FITNESS INC,right
PLOW,DOUGLAS DYNAMICS INC,right
PLPC,PREFORMED LINE PRODUCTS,left_offset_2
PLPM,PLANET PAYMENT INC,right
PLT,PLANTRONICS INC,right
PLUG,PLUG POWER INC,left_offset_2
PLUS,EPLUS INC,right
PLXS,PLEXUS CORP,right
PM,PHILIP MORRIS INTL,right
PMBC,PACIFIC MERCANTILE BANCO,left_offset_2
PMC,PHARMERICA CORP,right
PMT,PENNYMAC MORTGAGE INV,right
PMTS,CPI CARD GROUP INC,left_offset_2
PN,PATRIOT NATIONAL INC,left_offset_2
PNC,PNC FINANCIAL SVCS GROUP,left_offset_2
PNFP,PINNACLE FINANCIAL,right
PNK,PINNACLE ENTERTAINMENT,right
PNM,PNM RESOURCES INC,left_offset_2
PNR,PENTAIR PLC,right
PNRA,PANERA BREAD CO,left_offset_2
PNW,PINNACLE WEST CAPITAL CO,right
PNY,PIEDMONT NAT GAS INC,right
PODD,INSULET CORP,right
POL,POLYONE CORP,left_offset_2
POOL,POOL CORP,left_offset_2
POR,PORTLAND GEN ELEC CO,left_offset_2
POST,POST HOLDINGS INC,left_offset_2
POWI,POWER INTEGRATIONS INC,left_offset_2
POWL,POWELL INDUSTRIES INC,left_offset_2
PPBI,PACIFIC PREMIER BANCORP,left_offset_2
PPC,PILGRIMS PRIDE CORP,right
PPG,PPG INDUSTRIES INC,left_offset_2
PPL,PPL CORP,left_offset_2
PPS,POST PROPERTIES INC,left_offset_2
PRA,PROASSURANCE CORP,left_offset_2
PRAA,PRA GROUP INC,left_offset_2
PRAH,PRA HEALTH SCIENCES INC,left_offset_2
PRFT,PERFICIENT INC,right
PRGO,PERRIGO CO PLC,right
PRGS,PROGRESS SOFTWARE CORP,left_offset_2
PRI,PRIMERICA INC,left_offset_2
PRIM,PRIMORIS SVCS CORP,left_offset_2
PRK,PARK NATIONAL CORP,left_offset_2
PRLB,PROTO LABS INC,right
PRMW,PRIMO WTR CORP,left_offset_2
PRO,PROS HOLDINGS INC,left_offset_2
PROV,PROVIDENT FINL HLDGS INC,right
PRSC,PROVIDENCE SERVICE CORP,right
PRTA,PROTHENA CORP PLC,left_offset_2
PRTK,PARATEK PHARMACEUTICALS,left_offset_2
PRTY,PARTY CITY HOLDCO INC,left_offset_2
PRU,PRUDENTIAL FINANCIAL INC,right
PRXL,PAREXEL INTERNATIONAL,left_offset_2
PSA,PUBLIC STORAGE INC,right
PSB,PS BUSINESS PARKS INC,right
PSG,PERFORMANCE SPORTS GROUP,right
PSIX,POWER SOLUTIONS INTL INC,left_offset_2
PSMT,PRICESMART INC,left_offset_2
PSTB,PARK STERLING CORP,left_offset_2
PSTG,PURE STORAGE INC,right
PSX,PHILLIPS 66,right
PTC,PTC INC,right
PTCT,PTC THERAPEUTICS INC,right
PTEN,PATTERSON UTI ENERGY,left_offset_2
PTI,PROTEOSTASIS THERA INC,left_offset_2
PTLA,PORTOLA PHARMACEUTICALS,left_offset_2
PTSI,P A M TRANSN SVCS INC,right
PUB,PEOPLES UTAH BANCORP,right
PVBC,PROVIDENT BANCORP INC,right
PVH,PVH CORP,right
PVTB,PRIVATEBANCORP INC,left_offset_2
PWOD,PENNS WOODS BANCORP INC,left_offset_2
PWR,QUANTA SERVICES INC,right
PX,PRAXAIR INC,left_offset_2
PXD,PIONEER NAT RESOURCES CO,right
PYPL,PAYPAL HOLDINGS INC,left_offset_2
PZN,PZENA INVESTMENT MGMT,right
PZZA,PAPA JOHNS INTERNATIONAL,left_offset_2
Q,QUINTILES TRANSNATIONAL,right
QADA,QAD INC,right
QCOM,QUALCOMM INC,right
QCRH,QCR HOLDINGS INC,right
QDEL,QUIDEL CORP,right
QEP,QEP RESOURCES INC,right
QGEN,QIAGEN NV,right
QHC,QUORUM HEALTH CORP,right
QLGC,QLOGIC CORP,right
QLIK,QLIK TECHNOLOGIES INC,right
QLYS,INC,right
QNST,QUINSTREET INC,right
QRVO,QORVO INC,right
QSII,QUALITY SYSTEMS INC,right
QTS,QTS REALTY TRUST INC,right
QTWO,Q2 HLDGS INC,right
QUAD,QUAD / GRAPHICS INC,right
QUALYS,PREMIER FINL BANCORP INC,left_offset_2
QUOT,QUOTIENT TECHNOLOGY INC,right
QVCA,LIBERTY INTERACTIVE QVC,right
R,RYDER SYSTEM INC,right
RAD,RITE AID CORP,right
RAI,REYNOLDS AMERICAN INC,right
RAIL,FREIGHTCAR AMERICA INC,right
RARE,ULTRAGENYX PHARMA,left_offset_2
RAS,RAIT FINANCIAL TRUST,right
RATE,BANKRATE INC,left_offset_2
RAVN,RAVEN INDUSTRIES INC,left_offset_2
RAX,RACKSPACE HOSTING INC,right
RBC,REGAL BELOIT CORP,left_offset_2
RBCAA,REPUBLIC BANCORP INC KY,left_offset_2
RCII,RENT A CENTER INC,left_offset_2
RCL,ROYAL CARIBBEAN CRUISES,right
RDC,ROWAN COMPANIES PLC,right
RDEN,ELIZABETH ARDEN INC,left_offset_2
RDI,READING INTERNATIONAL,left_offset_2
RDN,RADIAN GROUP INC,right
RDNT,RADNET INC,right
RDUS,RADIUS HEALTH INC,right
RE,EVEREST RE GROUP LTD,left_offset_2
RECN,RESOURCES CONNECTION,left_offset_2
REG,REGENCY CENTERS CORP,left_offset_2
REGI,RENEWABLE ENER GROUP INC,left_offset_2
REI,RING ENERGY INC,right
REIS,REIS INC,left_offset_2
RELY,REAL INDUSTRY INC,left_offset_2
RES,RPC INC,right
RESI,ALTISOURCE RESIDENTIAL,left_offset_2
RETA,REATE PHARMACEUTICALS,left_offset_2
REV,REVLON INC,right
REX,REX AMERICAN RESOURCES,right
REXI,RESOURCE AMERICA INC,left_offset_2
REXR,REXFORD INDUSTRIAL RLTY,right
RF,REGIONS FINANCIAL CORP,left_offset_2
RGA,REINSURANCE GRP OF AMER,left_offset_2
RGC,REGAL ENTMT GROUP,left_offset_2
RGEN,REPLIGEN CORP,left_offset_2
RGLD,ROYAL GOLD INC,right
RGLS,REGULUS THERAPEUTICS,left_offset_2
RGNX,REGENXBIO INC,left_offset_2
RGR,STURM RUGER & CO INC,left_offset_2
RGS,REGIS CORP,left_offset_2
RH,RESTORATION HARDWARE,left_offset_2
RHI,ROBERT HALF INTL INC,right
RHP,RYMAN HOSPITALITY PPTYS,left_offset_2
RHT,RED HAT INC,left_offset_2
RICE,RICE ENERGY INC,right
RIG,TRANSOCEAN LTD,right
RIGL,RIGEL PHARMACEUTICALS,right
RILY,B. RILEY FINANCIAL INC,left_offset_2
RJF,RAYMOND JAMES FINANCIAL,left_offset_2
RL,RALPH LAUREN CORP,right
RLGT,RADIANT LOGISTICS INC,right
RLGY,REALOGY HOLDINGS CORP,left_offset_2
RLH,RED LION HOTELS CORP,left_offset_2
RLI,RLI CORP,right
RLJ,RLJ LODGING TR,right
RLYP,RELYPSA INC,left_offset_2
RM,REGIONAL MGMT CORP,left_offset_2
RMAX,RE/MAX HOLDINGS INC,left_offset_2
RMBS,RAMBUS INC,right
RMD,RESMED INC,left_offset_2
RMR,RMR GROUP INC,right
RMTI,ROCKWELL MEDICAL INC,right
RNET,RIGNET INC,right
RNG,RINGCENTRAL INC,right
RNR,RENAISSANCERE HOLDINGS,left_offset_2
RNST,RENASANT CORP,left_offset_2
RNWK,REALNETWORKS INC,left_offset_2
ROCK,GIBRALTAR INDUSTRIES INC,left_offset_2
ROG,ROGERS CORP,right
ROIAK,RADIO ONE INC,right
ROIC,RETAIL OPPORTUNITY INVTS,right
ROK,ROCKWELL AUTOMATION INC,right
ROL,ROLLINS INC,right
ROLL,RBC BEARINGS INC,left_offset_2
ROP,ECHNOLOGIES INC,right
ROST,ROSS STORES INC,right
ROVI,ROVI CORPORATION,right
RP,REALPAGE INC,left_offset_2
RPAI,RETAIL PPTYS AMER INC,right
RPD,RAPID7 INC,left_offset_2
RPM,RPM INTERNATIONAL INC,right
RPT,RAMCO-GERSHENSON PPTYS,left_offset_2
RPTP,RAPTOR PHARMACEUTICAL,left_offset_2
RPXC,RPX CORP,right
RRC,RANGE RESOURCES CORP,left_offset_2
RRD,DONNELLEY R R & SONS CO,right
RRGB,RED ROBIN GOURMET BURGER,left_offset_2
RRR,RED ROCKS RESORTS INC,left_offset_2
RRTS,ROADRUNNER TRNSN SVCS,right
RS,RELIANCE STEEL & ALUM,left_offset_2
RSE,ROUSE PROPERTIES INC,right
RSG,REPUBLIC SERVICES INC,left_offset_2
RSO,RESOURCE CAPITAL CORP,left_offset_2
RSPP,RSP PERMIAN INC,right
RST,ROSETTA STONE INC,right
RSTI,ROFIN SINAR TECHNOLOGIES,right
RSYS,RADISYS CORP,right
RT,RUBY TUESDAY INC,right
RTEC,RUDOLPH TECHNOLOGIES INC,right
RTIX,RTI SURGICAL INC,right
RTN,RAYTHEON CO,left_offset_2
RTRX,RETROPHIN INC,right
RUBI,RUBICON PROJ INC,right
RUN,SUNRUN INC,left_offset_2
RUSHA,RUSH ENTERPRISES INC,right
RUTH,RUTH'S HOSPITALITY GROUP,right
RVNC,REVANCE THERAPEUTICS INC,right
RWT,REDWOOD TRUST INC,left_offset_2
RXDX,IGNYTA INC,left_offset_2
RXN,REXNORD CORP,right
RYAM,RAYONIER ADV MATERIALS,left_offset_2
RYI,RYERSON HOLDING CORP,right
RYN,RAYONIER INC,left_offset_2
S,SPRINT CORP,right
SAAS,INCONTACT INC,left_offset_2
SABR,SABRE CORP,left_offset_2
SAFM,SANDERSON FARMS INC,left_offset_2
SAFT,SAFETY INSURANCE GRP INC,left_offset_2
SAGE,SAGE THERAPEUTICS INC,left_offset_2
SAH,SONIC AUTOMOTIVE INC,left_offset_2
SAIA,SAIA INC,left_offset_2
SAIC,SCIENCE APPLICATIONS INT,left_offset_2
SALE,RETAILMENOT INC,right
SALM,SALEM MEDIA GROUP INC,left_offset_2
SALT,SCORPIO BULKERS INC,left_offset_2
SAM,BOSTON BEER INC,left_offset_2
SAMG,SILVERCREST ASSET MNGMT,right
SANM,SANMINA CORPORATION,left_offset_2
SASR,SANDY SPRING BANCORP,left_offset_2
SATS,ECHOSTAR CORP,left_offset_2
SAVE,SPIRIT AIRLS INC,right
SBAC,SBA COMMUNICATIONS CORP,left_offset_2
SBCF,SEACOAST BANKING CORP FL,left_offset_2
SBGI,SINCLAIR BROADCAST GROUP,left_offset_2
SBH,SALLY BEAUTY HOLDINGS,left_offset_2
SBNY,SIGNATURE BANK,right
SBRA,SABRA HEALTH CARE REIT,left_offset_2
SBSI,SOUTHSIDE BANCSHARES INC,left_offset_2
SBUX,STARBUCKS CORP,right
SBY,SILVER BAY RLTY TR CORP,right
SC,SANTANDER CNSMR USA HLDG,left_offset_2
SCAI,SURGICAL CARE AFFILIATES,left_offset_2
SCCO,SOUTHERN COPPER CORP,left_offset_2
SCHL,SCHOLASTIC CORP,left_offset_2
SCHN,SCHNITZER STEEL INDS,left_offset_2
SCHW,SCHWAB CHARLES CORP,left_offset_2
SCI,SERVICE CORP INTL,right
SCL,STEPAN CO,right
SCLN,SCICLONE PHARMACEUTICALS,left_offset_2
SCMP,SUCAMPO PHARMA,left_offset_2
SCNB,SUFFOLK BANCORP,left_offset_2
SCOR,COMSCORE INC,right
SCS,STEELCASE INC,right
SCSC,SCANSOURCE INC,left_offset_2
SCSS,SELECT COMFORT CORP,right
SCTY,SOLARCITY CORP,left_offset_2
SCVL,SHOE CARNIVAL INC,right
SCWX,SECUREWORKS CORP,right
SDRL,SEADRILL LIMITED,left_offset_2
SE,SPECTRA ENERGY CORP,left_offset_2
SEAS,SEAWORLD ENTMT INC,right
SEB,SEABOARD CORP,left_offset_2
SEE,SEALED AIR CORP,left_offset_2
SEIC,SEI INVESTMENTS CO,right
SEM,SELECT MEDICAL HOLDINGS,right
SEMG,SEMGROUP CORP,right
SENEA,SENECA FOODS CORP,right
SENS,SENSEONICS HOLDINGS INC,right
SERV,SERVICEMASTER GLOBAL,right
SF,STIFEL FINANCIAL CORP,right
SFBS,SERVISFIRST BANCSHARES,right
SFE,SAFEGUARD SCIENTIFICS,left_offset_2
SFL,NANCE INTL,right
SFLY,SHUTTERFLY INC,right
SFM,SPROUTS FRMRS MKT INC,right
SFNC,SIMMONS FIRST NATIONAL,right
SFR,COLONY STARWOOD HOMES,right
SFS,SMART & FINAL STORES INC,left_offset_2
SFST,SOUTHERN FIRST BANCSHARE,left_offset_2
SGA,SAGA COMMUNICATIONS INC,left_offset_2
SGBK,STONEGATE BANK,right
SGC,SUPERIOR UNIFORM GROUP,left_offset_2
SGEN,SEATTLE GENETICS INC,right
SGI,SILICON GRAPHICS INTL,right
SGMO,SANGAMO BIOSCIENCES INC,left_offset_2
SGMS,SCIENTIFIC GAMES CORP,left_offset_2
SGNT,SAGENT PHARMACEUTICALS,left_offset_2
SGYP,SYNERGY PHARMACEUTICALS,left_offset_2
SHAK,SHAKE SHACK INC,right
SHBI,SHORE BANCSHARES INC,right
SHEN,SHENANDOAH TELECOMM CO,right
SHLD,SEARS HOLDINGS CORP,left_offset_2
SHLM,SCHULMAN A INC,left_offset_2
SHO,SUNSTONE HOTEL INVS INC,left_offset_2
SHOO,MADDEN STEVEN LTD,left_offset_2
SHOR,SHORETEL INC,right
SHOS,SEARS HOMETOWN OUTLET,right
SHW,SHERWIN WILLIAMS CO,right
SIFI,SI FINANCIAL GROUP,right
SIG,SIGNET JEWELERS LTD,right
SIGI,SELECTIVE INSURANCE GRP,right
SIGM,SIGMA DESIGNS INC,right
SILC,SILICOM LTD,right
SIR,SELECT INCOME REIT,right
SIRI,SIRIUS XM HOLDINGS INC,left_offset_2
SITE,SITEONE LANDSCAPE SUPPLY,left_offset_2
SIVB,SVB FINANCIAL GROUP,left_offset_2
SIX,SIX FLAGS ENTMT CORP,left_offset_2
SJM,SMUCKER J M CO,left_offset_2
SJW,SJW CORP,left_offset_2
SKT,TANGER FACTORY OUTLET,right
SKX,SKECHERS USA INC,left_offset_2
SKYW,SKYWEST INC,left_offset_2
SLAB,SILICON LABORATORIES INC,right
SLB,SCHLUMBERGER LTD,left_offset_2
SLCA,U S SILICA HLDGS INC,left_offset_2
SLG,SL GREEN REALTY CORP,left_offset_2
SLGN,SILGAN HOLDINGS INC,right
SLM,SLM CORP,left_offset_2
SM,SM ENERGY CO,left_offset_2
SMBC,SOUTHERN MO BANCORP INC,left_offset_2
SMCI,SUPER MICRO COMPUTER INC,left_offset_2
SMG,SCOTTS MIRACLE-GRO CO,left_offset_2
SMMF,SUMMIT FINANCIAL GROUP,left_offset_2
SMP,STANDARD MOTOR PRODUCTS,right
SMRT,STEIN MART INC,right
SMTC,SEMTECH CORP,right
SN,SANCHEZ ENERGY CORP,left_offset_2
SNA,SNAP ON INC,left_offset_2
SNAK,INVENTURE FOODS INC,left_offset_2
SNBC,SUN BANCORP INC NJ,left_offset_2
SNC,STATE NATIONAL COMPANIES,right
SNCR,SYNCHRONOSS TECHNOLOGY,left_offset_2
SNDX,SYNDAX PHARMACEUTICALS,left_offset_2
SNH,SENIOR HOUSING PPTYS TR,right
SNHY,SUN HYDRAULICS CORP,left_offset_2
SNI,SCRIPPS NTWK INTERACTIVE,left_offset_2
SNOW,INTRAWEST RSRTS HLDG INC,right
SNPS,SYNOPSYS INC,left_offset_2
SNR,NEW SR INVT GROUP INC,right
SNV,SYNOVUS FINANCIAL CORP,left_offset_2
SNX,SYNNEX CORP,left_offset_2
SO,SOUTHERN CO,left_offset_2
SON,SONOCO PRODUCTS CO,left_offset_2
SONA,SOUTHERN NATL BANCORP,left_offset_2
SONC,SONIC CORP,left_offset_2
SONS,SONUS NETWORKS INC,left_offset_2
SP,SP PLUS CORPORATION,left_offset_2
SPA,SPARTON CORP,left_offset_2
SPAR,SPARTAN MOTORS INC,left_offset_2
SPB,SPECTRUM BRANDS HOLDINGS,left_offset_2
SPG,SIMON PROPERTY GROUP INC,right
SPGI,S&P GLOBAL INC,left_offset_2
SPKE,SPARK ENERGY INC,left_offset_2
SPLK,SPLUNK INC,right
SPLS,STAPLES INC,right
SPN,SUPERIOR ENERGY SERVICES,left_offset_2
SPNC,SPECTRANETICS CORP,left_offset_2
SPNS,SAPIENS INTL CORP NV,left_offset_2
SPOK,SPOK HOLDINGS INC,right
SPPI,SPECTRUM PHARMACEUTICALS,left_offset_2
SPR,SPIRIT AEROSYSTEMS,right
SPSC,SPS COMM INC,right
SPTN,SPARTANNASH COMPANY,left_offset_2
SPWH,SPORTSMANS WHSE HLDGS,right
SPWR,SUNPOWER CORP,left_offset_2
SPXC,SPX CORP,right
SQ,SQUARE INC,right
SQBG,SEQUENTIAL BRANDS GROUP,right
SQI,SCIQUEST INC,left_offset_2
SR,SPIRE INC,left_offset_2
SRC,SPIRIT RLTY CAP INC,right
SRCE,1ST SOURCE CORP,left_offset_2
SRCL,STERICYCLE INC,right
SRDX,SURMODICS INC,left_offset_2
SRE,SEMPRA ENERGY,right
SREV,SERVICESOURCE INTL,right
SRG,SERITAGE GROWTH PROP,right
SRI,STONERIDGE INC,right
SRNE,SORRENTO THERAPEUTICS,left_offset_2
SRPT,SAREPTA THERAPEUTICS INC,left_offset_2
SSB,SOUTH STATE CORPORATION,left_offset_2
SSD,SIMPSON MANUFACTURING,right
SSI,STAGE STORES INC,right
SSNC,SS&C TECHNOLOGIES HLDGS,right
SSNI,SILVER SPRING NETWORKS,right
SSP,SCRIPPS E W CO,left_offset_2
SSRG,SYMMETRY SURGICAL INC,left_offset_2
SSS,SOVRAN SELF STORAGE,left_offset_2
SSTK,SHUTTERSTOCK INC,right
SSYS,STRATASYS LTD,right
STAA,STAAR SURGICAL CO,right
STAG,STAG INDL INC,right
STAR,ISTAR INC,left_offset_2
STAY,EXTENDED STAY AMERICA,left_offset_2
STBA,S & T BANCORP INC,left_offset_2
STBZ,STATE BK FINL CORP,right
STC,STEWART INFORMATION,right
STFC,UTO FINANCIAL,right
STI,SUNTRUST BANKS INC,left_offset_2
STJ,ST JUDE MEDICAL INC,right
STL,STERLING BANCORP,right
STLD,STEEL DYNAMICS INC,right
STML,STEMLINE THERAPEUTICS,right
STMP,STAMPS COM INC,right
STNG,SCORPIO TANKERS INC,left_offset_2
STOR,STORE CAPITAL CORP,right
STR,QUESTAR CORP,right
STRA,STRAYER EDUCATION INC,left_offset_2
STRP,STRAIGHT PATH COMM INC,right
STRS,STRATUS PPTYS INC,right
STRT,STRATTEC SEC CORP,right
STRZA,STARZ,right
STS,SUPREME INDS INC,left_offset_2
STT,STATE STREET CORP,right
STWD,STARWOOD PPTY TRUST INC,right
STZ,CONSTELLATION BRANDS,left_offset_2
SUI,SUN COMMUNITIES INC,left_offset_2
SUM,SUMMIT MATLS INC,left_offset_2
SUP,SUPERIOR INDUSTRIES INTL,left_offset_2
SUPN,SUPERNUS PHARMACEUTICALS,left_offset_2
SVU,SUPERVALU INC,left_offset_2
SWC,STILLWATER MINING CO,right
SWFT,SWIFT TRANSN CO,left_offset_2
SWHC,SMITH & WESSON HOLDING,left_offset_2
SWK,STANLEY BLACK & DECKER,right
SWKS,SKYWORKS SOLUTIONS INC,left_offset_2
SWM,SCHWEITZER-MAUDUIT INTL,left_offset_2
SWN,SOUTHWESTERN ENERGY CO,left_offset_2
SWX,SOUTHWEST GAS CORP,left_offset_2
SXC,SUNCOKE ENERGY INC,left_offset_2
SXI,STANDEX INTERNATIONAL,right
SXT,SENSIENT TECHNOLOGIES,right
SYBT,STOCK YARDS BANCORP INC,right
SYF,SYNCHRONY FINANCIAL,left_offset_2
SYK,STRYKER CORP,left_offset_2
SYKE,SYKES ENTERPRISES INC,left_offset_2
SYMC,SYMANTEC CORP,left_offset_2
SYN,SYNTHETIC BIOLOGICS INC,left_offset_2
SYNA,SYNAPTICS INC,left_offset_2
SYNT,SYNTEL INC,left_offset_2
SYRG,SYNERGY RES CORP,left_offset_2
SYUT,SYNUTRA INTL INC,left_offset_2
SYX,SYSTEMAX INC,left_offset_2
SYY,SYSCO CORP,left_offset_2
T,AT&T INC,right
TACO,DEL TACO RESTAURANTS INC,left_offset_2
TAHO,TAHOE RES INC,left_offset_2
TAL,TAL INTERNATIONAL GROUP,right
TAP,MOLSON COORS BREWING CO,right
TASR,TASER INTL INC,right
TAST,CARROLS RESTAURANT GRP,left_offset_2
TAX,LIBERTY TAX INC,right
TBBK,BANCORP INC,left_offset_2
TBI,TRUEBLUE INC,right
TBK,TRIUMPH BANCORP INC,right
TBNK,TERRITORIAL BANCORP INC,right
TBPH,THERAVANCE BIOPHARMA INC,left_offset_2
TBRA,TOBIRA THERAPEUTICS INC,left_offset_2
TCB,TCF FINANCIAL CORP,right
TCBI,TEXAS CAPITAL BANCSHARES,left_offset_2
TCBK,TRICO BANCSHARES,right
TCO,TAUBMAN CENTERS INC,right
TCS,THE CONTAINER STORE GRP,left_offset_2
TDC,TERADATA CORP,right
TDG,TRANSDIGM GROUP INC,right
TDOC,TELADOC INC,right
TDS,TELEPHONE & DATA SYSTEMS,right
TDW,TIDEWATER INC,left_offset_2
TDY,TELEDYNE TECHNOLOGIES,right
TE,TECO ENERGY INC,right
TEAM,ATLASSIAN CORP PLC,right
TECD,TECH DATA CORP,right
TECH,BIO-TECHNE CORP,right
TELEFLE,SURGERY PARTNERS INC,left_offset_2
TEN,TENNECO INC,right
TER,TERADYNE INC,right
TERP,TERRAFORM POWER INC,right
TESO,TESCO CORP,right
TEX,TEREX CORP,right
TFSL,TFS FINL CORP,left_offset_2
TFX,X INC,right
TG,TREDEGAR CORP,right
TGH,TEXTAINER GROUP HLDGS,left_offset_2
TGI,GROUP INC,right
TGNA,TEGNA INC,right
TGT,TARGET CORP,right
TGTX,TG THERAPEUTICS INC,left_offset_2
THC,TENET HEALTHCARE CORP,right
THFF,FIRST FINANCIAL CORP,right
THG,HANOVER INSURANCE GROUP,right
THO,THOR INDUSTRIES INC,left_offset_2
THR,THERMON GROUP HLDGS INC,left_offset_2
THRM,GENTHERM INC,left_offset_2
THS,TREEHOUSE FOODS INC,right
TIER,TIER REIT INC,left_offset_2
TILE,INTERFACE INC,right
TIME,TIME INC,left_offset_2
TIPT,TIPTREE FINANCIAL INC,left_offset_2
TIS,ORCHIDS PAPER PRODS COMP,right
TISI,TEAM INC,right
TITN,TITAN MACHINERY INC,left_offset_2
TIVO,TIVO INC,left_offset_2
TJX,TJX COMPANIES INC,left_offset_2
TK,TEEKAY CORP,right
TKAI,TOKAI PHARMACEUTICALS,left_offset_2
TKR,TIMKEN CO,left_offset_2
TLGT,TELIGENT INC,right
TLMR,TALMER BANCORP INC,right
TLN,TALEN ENERGY CORP,right
TLRD,TAILORED BRANDS INC,right
TLYS,TILLYS INC,left_offset_2
TMH,TEAM HEALTH HOLDINGS INC,right
TMHC,TAYLOR MORRISON HOME,right
TMK,TORCHMARK CORP,left_offset_2
TMO,THERMO FISHER SCIENTIFIC,left_offset_2
TMP,TOMPKINS FINANCIAL CORP,left_offset_2
TMST,TIMKENSTEEL CORPORATION,left_offset_2
TMUS,T-MOBILE US INC,left_offset_2
TMX.,", or FTSE",right
TNAV,TELENAV INC,right
TNC,TENNANT CO,right
TNDM,TANDEM DIABETES CARE INC,right
TNET,TRINET GROUP INC,right
TNGO,TANGOE INC,right
TNK,TEEKAY TANKERS LTD,right
TOL,TOLL BROTHERS INC,left_offset_2
TOWN,TOWNEBANK PORTSMOUTH VA,left_offset_2
TOWR,TOWER INTERNATIONAL INC,left_offset_2
TPB,TURNING POINT BRANDS INC,right
TPC,TUTOR PERINI CORP,right
TPH,TRI POINTE GROUP INC,right
TPHS,TRINITY PLACE HOLDINGS,right
TPRE,THIRD POINT REINSURANCE,left_offset_2
TPX,TEMPUR SEALY INTL INC,right
TR,TOOTSIE ROLL INDUSTRIES,left_offset_2
TRC,TEJON RANCH CO,right
TRCO,TRIBUNE MEDIA CO,right
TREC,TRECORA RESOURCES,right
TREE,LENDINGTREE INC,left_offset_2
TREX,TREX INC,right
TRGP,TARGA RESOURCES INC,right
TRI,THOMSON REUTERS CORP,left_offset_2
TRIP,TRIPADVISOR INC,right
TRIUMPH,TIFFANY & CO,left_offset_2
TRK,SPEEDWAY MOTORSPORTS INC,left_offset_2
TRMB,TRIMBLE NAVIGATION LTD,right
TRMK,TRUSTMARK CORP,right
TRN,TRINITY INDUSTRIES INC,right
TRNC,TRONC INC,right
TRNO,TERRENO REALTY CORP,right
TROV,TROVAGENE INC,right
TROW,PRICE T ROWE GROUP INC,left_offset_2
TROX,TRONOX LTD,right
TRR,TRC COS INC,right
TRS,TRIMAS CORP,right
TRST,TRUSTCO BANK CORP NY,right
TRU,TRANSUNION,right
TRUE,TRUECAR INC,right
TRUP,TRUPANION INC,right
TRV,TRAVELERS COS INC,right
TRVN,TREVENA INC,right
TRXC,TRANSENTERIX INC,right
TSC,TRISTATE CAP HLDGS INC,right
TSCO,TRACTOR SUPPLY CO,left_offset_2
TSE,TRINSEO SA,right
TSLA,TESLA MTRS INC,right
TSN,TYSON FOODS INC,right
TSO,TESORO CORP,right
TSQ,TOWNSQUARE MEDIA INC,left_offset_2
TSRA,TESSERA TECHNOLOGIES INC,right
TSRO,TESARO INC,right
TSS,TOTAL SYSTEM SERVICES,left_offset_2
TTC,TORO CO,left_offset_2
TTEC,TELETECH HOLDINGS INC,right
TTEK,TETRA TECH INC,right
TTGT,TECHTARGET INC,right
TTI,TETRA TECHNOLOGIES INC,left_offset_2
TTMI,TTM TECHNOLOGIES INC,right
TTNP,TITAN PHARMACEUTICALS,left_offset_2
TTOO,T2 BIOSYSTEMS INC,left_offset_2
TTPH,TETRAPHASE PHARMA INC,left_offset_2
TTS,TILE SHOP HLDGS INC,left_offset_2
TTWO,TAKE-TWO INTERACTIVE,right
TUBE,TUBEMOGUL INC,right
TUES,TUESDAY MORNING CORP,right
TUMI,TUMI HLDGS INC,right
TUP,TUPPERWARE BRANDS CORP,right
TVIA,TERRAVIA HOLDINGS,right
TVPT,TRAVELPORT WORLDWIDE LTD,right
TWI,TITAN INTERNATIONAL INC,left_offset_2
TWO,TWO HBRS INVT CORP,right
TWOU,2U INC,left_offset_2
TWTR,TWITTER INC,right
TWX,TIME WARNER INC,left_offset_2
TXMD,THERAPEUTICSMD INC,left_offset_2
TXN,TEXAS INSTRUMENTS INC,left_offset_2
TXRH,TEXAS ROADHOUSE INC,left_offset_2
TXT,TEXTRON INC,left_offset_2
TYC,TYCO INTERNATIONAL PLC,right
TYL,TYLER TECHNOLOGIES INC,right
TYPE,MONOTYPE IMAGING HLDG,right
UA,UNDER ARMOUR CLASS A,left_offset_2
UA.C,UNDER ARMOUR CLASS C,left_offset_2
UAL,UNITED CONTINENTAL HLDGS,left_offset_2
UAM,UNIVERSAL AMERICAN CORP,left_offset_2
UBA,URSTADT BIDDLE PPTYS INS,right
UBNK,UNITED FINANCIAL BANCORP,left_offset_2
UBNT,UBIQUITI NETWORKS INC,left_offset_2
UBSH,UNION BANKSHARES CORP,left_offset_2
UBSI,UNITED BANKSHARES INC,left_offset_2
UCBI,UNITED COMMUNITY BANKS,left_offset_2
UCFC,UNITED CMNTY FINL CO,left_offset_2
UCP,UCP INC,left_offset_2
UCTT,ULTRA CLEAN HOLDINGS INC,left_offset_2
UDR,UDR INC,left_offset_2
UE,URBAN EDGE PROPERTIES,right
UEIC,UNIVERSAL ELECTRONICS,left_offset_2
UFCS,UNITED FIRE GROUP INC,left_offset_2
UFI,UNIFI INC,left_offset_2
UFPI,UNIVERSAL FOREST PRODS,left_offset_2
UFPT,UFP TECHNOLOGIES INC,left_offset_2
UFS,DOMTAR CORPORATION,right
UGI,UGI CORP,left_offset_2
UHAL,AMERCO,left_offset_2
UHS,UNIVERSAL HEALTH SVCS,right
UHT,UNIVERSAL HEALTH REALTY,left_offset_2
UIHC,UNITED INS HLDGS CORP,left_offset_2
UIS,UNISYS CORP,left_offset_2
ULH,UNIVERSAL LOGISTICS HLDG,right
ULTA,ULTA SALON COSMETICS,left_offset_2
ULTI,ULTIMATE SOFTWARE GROUP,left_offset_2
UMBF,UMB FINANCIAL CORP,left_offset_2
UMH,UMH PROPERTIES INC,left_offset_2
UMPQ,UMPQUA HOLDINGS CORP,left_offset_2
UNB,UNION BANKSHARES INC,left_offset_2
UNF,UNIFIRST CORP MASS,left_offset_2
UNFI,UNITED NATURAL FOODS INC,left_offset_2
UNH,UNITEDHEALTH GROUP INC,left_offset_2
UNM,UNUM GROUP,right
UNP,UNION PACIFIC CORP,left_offset_2
UNT,UNIT CORP,left_offset_2
UNTD,UNITED ONLINE INC,left_offset_2
UNVR,UNIVAR INC,left_offset_2
UPS,UNITED PARCEL SERVICE,left_offset_2
URBN,URBAN OUTFITTERS INC,right
URI,UNITED RENTALS INC,left_offset_2
USAK,USA TRUCK INC,right
USAT,USA TECHNOLOGIES INC,right
USB,US BANCORP,right
USCR,U S CONCRETE INC,right
USFD,US FOODS HOLDING CORP,right
USG,U S G CORP,right
USLM,UNITED STATES LIME & MIN,left_offset_2
USM,UNITED STATES CELLULAR,left_offset_2
USMD,USMD HLDGS INC,right
USNA,USANA HEALTH SCIENCES,right
USPH,U S PHYSICAL THERAPY INC,right
UTEK,ULTRATECH INC,left_offset_2
UTHR,UNITED THERAPEUTICS,left_offset_2
UTL,UNITIL CORP,left_offset_2
UTMD,UTAH MED PRODS INC,right
UTX,UNITED TECHNOLOGIES,left_offset_2
UVE,UNIVERSAL INSURANCE,right
UVSP,UNIVEST CORP OF PENN,right
UVV,UNIVERSAL CORP,left_offset_2
V,VISA INC,left_offset_2
VA,VIRGIN AMERICA INC,left_offset_2
VAC,MARRIOTT VAC WORLD CORP,right
VAL,VALSPAR CORP,right
VALU,INE INC,right
VAR,VARIAN MEDICAL SYSTEMS,right
VASC,VASCULAR SOLUTIONS INC,right
VBTX,VERITEX HOLDINGS,right
VC,VISTEON CORP,left_offset_2
VCRA,VOCERA COMMUNICATIONS,left_offset_2
VCYT,VERACYTE INC,right
VDSI,VASCO DATA SECURITY INTL,right
VEC,VECTRUS INC,right
VECO,VEECO INSTRUMENTS INC,right
VEEV,VEEVA SYSTEMS INC,right
VER,VEREIT INC,right
VFC,V F CORP,right
VG,VONAGE HLDGS CORP,left_offset_2
VGR,VECTOR GROUP LTD,right
VHC,VIRNETX HOLDING CORP,left_offset_2
VHI,VALHI INC,right
VIA,VIACOM INC CL A,left_offset_2
VIAB,VIACOM INC CL B,left_offset_2
VIAV,VIAVI SOLUTIONS INC,left_offset_2
VICR,VICOR CORP,left_offset_2
VIRT,VIRTU FINL INC,left_offset_2
VIVO,MERIDIAN BIOSCIENCE INC,left_offset_2
VLGEA,VILLAGE SUPER MARKET INC,left_offset_2
VLO,VALERO ENERGY CORP,right
VLY,VALLEY NATIONAL BANCORP,right
VMC,VULCAN MATERIALS CO,left_offset_2
VMI,VALMONT INDUSTRIES INC,right
VMW,VMWARE INC,left_offset_2
VNCE,VINCE HOLDING CORP,left_offset_2
VNDA,VANDA PHARMACEUTICALS,right
VNO,VORNADO REALTY TRUST,left_offset_2
VNTV,VANTIV INC,right
VOYA,VOYA FINANCIAL INC,left_offset_2
VPG,VISHAY PRECISION GROUP,left_offset_2
VR,VALIDUS HOLDINGS LTD,right
VRA,VERA BRADLEY INC,right
VRAY,VIEWRAY INC,left_offset_2
VRNS,VARONIS SYSTEMS INC,right
VRNT,VERINT SYS INC,right
VRSK,VERISK ANALYTICS INC,right
VRSN,VERISIGN INC,right
VRTS,VIRTUS INVESTMENT PTNRS,left_offset_2
VRTU,VIRTUSA CORP,left_offset_2
VRTV,VERITIV CORPORATION,right
VRTX,VERTEX PHARMACEUTICALS,left_offset_2
VSAR,VERSARTIS INC,right
VSAT,VIASAT INC,left_offset_2
VSEC,VSE CORP,left_offset_2
VSH,VISHAY INTERTECHNOLOGY,left_offset_2
VSI,VITAMIN SHOPPE INC,left_offset_2
VSLR,VIVINT SOLAR INC,left_offset_2
VSTO,VISTA OUTDOOR INC,left_offset_2
VTL,VITAL THERAPIES INC,left_offset_2
VTR,VENTAS INC,right
VTVT,VTV THERAPEAUTICS INC,left_offset_2
VVC,VECTREN CORP,right
VVI,VIAD CORP,left_offset_2
VWR,VWR CORPORATION,left_offset_2
VYGR,VOYAGER THERAPEUTICS INC,left_offset_2
VZ,VERIZON COMMUNICATIONS,right
W,WAYFAIR INC,right
WAB,WABTEC CORP,left_offset_2
WABC,WESTAMERICA BANCORP,right
WAC,WALTER INV MGMT CORP,left_offset_2
WAFD,WASHINGTON FED INC,left_offset_2
WAGE,WAGEWORKS INC,left_offset_2
WAIR,WESCO AIRCRAFT HLDGS INC,right
WAL,WESTERN ALLIANCE BANCORP,right
WASH,WASHINGTON TRUST BANCORP,left_offset_2
WAT,WATERS CORP,right
WATT,ENERGOUS CORP,left_offset_2
WBA,WALGREENS BOOTS ALLIANCE,left_offset_2
WBC,WABCO HOLDINGS INC,left_offset_2
WBMD,WEBMD HEALTH CORP,right
WBS,WEBSTER FINANCIAL CORP,right
WCC,NTERNATIONAL INC,right
WCG,WELLCARE GROUP INC,right
WCIC,WCI COMMUNITIES INC,right
WD,WALKER & DUNLOP INC,left_offset_2
WDC,WESTERN DIGITAL CORP,right
WDFC,WD-40 CO,right
WDR,WADDELL & REED FINANCIAL,left_offset_2
WEB,WEB.COM GROUP INC,right
WEC,WEC ENERGY GROUP INC,right
WEN,THE WENDY'S COMPANY,left_offset_2
WERN,WERNER ENTERPRISES INC,right
WETF,WISDOMTREE INVTS INC,left_offset_2
WEX,WEX INC,right
WEYS,WEYCO GROUP INC,right
WFBI,WASHINGTONFIRST BANK INC,left_offset_2
WFC,WELLS FARGO & CO,right
WFD,WESTFIELD FINANCIAL INC,right
WFM,WHOLE FOODS MARKET INC,left_offset_2
WFT,WEATHERFORD INTL PLC,right
WG,WILLBROS GROUP INC,left_offset_2
WGL,WGL HOLDINGS INC,right
WGO,WINNEBAGO INDUSTRIES INC,left_offset_2
WHG,WESTWOOD HOLDINGS GROUP,right
WHR,WHIRLPOOL CORP,right
WIBC,WILSHIRE BANCORP INC,left_offset_2
WIFI,BOINGO WIRELESS INC,left_offset_2
WIN,WINDSTREAM HOLDINGS INC,left_offset_2
WINA,WINMARK CORP,left_offset_2
WING,WINGSTOP INC,left_offset_2
WINS,WINS FINANCE HOLDINGS,left_offset_2
WIRE,ENCORE WIRE CORP,left_offset_2
WK,WORKIVA INC,left_offset_2
WKHS,WORKHORSE GROUP INC,left_offset_2
WLB,WESTMORELAND COAL CO,right
WLFC,WILLIS LEASE FINANCE,left_offset_2
WLH,WILLIAM LYON HOMES,left_offset_2
WLK,WESTLAKE CHEMICAL CORP,right
WLL,WHITING PETROLEUM CORP,right
WM,WASTE MGMT INC,right
WMAR,WEST MARINE INC,right
WMB,WILLIAMS COMPANIES INC,left_offset_2
WMC,WESTERN ASSET MTG CAP,right
WMGI,WRIGHT MEDICAL GROUP N V,left_offset_2
WMIH,WMIH CORP,left_offset_2
WMK,WEIS MARKETS INC,right
WMS,ADVANCED DRAINAGE SYSTEM,right
WMT,WAL MART STORES INC,left_offset_2
WNC,WABASH NATIONAL CORP,left_offset_2
WNR,WESTERN REFINING INC,right
WOOF,VCA INC,right
WOR,WORTHINGTON INDUSTRIES,left_offset_2
WPC,W P CAREY INC,left_offset_2
WPG,WP GLIMCHER INC,left_offset_2
WPX,WPX ENERGY INC,left_offset_2
WR,WESTAR ENERGY INC,right
WRB,BERKLEY W R CORP,right
WRE,WASHINGTON REAL ESTATE,left_offset_2
WRI,WEINGARTEN RLTY INVS,right
WRK,WESTROCK CO,right
WRLD,WORLD ACCEPTANCE CORP,left_offset_2
WSBC,WESBANCO INC,right
WSBF,WATERSTONE FINANCIAL INC,right
WSFS,WSFS FINANCIAL CORP,left_offset_2
WSM,WILLIAMS SONOMA INC,left_offset_2
WSO,WATSCO INC,right
WSR,WHITESTONE REIT,right
WST,WEST PHARMACEUTICAL SVCS,right
WSTC,WEST CORP,right
WTBA,WEST BANCORPORATION INC,right
WTFC,WINTRUST FINANCIAL CORP,left_offset_2
WTI,W&T OFFSHORE INC,left_offset_2
WTM,WHITE MTNS INS GROUP LTD,right
WTR,AQUA AMERICA INC,left_offset_2
WTS,WATTS WATER TECH INC,right
WTW,WEIGHT WATCHERS INTL INC,right
WU,WESTERN UNION CO,right
WVE,WAVE LIFE SCIENCES LTD,right
WWAV,WHITEWAVE FOODS COMPANY,right
WWD,WOODWARD INC,left_offset_2
WWE,WORLD WRESTLING ENTMNT,left_offset_2
WWW,WOLVERINE WORLD WIDE,left_offset_2
WY,WEYERHAEUSER CO,right
WYN,WYNDHAM WORLDWIDE CORP,left_offset_2
WYNN,WYNN RESORTS LTD,left_offset_2
X,UNITED STATES STEEL CORP,left_offset_2
XBIT,XBIOTECH INC,left_offset_2
XCO,EXCO RESOURCES INC,left_offset_2
XCRA,XCERRA CORPORATION,left_offset_2
XEC,CIMAREX ENERGY CO,left_offset_2
XEL,XCEL ENERGY INC,left_offset_2
XENT,INTERSECT ENT INC,right
XHR,XENIA HOTELS & RESORTS,left_offset_2
XL,XL GROUP PLC,left_offset_2
XLNX,XILINX INC,left_offset_2
XLRN,ACCELERON PHARMA INC,left_offset_2
XNCR,XENCOR INC,left_offset_2
XNPT,XENOPORT INC,left_offset_2
XOM,EXXON MOBIL CORP,left_offset_2
XON,INTREXON CORP,right
XONE,EXONE COMPANY,left_offset_2
XOXO,XO GROUP INC,left_offset_2
XPO,XPO LOGISTICS INC,left_offset_2
XRAY,DENTSPLY SIRONA INC,left_offset_2
XRX,XEROX CORP,left_offset_2
XTLY,XACTLY CORP,left_offset_2
XXIA,IXIA,left_offset_2
XYL,XYLEM INC,left_offset_2
Y,ALLEGHANY CORP,left_offset_2
YCB,YOUR CMNTY BANKSHARES,right
YDKN,YADKIN FINANCIAL CORP,left_offset_2
YELP,YELP INC,left_offset_2
YHOO,YAHOO INC,left_offset_2
YORW,YORK WATER COMPANY,right
YRCW,YRC WORLDWIDE INC,right
YUM,YUM! BRANDS INC,right
Z,ZILLOW GROUP INC CLASS C,right
ZAGG,ZAGG INC,right
ZAYO,ZAYO GROUP HOLDINGS INC,right
ZBH,ZIMMER BIOMET HOLDINGS,right
ZBRA,ZEBRA TECHNOLOGIES CORP,right
ZEN,ZENDESK INC,right
ZEUS,OLYMPIC STEEL INC,left_offset_2
ZFGN,ZAFGEN INC,right
ZG,ZILLOW GROUP INC CLASS A,right
ZGNX,ZOGENIX INC,right
ZION,ZIONS BANCORPORATION,right
ZIOP,ZIOPHARM ONCOLOGY INC,right
ZIXI,ZIX CORP,right
ZLTQ,ZELTIQ AESTHETICS INC,right
ZNGA,ZYNGA INC,right
ZOES,ZOES KITCHEN INC,right
ZTS,ZOETIS INC,right
ZUMZ,ZUMIEZ INC,right
