symbol,company,side,page,row_y
AAWW,ATLAS AIR WORLDWIDE HLDG,left,1,672
ABBC,ABINGTON CMNTY BANCORP,left,1,384
ACLI,AMERICAN COMMERCIAL LINE,left,1,549
ACTG,ACACIA RESEARCH CORP,left,1,399
ACTU,ACTUATE CORP,left,1,426
AEPI,AEP INDUSTRIES INC,left,1,465
AIRM,AIR METHODS CORP,left,1,480
AIXD,ACCESS INTEGRATED TECH,left,1,411
AKN,AKORN INC,left,1,495
ALNY,ALNYLAM PHARMACEUTICALS,left,1,522
ALY,ALLIS CHALMERS ENERGY,left,1,507
AMIE,AMBASSADORS INTL INC,left,1,534
ANAD,ANADIGICS INC,left,1,603
ANDS,ANADYS PHARMACEUTICALS,left,1,615
ANX,ADVENTRX PHARMACEUTICALS,left,1,453
AOB,AMERICAN ORIENTAL BIOENG,left,1,561
AOG,AURORA OIL & GAS CORP,left,1,684
AP,AMPCO-PITTSBURGH CORP,left,1,576
ARD,ARENA RESOURCES INC,left,1,630
ARDI,@ROAD INC,left,1,357
ARTG,ART TECHNOLOGY GROUP INC,left,1,642
ASGN,ON ASSIGNMENT INC,right,2,174
ATNI,ATLANTIC TELE-NETWORK,left,1,657
AUXL,AUXILIUM PHARMACEUTICALS,left,1,699
AVII,AVI BIOPHARMA INC,left,1,726
AVM,ADVANCED MAGNETICS INC,left,1,438
AVNX,AVANEX CORP,left,1,711
AXR,AMREP CORP,left,1,588
BABY,NATUS MEDICAL INC,right,1,699
BAMM,BOOKS-A-MILLION INC,left,2,120
BBSI,BARRETT BUSINESS SERVICE,left,2,66
BCRX,BIOCRYST PHARMACEUTICALS,left,2,93
BDY,BRADLEY PHARMACEUTICALS,left,2,135
BFT,BALLY TOTAL FITNESS HLDG,left,2,54
BKC,BURGER KING HLDGS INC,left,2,147
BKHM,BOOKHAM INC,left,2,108
BWTR,BASIN WTR INC,left,2,81
CACC,CREDIT ACCEP CORP MICH,left,2,570
CACS,CARRIER ACCESS CORP,left,2,216
CAMP,CALAMP CORP,left,2,162
CASS,CASS INFORMATION SYSTEMS,left,2,231
CBAK,CHINA BAK BATTERY INC,left,2,312
CBBO,COLUMBIA BANCORP,left,2,378
CERS,CERUS CORP,left,2,297
CHRD,CHORDIANT SOFTWARE INC,left,2,324
CLAY,CLAYTON HLDGS INC,left,2,351
CLDN,CELADON GROUP INC,left,2,258
CMBC,COMMUNITY BANCORP INC,left,2,420
CMCO,COLUMBUS MCKINNON CORP,left,2,393
CNTY,CENTURY CASINOS INC,left,2,285
CNVR,CONVERA CORP,left,2,489
CODI,COMPASS DIVERSIFIED TR,left,2,435
COGO,COMTECH GROUP INC,left,2,462
CORE,CORE MARK HOLDING CO INC,left,2,501
COSI,COSI INC,left,2,528
CPII,CPI INTERNATIONAL INC,left,2,555
CPST,CAPSTONE TURBINE CORP,left,2,201
CPTS,CONCEPTUS INC,left,2,474
CPX,COMPLETE PRODUCTION SERV,left,2,447
CRN,CORNELL COMPANIES INC,left,2,516
CRXX,COMBINATORX INC,left,2,408
CSFL,CENTERSTATE BKS FLA INC,left,2,270
CSU,CAPITAL SENIOR LIVING,left,2,174
CTGI,CAPITAL TITLE GROUP INC,left,2,189
CTZN,CITIZENS FIRST BANCORP,left,2,339
CVCO,CAVCO INDUSTRIES INC,left,2,243
CXG,CNX GAS CORP,left,2,366
CYTK,CYTOKINETICS INC,left,2,585
DCP,DYNCORP INTL INC,left,2,678
DEPO,DEPOMED INC,left,2,639
DK,DELEK US HLDGS INC,left,2,624
DLLR,DOLLAR FINANCIAL CORP,left,2,651
DR,DARWIN PROF UNDERWRITERS,left,2,597
DVW,COVAD COMMUNICATIONS,left,2,543
DWSN,DAWSON GEOPHYSICAL CO,left,2,612
DXPE,DXP ENTERPRISES INC NEW,left,2,666
EGLT,EAGLE TEST SYS INC,left,2,693
EGY,VAALCO ENERGY INC,right,3,435
EICU,VISICU INC,right,3,489
ELMG,EMS TECHNOLOGIES INC,left,3,54
EMIS,EMISPHERE TECHNOLOGIES,left,2,720
ENG,ENGLOBAL CORP,left,3,66
ESC,EMERITUS CORP,left,2,705
ESCH,ESCHELON TELECOM INC.,left,3,81
EZPW,EZCORP INC,left,3,108
FCGI,FIRST CONSULTING GROUP,left,3,135
FLAG,FLAG FINANCIAL CORP,left,3,162
FLOW,FLOW INTERNATIONAL CORP,left,3,174
FLYR,NAVIGANT INTL INC,right,1,711
FRNS,FIRST AVE NETWORKS INC,left,3,120
FSP,FRANKLIN STREET PPTYS CO,left,3,201
FSTR,FOSTER L B CO,left,3,189
FUR,WINTHROP REALTY TRUST,right,3,570
FVE,FIVE STAR QUALITY CARE,left,3,147
GAIA,GAIAM INC,left,3,216
GETI,GENTEK INC,left,3,243
GGL,GOODMAN GLOBAL INC,left,3,297
GGR,GEOGLOBAL RESOURCES INC,left,3,258
GMXR,GMX RESOURCES INC,left,3,285
GNTA,GENTA INC,left,3,231
GPOR,GULFPORT ENERGY CORP,left,3,312
GRB,GERBER SCIENTIFIC INC,left,3,270
HNAB,HANA BIOSCIENCES INC,left,3,324
HOM,HOME SOLUTIONS AMER INC,left,3,351
HOME,HOME FEDERAL BANCORP,left,3,339
HYTM,HYTHIAM INC,left,3,366
IBCA,INTERVEST BANCSHARES,left,3,528
ICO,INTERNATIONAL COAL GRP,left,3,516
ICON,ICONIX BRAND GROUP INC,left,3,408
ICTG,ICT GROUP INC,left,3,420
IDEV,INDEVUS PHARMACEUTICALS,left,3,462
IDSY,I D SYSTEMS INC,left,3,378
IEDU,INVESTOOLS INC,left,3,543
IESC,INTEGRATED ELECTRICAL SV,left,3,489
IIIN,INSTEEL INDUSTRIES INC,left,3,474
IIP,INTERNAP NETWORK SVCS CO,left,3,501
IMCO,IMPCO TECHNOLOGIES INC,left,3,435
IPCS,IPCS INC,left,3,555
IPSU,IMPERIAL SUGAR CO,left,3,447
IRN,REWARDS NETWORK INC,right,2,528
ITWO,I2 TECHNOLOGIES INC,left,3,393
JSDA,JONES SODA CO,left,3,570
KNDL,KENDLE INTERNATIONAL INC,left,3,585
KNOT,KNOT INC,left,3,597
LACO,LAKES ENTERTAINMENT INC,right,1,372
LCC,U S AIRWAYS GROUP INC,right,3,366
LDSH,LADISH INC,right,1,357
LEAP,LEAP WIRELESS INTL INC,right,1,399
LMS,LAMSON & SESSIONS CO,right,1,384
LNUX,VA SOFTWARE CORP,right,3,420
LORL,LORAL SPACE & COMM,right,1,426
LTBG,LIGHTBRIDGE INC,right,1,411
MA,MASTERCARD INC,right,1,453
MBRX,METABASIS THERAPEUTICS,right,1,549
MCBI,METROCORP BANCSHARES INC,right,1,576
MDCI,MEDICAL ACTION INDS INC,right,1,522
ME,MARINER ENERGY INC,right,1,438
MED,MEDIFAST INC,right,1,534
MEK,METRETEK TECHNOLOGIES,right,1,561
MGPI,MGP INGREDIENTS INC,right,1,588
MIG,MEADOWBROOK INS GROUP,right,1,495
MIR,MIRANT CORP NEW,right,1,630
MLR,MILLER INDUSTRIES INC,right,1,603
MOSY,MOSYS INC,right,1,642
MSPD,MINDSPEED TECHNOLOGIES,right,1,615
MTRX,MATRIX SERVICE CO,right,1,465
MVC,MVC CAPITAL INC,right,1,672
MWA,MUELLER WTR PRODS INC,right,1,657
MXWL,MAXWELL TECHNOLOGIES INC,right,1,480
NEXT,NEXTEST SYS CORP,right,2,66
NSTR,NORTHSTAR NEUROSCIENCE,right,2,81
NTG,NATCO GROUP INC,right,1,684
NVAX,NOVAVAX INC,right,2,93
NWRE,NEOWARE INC,right,1,726
NYM,NYMAGIC INC,right,2,108
NYX,NYSE GROUP INC,right,2,120
OMCL,OMNICELL INC,right,2,147
OMN,OMNOVA SOLUTIONS INC,right,2,162
OPNT,OPNET TECHNOLOGIES INC,right,2,189
OYOG,OYO GEOSPACE CORP,right,2,201
PANC,PANACOS PHARMACEUTICALS,right,2,216
PATR,PATRIOT TRANSPORTATION,right,2,243
PETS,PETMED EXPRESS INC,right,2,324
PGWC,PEGASUS WIRELESS CORP NV,right,2,258
PHII.K,PHI INC,right,2,339
PNRG,PRIMEENERGY CORP,right,2,378
PNSN,PENSON WORLDWIDE INC,right,2,270
POR,PORTLAND GEN ELEC CO,right,2,351
PPHM,PEREGRINE PHARMACEUTICAL,right,2,297
PRFT,PERFICIENT INC,right,2,312
PRKR,PARKERVISION INC,right,2,231
PRVT,PRIVATE MEDIA GROUP INC,right,2,393
PSMT,PRICESMART INC,right,2,366
PSPT,PEOPLESUPPORT INC,right,2,285
PWEI,PW EAGLE INC,right,2,408
QDEL,QUIDEL CORP,right,2,447
QLTY,QUALITY DISTRIBUTION INC,right,2,420
QRCP,QUEST RESOURCE CORP,right,2,435
RADN,RADYNE CORP,right,2,462
RAE,RAE SYSTEMS INC,right,2,474
RAME,RAM ENERGY RESOURCES INC,right,2,489
RMIX,U S CONCRETE INC,right,3,378
RNAI,SIRNA THERAPEUTICS INC,right,2,693
RTK,RENTECH INC,right,2,516
RZ,RASER TECHNOLOGIES INC,right,2,501
SCHK,SCHICK TECHNOLOGIES INC,right,2,597
SFE,SAFEGUARD SCIENTIFICS,right,2,543
SGDE,SPORTSMANS GUIDE INC,right,3,108
SGMO,SANGAMO BIOSCIENCES INC,right,2,555
SHBI,SHORE BANCSHARES INC,right,2,651
SHLO,SHILOH INDUSTRIES INC,right,2,639
SIGM,SIGMA DESIGNS INC,right,2,666
SKP,SCPIE HOLDINGS INC,right,2,612
SLXA,SOLEXA INC,right,3,81
SMDI,SIRENZA MICRODEVICES INC,right,2,678
SMSI,SMITH MICRO SOFTWARE INC,right,3,54
SMTB,SMITHTOWN BANCORP INC,right,3,66
SNTS,SANTARUS INC,right,2,570
SPNC,SPECTRANETICS CORP,right,3,93
STAK,STAKTEK HOLDINGS INC,right,3,120
STAN,STANDARD PARKING CORP,right,3,135
STRL,STERLING CONSTRUCTION CO,right,3,147
STXN,STRATEX NETWORKS INC,right,3,162
SUF,SULPHCO INC,right,3,174
SUNH,SUN HEALTHCARE GROUP INC,right,3,189
SVVSD,SAVVIS INC,right,2,585
SWB,SMITH & WESSON HOLDING,right,2,720
SWW,SITEL CORP,right,2,705
SYGR,SYNAGRO TECHNOLOGIES INC,right,3,201
TAXI,MEDALLION FINANCIAL CORP,right,1,507
TDG,TRANSDIGM GROUP INC,right,3,285
TFSM,24/7 REAL MEDIA INC,left,1,372
THI,TIM HORTONS INC,right,3,270
TMI,TEAM INC,right,3,231
TMTA,TRANSMETA CORP DEL,right,3,312
TMY,TRANSMERIDIAN EXPL INC,right,3,297
TRLG,TRUE RELIGION APPAREL,right,3,339
TRMA,TRICO MARINE SERVICES,right,3,324
TRMP,TRUMP ENTMT RESORTS INC,right,3,351
TSCM,THESTREET COM,right,3,258
TTES,T-3 ENERGY SERVICES INC,right,3,216
TXCO,EXPLORATION CO,left,3,93
TXUI,TEXAS UNITED BANCSHARES,right,3,243
UAUA,UAL CORP,right,3,393
UBFO,UNITED SECURITY BANC,right,3,408
UEPS,NET 1 UEPS TECHNOLOGIES,right,2,54
VG,VONAGE HLDGS CORP,right,3,501
VLG,VALLEY NATIONAL GASES,right,3,447
VLGEA,VILLAGE SUPER MARKET INC,right,3,462
VPHM,VIROPHARMA INC,right,3,474
WARR,WARRIOR ENERGY SVC CORP,right,3,516
WGBC,WILLOW GROVE BANCORP INC,right,3,543
WLB,WESTMORELAND COAL CO,right,3,528
WRS,WINDROSE MEDICAL PPTYS,right,3,555
ZEUS,OLYMPIC STEEL INC,right,2,135
ZIGO,ZYGO CORP,right,3,585
ZZ,SEALY CORP,right,2,624
