year,effective_date,stage,action,source_type,symbol,company,industry,source_url
2025,2025-09-22,final_3q,ipo_additions,quarterly_ipo,CRCL,Circle Internet Group In,,https://www.lseg.com/content/dam/ftse-russell/en_us/documents/other/final-ipo-additions-3-qtr-r3000.pdf
2025,2025-09-22,final_3q,ipo_additions,quarterly_ipo,CAI,Caris Life Sciences,,https://www.lseg.com/content/dam/ftse-russell/en_us/documents/other/final-ipo-additions-3-qtr-r3000.pdf
2025,2025-09-22,final_3q,ipo_additions,quarterly_ipo,NIQ,Global Intelligence,,https://www.lseg.com/content/dam/ftse-russell/en_us/documents/other/final-ipo-additions-3-qtr-r3000.pdf
2025,2025-09-22,final_3q,ipo_additions,quarterly_ipo,MH,McGraw Hill Inc,,https://www.lseg.com/content/dam/ftse-russell/en_us/documents/other/final-ipo-additions-3-qtr-r3000.pdf
2025,2025-09-22,final_3q,ipo_additions,quarterly_ipo,SLDE,Slide Insurance Holdings,,https://www.lseg.com/content/dam/ftse-russell/en_us/documents/other/final-ipo-additions-3-qtr-r3000.pdf
2025,2025-09-22,final_3q,ipo_additions,quarterly_ipo,VOYG,Voyager Technologies,,https://www.lseg.com/content/dam/ftse-russell/en_us/documents/other/final-ipo-additions-3-qtr-r3000.pdf
2025,2025-09-22,final_3q,ipo_additions,quarterly_ipo,JCAP,Jefferson Capital,,https://www.lseg.com/content/dam/ftse-russell/en_us/documents/other/final-ipo-additions-3-qtr-r3000.pdf
2025,2025-09-22,final_3q,ipo_additions,quarterly_ipo,OMDA,Omada Health,,https://www.lseg.com/content/dam/ftse-russell/en_us/documents/other/final-ipo-additions-3-qtr-r3000.pdf
2025,2025-09-22,final_3q,ipo_additions,quarterly_ipo,ASIC,Ategrity Specialty Insur,,https://www.lseg.com/content/dam/ftse-russell/en_us/documents/other/final-ipo-additions-3-qtr-r3000.pdf
2025,2025-09-22,final_3q,ipo_additions,quarterly_ipo,AMBQ,Ambiq Micro,,https://www.lseg.com/content/dam/ftse-russell/en_us/documents/other/final-ipo-additions-3-qtr-r3000.pdf
2025,2025-09-22,final_3q,ipo_additions,quarterly_ipo,AIRO,Group Holdings,,https://www.lseg.com/content/dam/ftse-russell/en_us/documents/other/final-ipo-additions-3-qtr-r3000.pdf
2025,2025-09-22,final_3q,ipo_additions,quarterly_ipo,ABL,Abacus Global (A),,https://www.lseg.com/content/dam/ftse-russell/en_us/documents/other/final-ipo-additions-3-qtr-r3000.pdf
2025,2025-09-22,final_3q,ipo_additions,quarterly_ipo,BZAI,Blaize Holdings,,https://www.lseg.com/content/dam/ftse-russell/en_us/documents/other/final-ipo-additions-3-qtr-r3000.pdf
2025,2025-09-22,final_3q,ipo_additions,quarterly_ipo,CARL,Carlsmed,,https://www.lseg.com/content/dam/ftse-russell/en_us/documents/other/final-ipo-additions-3-qtr-r3000.pdf
2025,2025-09-22,final_3q,ipo_additions,quarterly_ipo,AII,American Integrity Insur,,https://www.lseg.com/content/dam/ftse-russell/en_us/documents/other/final-ipo-additions-3-qtr-r3000.pdf
2025,2025-09-22,final_3q,ipo_additions,quarterly_ipo,SI,Shoulder Innovations,,https://www.lseg.com/content/dam/ftse-russell/en_us/documents/other/final-ipo-additions-3-qtr-r3000.pdf
2025,2025-09-22,final_3q,ipo_additions,quarterly_ipo,FLYX,Flyexclusive,,https://www.lseg.com/content/dam/ftse-russell/en_us/documents/other/final-ipo-additions-3-qtr-r3000.pdf
2025,2025-09-22,final_3q,ipo_additions,quarterly_ipo,CV,CapsoVision,,https://www.lseg.com/content/dam/ftse-russell/en_us/documents/other/final-ipo-additions-3-qtr-r3000.pdf
2025,2025-09-22,final_3q,ipo_additions,quarterly_ipo,AHL,Aspen Insurance Holdings,,https://www.lseg.com/content/dam/ftse-russell/en_us/documents/other/final-ipo-additions-3-qtr-r3000.pdf
2025,2025-09-22,final_3q,ipo_additions,quarterly_ipo,COSO,CoastalSouth Bancshares,,https://www.lseg.com/content/dam/ftse-russell/en_us/documents/other/final-ipo-additions-3-qtr-r3000.pdf
2025,2025-09-22,final_3q,ipo_additions,quarterly_ipo,ARAI,Arrive,,https://www.lseg.com/content/dam/ftse-russell/en_us/documents/other/final-ipo-additions-3-qtr-r3000.pdf
2025,2025-09-22,final_3q,ipo_additions,quarterly_ipo,XCF,Global Please see disclaimer for important legal information. 1 of 2,,https://www.lseg.com/content/dam/ftse-russell/en_us/documents/other/final-ipo-additions-3-qtr-r3000.pdf
