notice_id,symbol,notice_action,raw_line,source_url
2596770,AMCR,add,AMCR - will be added to the Russell 3000 due to an updated nationality of USA,https://research.ftserussell.com/products/index-notices/home/getnotice/?id=2596770
2596770,ASPS,add,ASPS - will be added to the Russell 3000 due to an updated nationality of USA,https://research.ftserussell.com/products/index-notices/home/getnotice/?id=2596770
2596770,GAN,add,GAN - will be added to the Russell 3000 due to an updated nationality of USA,https://research.ftserussell.com/products/index-notices/home/getnotice/?id=2596770
2596791,PTON,add,PTON - will be added to the Russell 3000 due to an updated investability weighting resulting in a passing,https://research.ftserussell.com/products/index-notices/home/getnotice/?id=2596791
2600634,CSSE,add,CSSE - will be added to the Russell 3000 due to passing of Voting Rights,https://research.ftserussell.com/products/index-notices/home/getnotice/?id=2600634
2600634,DMS,add,DMS - will be added to the Russell 3000 due to passing of Voting Rights,https://research.ftserussell.com/products/index-notices/home/getnotice/?id=2600634
2600634,ESGC,add,ESGC - will be added to the Russell 3000 due market cap correction,https://research.ftserussell.com/products/index-notices/home/getnotice/?id=2600634
2600634,FI,add,FI - will be added to the Russell 3000 due to an updated nationality of USA,https://research.ftserussell.com/products/index-notices/home/getnotice/?id=2600634
2600634,PLM,add,PLM - will be added to the Russell 3000 due to an updated nationality of USA,https://research.ftserussell.com/products/index-notices/home/getnotice/?id=2600634
2600634,RVLV,add,RVLV - will be added to the Russell 3000 due to passing of Voting Rights,https://research.ftserussell.com/products/index-notices/home/getnotice/?id=2600634
2600634,UWMC,add,UWMC - will be added to the Russell 3000 due to passing of Voting Rights,https://research.ftserussell.com/products/index-notices/home/getnotice/?id=2600634
2604628,NEGG,cancel_add,NEGG - will no longer be added to the Russell 3000 as it does not satisfy the minimum voting rights,https://research.ftserussell.com/products/index-notices/home/getnotice/?id=2604628
