symbol,company,industry,source_line
AARD,AARDVARK THERAPEUTICS,Health Care,9
ABAT,AMERICAN BATTERY TECHNOL,Basic Materials,20
ABEO,ABEONA THERAPEUTICS INC,Health Care,10
ACNT,ASCENT INDUSTRIES CO,Basic Materials,25
ACR,ACRES COMMERCIAL REALTY,Financials,13
ACRS,ACLARIS THERAPEUTICS,Health Care,11
ACTU,ACTUATE THERAPEUTICS,Health Care,14
ACU,ACME UTD CORP,Health Care,12
AIRJ,AIRJOULE TECHNOLOGIES CO,Industrials,17
ALMU,AELUMA INC,Technology,16
AMLX,AMYLYX PHARMACEUTICALS,Health Care,22
AOUT,AMERICAN OUTDOOR BRANDS,Consumer Discretionary,21
AREN,ARENA GROUP HOLDINGS INC,Technology,24
ATLN,ATLANTIC INTERNATIONAL C,Health Care,26
ATOM,ATOMERA LIMITED,Technology,27
ATUS,ALTICE USA,Telecommunications,19
ATYR,ATYR PHARMA INC,Health Care,28
AU,ANGLOGOLD ASHANTI PLC,Basic Materials,23
BALY,BALLYS CORPORATION,Consumer Discretionary,30
BAM,BROOKFIELD ASSET MANAGEM,Financials,40
BEEP,MOBILE INFRASTRUCTURE CO,Real Estate,157
BETR,BETTER HOME & FINANCE HO,Financials,35
BFIN,BANKFINANCIAL CORP,Financials,31
BFLY,BUTTERFLY NETWORK IN (A),Health Care,41
BKKT,BAKKT HOLDINGS INC (A),Financials,29
BKTI,BK TECHNOLOGIES INC,Telecommunications,37
BNED,BARNES & NOBLE EDUCATION,Consumer Discretionary,32
BNTC,BENITEC BIOPHARMA ADS,Health Care,34
BRBS,BLUE RIDGE BANKSHARES,Financials,38
BSET,BASSETT FURNITURE INDS,Consumer Discretionary,33
BTDR,BITDEER TECHNOLOGIES GRO,Technology,36
BVFL,BV FINANCIAL INC,Financials,42
CBFV,CB FINL SVCS INC,Financials,45
CBNA,CHAIN BRIDGE BANCORP INC,Financials,47
CCRD,CORECARD CORP,Technology,56
CDTX,CIDARA THERAPEUTICS INC,Health Care,49
CFBK,CF BANKSHARES INC,Financials,46
CFFI,C & F FINANCIAL CORP,Financials,43
CHWY,CHEWY,Consumer Discretionary,48
CIA,CITIZENS INC,Financials,51
CLMT,CALUMET,Energy,44
CLOV,CLOVER HEALTH INVEST (A),Health Care,54
CLPT,CLEARPOINT NEURO INC,Health Care,53
CRSP,CRISPR THERAPEUTICS,Health Care,69
CRVS,CORVUS PHARMACEUTICALS,Health Care,57
CSPI,CSP INC,Technology,70
CTEV,CLARITEV CORPORATION (A),Health Care,52
CURI,CURIOSITYSTREAM INC (A),Consumer Discretionary,71
CXDO,CREXENDO,Telecommunications,68
CZWI,CITIZENS CMNTY BANCORP,Financials,50
DCTH,DELCATH SYSTEMS,Health Care,72
DERM,JOURNEY MEDICAL,Health Care,132
DMAC,DIAMEDICA THERAPEUTICS,Health Care,73
DNA,GINKGO BIOWORKS INC (A),Health Care,114
DOUG,DOUGLAS ELLIMAN INC,Real Estate,74
DRUG,BRIGHT MINDS BIOSCIENCES,Health Care,39
EBMT,EAGLE BANCORP MONT INC,Financials,75
EBS,EMERGENT BIOSOLUTIONS,Health Care,81
ECBK,ECB BANCORP INC,Financials,77
EFSI,EAGLE FINANCIALSERVICES,Financials,76
EHTH,EHEALTH INC,Financials,78
ELA,ENVELA,Consumer Discretionary,83
ELDN,ELEDON PHARMACEUTICALS,Health Care,80
ELMD,ELECTROMED INC,Health Care,79
EOSE,EOS ENERGY (A),Industrials,84
EPSN,EPSILON ENERGY LIMITED,Energy,85
ESOA,ENERGY SERVICES OF AMERI,Energy,82
ETON,ETON PHARMACEUTICALS,Health Care,87
EXFY,EXPENSIFY,Technology,88
FBLA,FB BANCORP,Financials,90
FCAP,FIRST CAPITAL INC,Financials,95
FCCO,FIRST CMNTY CORP SC,Financials,96
FEIM,FREQUENCY ELECTRONICS,Industrials,107
FFAI,FARADAY FUTURE INTELLIGE,Consumer Discretionary,89
FINW,FINWISE BANCORP,Financials,94
FLEX,FLEX,Technology,102
FLUT,FLUTTER ENTERTAINMENT,Consumer Discretionary,104
FLYY,SPIRIT AVIATION HOLDINGS,Consumer Discretionary,233
FNWD,FINWARD BANCORP,Financials,93
FOA,FINANCE OF AMERICAS COMP,Financials,92
FRAF,FRANKLIN FINANCIAL SERV,Financials,105
FRD,FRIEDMAN INDS INC,Basic Materials,108
FRHC,FREEDOM HOLDING CORP,Financials,106
FSFG,FIRST SAVINGS FINANCIAL,Financials,98
FSUN,FIRSTSUN CAPITAL BANCORP,Financials,100
FTK,FLOTEK INDUSTRIES INC,Energy,103
FTLF,FITLIFE BRANDS,Consumer Staples,101
FUNC,FIRST UNITED CORP,Financials,99
FXNC,FIRST NATIONAL CORP,Financials,97
GAIA,GAIA INC,Consumer Discretionary,109
GBFH,GBANK FINANCIAL HOLDINGS,Financials,111
GENI,GENIUS SPORTS LTD (A),Consumer Discretionary,112
GEVO,GEVO INC,Energy,113
GOSS,GOSSAMER BIO,Health Care,115
GSM,FERROGLOBE PLC,Basic Materials,91
GTX,GARRETT MOTION INC,Consumer Discretionary,110
HNVR,HANOVER BANCORP INC,Financials,116
HURA,TUHURA BIOSCIENCES,Health Care,263
HWBK,HAWTHORN BANCSHARES INC,Financials,127
IDR,IDAHO STRATEGIC RESOURCE,Basic Materials,128
IKT,INHIBIKASE THERAPEUTICS,Health Care,130
ILLR,TRILLER GROUP,Financials,258
INDV,INDIVIOR,Health Care,129
INSG,INSEEGO CORP,Telecommunications,131
IOT,SAMSARA INC,Technology,217
KGEI,KOLIBRI GLOBAL ENERGY IN,Energy,136
KINS,KINGSTONE COS INC,Financials,135
KMTS,KESTRA MEDICAL TECHNOLOG,Health Care,134
KOPN,KOPIN CORP,Technology,137
KRMD,KORU MEDICAL SYSTEMS INC,Health Care,138
KRMN,KARMAN HOLDINGS,Industrials,133
KULR,KULR TECHNOLOGY GROUP,Technology,139
LAKE,LAKELAND INDUSTRIES INC,Consumer Discretionary,140
LARK,LANDMARK BANCORP INC,Financials,141
LDI,LOANDEPOT,Financials,145
LFT,LUMENT FINANCE TRUST INC,Financials,148
LFVN,LIFEVANTAGE CORP,Consumer Staples,143
LNSR,LENSAR,Health Care,142
LPA,LOGISTIC PROPERTIES OF T,Real Estate,146
LTBR,LIGHTBRIDGE,Industrials,144
LUCD,LUCID DIAGNOSTICS,Health Care,147
MAGN,MAGNERA CORPORATION,Basic Materials,150
MDV,MODIV INDUSTRIAL INC (C),Real Estate,158
MFH,MERCURITY FINTECH HOLDIN,Technology,153
MNPR,MONOPAR THERAPEUTICS,Health Care,159
MNSB,MAINSTREET BANCSHARES,Financials,151
MPAA,MOTORCAR PTS AMERICA INC,Consumer Discretionary,160
MPTI,M TRON INDUSTRIES INC,Industrials,149
MRBK,MERIDIAN CORPORATION,Financials,154
MRX,MAREX GROUP PLC,Financials,152
MVST,MICROVAST HOLDINGS INC,Industrials,155
MYO,MYOMO,Health Care,161
NB,NIOCORP DEVELOPMENTS LTD,Basic Materials,169
NEON,NEONODE INC,Technology,164
NESR,NATIONAL ENERGY SERVICES,Energy,162
NEXN,NEXXEN INTERNATIONAL,Consumer Discretionary,168
NMAX,NEWSMAX INC,Consumer Discretionary,166
NPB,NORTHPOINTE BANCSHARES,Financials,170
NUTX,NUTEX HEALTH,Health Care,171
NVCT,NUVECTIS PHARMA,Health Care,172
NVGS,NAVIGATOR HOLDINGS,Industrials,163
NXXT,NEXTNRG,Consumer Discretionary,167
OKLO,OKLO,Utilities,174
OM,OUTSET MEDICAL,Health Care,191
ONON,ON HOLDING AG,Consumer Discretionary,186
OPAL,OPAL FUELS INC (A),Energy,188
OPBK,OP BANCORP,Financials,187
OPOF,OLD POINT FINL CORP,Financials,175
OPRT,OPORTUN FINANCIAL,Financials,189
ORKA,ORUKA THERAPEUTICS INC,Health Care,190
OVBC,OHIO VY BANC CORP,Financials,173
PDEX,PRO-DEX INC,Health Care,198
PDYN,PALLADYNE AI CORP (A),Industrials,192
PLX,PROTALIX BIO THERA,Health Care,199
PNBK,PATRIOT NATIONAL BANCORP,Financials,194
PSIX,POWER SOLUTIONS INTERNAT,Industrials,197
PSNL,PERSONALIS INC,Health Care,196
PVLA,PALVELLA THERAPEUTICS,Health Care,193
PWOD,PENNS WOODS BANCORP INC,Financials,195
QSR,RESTAURANT BRANDS INTERN,Consumer Discretionary,206
QUBT,QUANTUM COMPUTING,Technology,201
QXO,QXO INC,Industrials,202
RBKB,RHINEBECK BANCORP,Financials,209
RBRK,RUBRIK INC,Technology,214
RCAT,RED CAT HOLDINGS,Consumer Discretionary,204
RCMT,RCM TECHNOLOGIES INC,Health Care,203
RDDT,REDDIT INC,Technology,205
RMBI,RICHMOND MUTUAL BANCORP,Financials,210
RPT,RITHM PROPERTY TRUST INC,Financials,212
RR,RICHTECH ROBOTICS,Industrials,211
RUM,RUMBLE INC (A),Technology,215
RVSB,RIVERVIEW BANCORP INC,Financials,213
RZLT,REZOLUTE,Health Care,207
RZLV,REZOLVE AI,Technology,208
SAIL,SAILPOINT,Technology,216
SATL,SATELLOGIC INC (A),Industrials,219
SBC,SBC MEDICAL GROUP HOLDIN,Health Care,221
SBFG,SB FINL GROUP INC,Financials,220
SERV,SERVE ROBOTICS,Technology,224
SFBC,SOUND FINL BANCORP INC,Financials,232
SIEB,SIEBERT FINANCIAL CORP,Financials,225
SILA,SILA REALTY TRUST,Real Estate,226
SION,SIONNA THERAPEUTICS,Health Care,227
SKIL,SKILLSOFT CORP (A),Industrials,228
SKYX,SKYX PLATFORMS CORP,Industrials,229
SLS,SELLAS LIFE SCIENCES,Health Care,223
SLSN,SOLESENCE,Basic Materials,231
SMA,SMARTSTOP SELF STORAGE R,Real Estate,230
SMC,SUMMIT MIDSTREAM CORP,Energy,248
SNCR,SYNCHRONOSS TECHNOLOGY,Technology,249
SNFCA,SECURITY NATL FINL CORP,Financials,222
SNWV,SANUWAVE HEALTH,Health Care,218
SPWR,COMPLETE SOLARIA,Energy,55
SRBK,SR BANCORP INC,Financials,234
STIM,NEURONETICS INC,Health Care,165
STRT,STRATTEC SEC CORP,Consumer Discretionary,247
TARA,PROTARA THERAPEUTICS INC,Health Care,200
TBRG,TRUBRIDGE INC,Health Care,261
TECX,TECTONIC THERAPEUTIC INC,Health Care,251
TEM,TEMPUS AI,Health Care,252
TIC,ACUREN (NYSE AMERICA),Industrials,15
TIGO,MILLICOM INTERNATIONAL C,Telecommunications,156
TKNO,ALPHA TEKNOVA,Health Care,18
TLN,TALEN ENERGY CORP,Utilities,250
TLSI,TRISALUS LIFE SCIENCES,Health Care,260
TNXP,TONIX PHARMACEUTICALS,Health Care,255
TOI,THE ONCOLOGY INC (A),Health Care,253
TR,TOOTSIE ROLL INDUSTRIES,Consumer Staples,256
TSE,TRINSEO PLC,Industrials,259
TSSI,TSS,Industrials,262
TTAM,TITAN AMERICA SA,Industrials,254
TVRD,TVARDI THERAPEUTICS,Health Care,264
TZOO,TRAVELZOO,Consumer Discretionary,257
UAMY,UNITED STATES ANTIMONY,Basic Materials,267
UBFO,UNITED SECURITY BANC,Financials,266
UNB,UNION BANKSHARES INC,Financials,265
USAU,US GOLD CORP,Basic Materials,268
USGO,US GOLDMINING INC,Basic Materials,269
VIK,VIKING HOLDINGS LTD,Consumer Discretionary,270
VOXR,VOX ROYALTY CORP,Basic Materials,271
VRM,VROOM,Technology,272
VTEX,VTEX,Technology,273
VUZI,VUZIX CORP,Consumer Discretionary,274
WHG,WESTWOOD HOLDINGS GROUP,Financials,276
WNEB,WESTERN NEW ENGLAND,Financials,275
XENE,XENON PHARMACEUTICALS,Health Care,277
ZGN,ERMENEGILDO ZEGNA NV (A),Consumer Discretionary,86
ZVIA,ZEVIA PBC,Consumer Staples,278
