year,effective_date,stage,action,source_type,url,local_pdf,status,rows_extracted
2021,2021-06-28,final,full_membership,secondary_scribd_jsonp,https://www.scribd.com/document/523728361/ru3000-membershiplist-20210628,source_raw\scribd_browser\jsonp_2021,downloaded,3011
2020,2020-06-29,final,full_membership,secondary_scribd_jsonp,https://www.scribd.com/document/523728362/ru3000-membershiplist-20200629,source_raw\scribd_browser\jsonp_2020,downloaded,3011
2019,2019-07-01,final,full_membership,secondary_scribd_decoded,https://www.scribd.com/document/462854682/RU3000-MembershipList-20190701,source_raw\scribd_browser\jsonp_2019,downloaded,2950
2018,2018-06-25,final,full_membership,secondary_scribd_decoded,https://www.scribd.com/document/462854649/ru3000-membershiplist-20180625-0,source_raw\scribd_browser\jsonp_2018,downloaded,2964
2017,2017-06-26,final,full_membership,secondary_scribd_decoded,https://www.scribd.com/document/462854716/ru3000-membershiplist-20170626,source_raw\scribd_browser\jsonp_2017,downloaded,2975
2015,2015-06-26,final,full_membership,secondary_scribd_jsonp,https://www.scribd.com/doc/307006661/Russell-3000-Membership-List,source_raw\scribd_browser\jsonp_2015,downloaded,2940
2014,2014-06-27,final,full_membership,secondary_scribd_browser_russell2000,https://www.scribd.com/doc/265365379/Russell-Membership-2014,source_raw\scribd_browser\russell3000_2014_20140627_scribd_rendered.html,partial,1973
2012,2012-06-25,final,full_membership,secondary_yumpu,https://www.yumpu.com/en/document/view/4286430/russell-3000-index-membership-list-russell-investments,source_raw\yumpu\2012_pages,partial_unvalidated,2207
2010,2010-06-28,final,full_membership,secondary_scribd_browser,https://www.scribd.com/doc/36713399/Russell-3000-Membership-List,source_raw\scribd_browser\russell_3000_membership_2010_rendered.html,downloaded,2995
2006,2006-06-16,preliminary,additions,corporate_ir_pdf,https://media.corporate-ir.net/media_files/irol/65/65508/Russell3000.pdf,source_raw\corporate_ir\russell3000_additions_2006.pdf,downloaded,237
2022,2022-06-24,final,full_membership,secondary_scribd_browser,https://www.scribd.com/document/628061432/ru3000-membershiplist-20220624-0,source_raw\scribd_browser\ru3000_membershiplist_20220624_0_rendered.html,downloaded,3010
2026,2026-06-29,final,additions,annual_reconstitution,https://www.lseg.com/content/dam/ftse-russell/en_us/documents/other/ru3000-additions-20260626.pdf,source_raw\lseg_russell_reconstitution\2026\2026_final_ru3000_additions.pdf,downloaded,224
2026,2026-06-29,final,deletions,annual_reconstitution,https://www.lseg.com/content/dam/ftse-russell/en_us/documents/other/ru3000-deletions-20260626.pdf,source_raw\lseg_russell_reconstitution\2026\2026_final_ru3000_deletions.pdf,downloaded,118
2025,2025-06-30,final,additions,annual_reconstitution,https://www.lseg.com/content/dam/ftse-russell/en_us/documents/other/ru3000-additions-20250627.pdf,source_raw\lseg_russell_reconstitution\2025\2025_final_ru3000_additions.pdf,downloaded,228
2025,2025-06-30,final,deletions,annual_reconstitution,https://www.lseg.com/content/dam/ftse-russell/en_us/documents/other/ru3000-deletions-20250627.pdf,source_raw\lseg_russell_reconstitution\2025\2025_final_ru3000_deletions.pdf,downloaded,151
2024,2024-07-01,final,additions,annual_reconstitution,https://www.lseg.com/content/dam/ftse-russell/en_us/documents/other/ru3000-additions-final-20240628.pdf,source_raw\lseg_russell_reconstitution\2024\2024_final_ru3000_additions.pdf,downloaded,215
2024,2024-07-01,final,deletions,annual_reconstitution,https://www.lseg.com/content/dam/ftse-russell/en_us/documents/other/ru3000-deletions-final-20240628.pdf,source_raw\lseg_russell_reconstitution\2024\2024_final_ru3000_deletions.pdf,downloaded,144
2023,2023-06-26,final,additions,annual_reconstitution,https://www.lseg.com/content/dam/ftse-russell/en_us/documents/other/ru3000-additions-final-20230623.pdf,source_raw\lseg_russell_reconstitution\2023\2023_final_ru3000_additions.pdf,downloaded,281
2023,2023-06-26,final,deletions,annual_reconstitution,https://www.lseg.com/content/dam/ftse-russell/en_us/documents/other/ru3000-deletions-final-20230623.pdf,source_raw\lseg_russell_reconstitution\2023\2023_final_ru3000_deletions.pdf,downloaded,173
2026,2026-03-23,final_1q,ipo_additions,quarterly_ipo,https://www.lseg.com/content/dam/ftse-russell/en_us/documents/other/final-ipo-additions-1-qtr-r3000.pdf,source_raw\lseg_russell_reconstitution\2026\2026_final_1q_ru3000_ipo_additions.pdf,downloaded,11
2025,2025-09-22,final_3q,ipo_additions,quarterly_ipo,https://www.lseg.com/content/dam/ftse-russell/en_us/documents/other/final-ipo-additions-3-qtr-r3000.pdf,source_raw\lseg_russell_reconstitution\2025\2025_final_3q_ru3000_ipo_additions.pdf,downloaded,22
2025,2025-12-22,final_4q,ipo_additions,quarterly_ipo,https://www.lseg.com/content/dam/ftse-russell/en_us/documents/other/final-ipo-additions-4-qtr-r3000.pdf,source_raw\lseg_russell_reconstitution\2025\2025_final_4q_ru3000_ipo_additions.pdf,downloaded,23
